row_id,source_org,title,openalex_id,match_score,matched_title,decision,reason,reviewed_by,reviewed_on
1,トヨタ自動車未来創成センター,Surface vs. Structural Similarity: Aligning Computational Metrics with Human Judgments,https://openalex.org/W7135206505,0.9385,Surface vs. Structural Similarity: Aligning Computational Similarity Metrics with Human Judgments,accept,副題・記法の差のみで同一論文と確認,伊倉涼介,2026-08-17
96,トヨタ自動車未来創成センター,Application of Simulation-Based Methods on Autonomous Vehicle Control with Deep Neural Network,https://openalex.org/W3105419158,0.9171,Application of Simulation-Based Methods on Autonomous Vehicle Control with Deep Neural Network: Work-in-Progress,accept,副題・記法の差のみで同一論文と確認,伊倉涼介,2026-08-17
100,トヨタ自動車未来創成センター,群体数理技術検討会―新しい産学連携の試み,https://openalex.org/W3100322150,0.8696,フォーラム 群体数理技術検討会 : 新しい産学連携の試み,accept,副題・記法の差のみで同一論文と確認,伊倉涼介,2026-08-17
105,トヨタ自動車未来創成センター,Li-ion transport at the interface between a graphite anode and Li2CO3 solid electrolyte interphase: ab initio molecular dynamics study,https://openalex.org/W3012111352,0.9204,Li-ion transport at the interface between a graphite anode and Li <sub>2</sub> CO <sub>3</sub> solid electrolyte interphase: <i>ab initio</i> molecular dynamics study,accept,副題・記法の差のみで同一論文と確認,伊倉涼介,2026-08-17
118,トヨタ自動車未来創成センター,Multiplexed CRISPR-Cas9 genome editing of Rhodosporidium toruloides,https://openalex.org/W2951461412,0.9306,Multiplexed CRISPR-Cas9-Based Genome Editing of <i>Rhodosporidium toruloides</i>,accept,副題・記法の差のみで同一論文と確認,伊倉涼介,2026-08-17
704,AISIN IMRA(米国・imra.com),Power optimization of XUV frequency combs for spectroscopy applications,https://openalex.org/W2091772759,0.9467,Power optimization of XUV frequency combs for spectroscopy applications [Invited],accept,副題・記法の差のみで同一論文と確認,伊倉涼介,2026-08-17
706,AISIN IMRA(米国・imra.com),Self frequency shift near 2 μm in periodically poled Lithium Niobate waveguides,https://openalex.org/W2107119851,0.9398,Self frequency shift near 2 &amp;#x00B5;m in periodically poled lithium niobate waveguides,accept,副題・記法の差のみで同一論文と確認,伊倉涼介,2026-08-17
727,AISIN IMRA(米国・imra.com),"Rapidly scanning, high resolution Yb fiber based comb-Fourier transform spectrometer",https://openalex.org/W2130312484,0.9432,"Rapidly scanning, high resolution Yb fiber based frequency comb-Fourier transform spectrometer",accept,副題・記法の差のみで同一論文と確認,伊倉涼介,2026-08-17
745,AISIN IMRA(米国・imra.com),Terahertz near-field microscopy,https://openalex.org/W1970026623,0.8267,Apertureless terahertz near-field microscopy,reject,掲載誌(Adv. Solid State Phys. vs Semicond. Sci. Technol.)・年・種別が異なる別論文。正しい対応先はOpenAlex未収録（Springer書籍シリーズの章）,伊倉涼介,2026-08-17
841,AISIN IMRA(米国・imra.com),Ultrafast fiber lasers: alternative light sources for industrial material processing,https://openalex.org/W2090834041,0.8737,&lt;title&gt;Ultrafast fiber lasers: alternative light sources for industrial material processing&lt;/title&gt;,accept,副題・記法の差のみで同一論文と確認,伊倉涼介,2026-08-17
