paper_uid,year,n_pairs,n_pairs_with_z,median_z,p10_z
50f826f12bd5,2000,3,3,1231.753613130688,721.4548241687155
5b15247f6f4b,2000,4,4,937.1243728342877,184.42710447420015
5d3193ae4d37,2000,82,82,61.0717736473226,-27.277377783137652
887a6d40e7c3,2000,22,22,204.23520455840924,-25.196429997555278
b1e1391a57e1,2000,94,94,29.933572928552394,-5.268722113270055
bdc4a84b1e1e,2000,13,13,577.9916424617495,50.86014817309919
1f0abf73662a,2001,23,23,87.62377396684155,-45.728961593502454
1f69ed8351f9,2001,13,13,624.7770615085309,24.00798660005354
531b7496f032,2001,17,17,192.64578719403858,24.045524956128382
e7105e8bf2cc,2001,30,30,214.08885784100957,54.02414012562224
ebb2cae0ca8c,2001,5,5,507.5686661771932,312.3635285020846
fb134c4bc485,2001,143,125,24.711117827048923,-1.4996707715293247
64a24b69ace0,2002,11,11,225.81413162064717,0.19180536399919187
ae0ef0b96600,2003,48,48,34.36572478826478,-16.877634131215256
46de8cd4a6be,2004,4,4,944.4529391801126,573.5665238532039
9d7e9c821311,2004,23,23,256.8259837013343,77.25064391814428
a9965af309ce,2004,23,23,251.55569614179734,-22.551129557538133
b880ccda364f,2004,31,31,88.56558978450248,-13.903690769947735
be27986bcef2,2004,81,81,41.39080459770115,-13.903690769947735
c471018605a3,2004,16,14,129.2201702880316,10.333333333333332
e9ac119e8dae,2004,96,96,183.99130908880898,23.574065187852963
06e902a79421,2005,30,30,272.68816441943227,97.04535022349089
0a90cfe47e38,2005,24,24,192.15971797849124,-0.9017881916276521
17e701b729d3,2005,263,263,119.9100266618037,4.3455653557285805
3d700028390d,2005,242,242,146.54138270224166,0.42962171656353054
565a9b51b57d,2005,57,57,11.400684617868242,-23.32043845832363
7115b529d2e8,2005,7,7,582.0552754282812,217.5102317235145
7d426362713f,2005,30,30,293.03985723450734,93.62782982902439
8a7d15106cd7,2005,142,142,94.05546924083507,-6.899836744020677
9cd8815aa40f,2005,174,174,6.779243522961741,-11.985287699077123
aff3f68d4c82,2005,1,1,1420.0310947043943,1420.0310947043943
1d0ed5210dcd,2006,31,31,352.6742771800683,58.469732492260555
39dcba207806,2006,26,26,669.931950443629,68.62207705088015
4b5fbbf57346,2006,110,110,74.00465184374781,-1.650164018705911
6ac6c722b8f0,2006,25,25,311.61474000418025,74.14401478759565
6bb04cc720e9,2006,17,16,34.628961460948105,2.091239591879125
7092e633df0d,2006,81,81,92.51168447664263,9.916094298062376
9bcb2adab51f,2006,23,23,135.22020380385584,-29.151557364477377
a00c47d2a0a7,2006,612,612,77.52377996285756,1.482188332873781
b2782d95e10c,2006,236,236,53.66872174826629,-22.662498145907602
bd67deff48c0,2006,5,5,1544.6064505413285,201.70976456244483
d93bb332a08f,2006,31,31,595.6196120194686,80.23963036307117
e22edc08944b,2006,30,30,303.97477167937393,68.09374316437192
eda00a147ef4,2006,49,49,439.9376171443945,90.045666358902
06a94e525622,2007,6,6,1237.3601777324145,796.9756794148489
0a4c5e96d285,2007,112,105,72.94118635357302,0.66775291716731
0c5047e5b1d5,2007,72,72,178.04847150596385,24.419079989476316
1d3310e699ac,2007,69,69,165.24375494300247,7.854225788195284
4ecb63be2ce0,2007,68,68,91.38352070796628,-2.043046842223416
542cb02422fd,2007,69,69,126.1871521978093,-11.731633934355257
96263eebccf9,2007,13,13,836.460823083608,366.7440831520543
adce50423e8a,2007,7,7,747.1544201184633,78.29737977635672
bb9d728e9ad2,2007,68,65,98.32537711938362,0.42221821343064553
c257d70b8717,2007,18,18,163.51141377717573,16.75385201502416
c786b0df039f,2007,69,69,124.09687484239689,1.7432568904303054
d390bf8bc04b,2007,38,38,182.32880332026912,76.1852336313977
ea44d855708f,2007,6,6,611.7714982348917,65.70121675210777
f97079941223,2007,85,85,213.04792040016915,-0.628502344918767
0cb5ea330cbb,2008,261,258,13.62411359075946,-26.785401526649572
20ae4348c56e,2008,12,12,809.9760958763981,278.35205954063036
36a623b61079,2008,283,261,25.122085973136045,-8.284913724282083
73651e78d378,2008,38,38,282.4982075487724,-12.23161221765061
7c48b8f9cb13,2008,30,30,18.99610043110713,-4.505714949876235
a69178a343f9,2008,70,70,86.82409754436732,0.41253381142179596
b43f432fe548,2008,111,111,67.37507987636938,-9.416238748582172
d2ba4d05d1a8,2008,49,49,126.77027084723227,16.070687593516627
0d18f50d9e8f,2009,13,13,497.16241265509444,190.83342690924553
1fa415734e17,2009,32,32,526.3763416916009,137.6998550494328
291f9a7a64b1,2009,681,594,25.541522190590218,-11.97801349154519
2fdccb60f1e4,2009,41,41,235.18095771751626,-41.145532901808934
3ff1a2b6712e,2009,17,17,242.9096496639473,74.2072915182305
8a2fdf6bfb57,2009,17,17,392.48374915788304,95.99940179667442
8ccdd3e64603,2009,59,56,147.8801133940982,-0.9981929806248828
aa8326c76602,2009,19,19,714.4851019955889,104.58077911915969
b43c242d618e,2009,12,12,831.7865383731839,622.7646795401181
b4fe1f56acd7,2009,81,81,148.69588093583715,31.356044666822005
6b50834cd8e3,2010,46,46,110.54244632510013,-14.470090756336727
70618903a605,2010,18,18,524.9125013411044,80.68307599756723
eb6b3ca63f6c,2010,360,360,4.301000531632775,-14.251755372826358
070b47e118ec,2011,161,161,142.166693136764,3.253480324977542
3974910d85ed,2011,68,68,240.90398359778595,25.251318150135408
399c62c60b72,2011,260,257,222.8714854385923,4.365514387541182
3a657746996c,2011,309,309,92.08455914972548,-27.91688631506927
5503e4f7dfb2,2011,234,232,52.79031561138263,-2.033324038330345
5be9396c98ab,2011,285,283,218.48533789652367,8.034652898790435
5d12aa09c7f9,2011,96,96,92.71044780398316,-0.5735447692221003
721d06c6711b,2011,110,110,155.4621617691864,2.3812085498388984
8a2242a7cabb,2011,176,176,291.8146786761026,21.040096873699078
8e123337385d,2011,197,197,144.1813133319473,-1.1793070852502814
a8cacb8a650c,2011,195,195,345.68837814910484,21.01201161787162
b024e6ffda17,2011,359,357,92.08455914972548,-2.590383151033675
d43dd3c043cd,2011,158,151,39.22222222222222,0.524461766334241
e49d832d6174,2011,238,238,66.25639649016506,-13.084734495578864
f07d611839ce,2011,71,71,143.94751168740794,2.6549539521063035
4501228b76d0,2012,177,177,34.76337693190839,-21.4690608789313
4a3c6cd0a3b2,2012,194,190,60.34684132384386,-2.320624492515187
55875b781991,2012,24,24,207.748064941746,-9.108910435156792
6c9c3b0305e0,2012,444,444,100.1227724058183,-13.417288846447898
7d47f7f65c0b,2012,69,69,112.41924521968822,-0.5103907130471685
a607b9af8630,2012,255,255,-1.4798801467918874,-32.623055087427886
b68c11ed7d50,2012,113,113,225.86278821479638,0.19724132375318876
3b23bbdfa0b5,2013,422,422,345.71537853847883,25.454798193177854
3be7c4e77b95,2013,243,243,225.63298173713284,28.59311749702485
46954cfa4a96,2014,681,672,15.5342328688727,-7.930155420865229
f093823fb012,2014,234,233,2.7394277296023497,-39.468207979872524
025329be2f96,2015,39,39,201.34345877196716,13.578120593834559
12694fc1f57c,2015,18,18,167.969142478991,8.099815202942896
42bfe10e2f8e,2015,83,83,185.90503431365275,-5.035570883040586
4e1bc421b023,2016,143,143,171.5603992523856,1.4006586514513262
6d14350cd432,2016,159,159,55.5216019091691,-32.740443244289004
81b853e4c154,2016,260,259,22.588235294117645,-13.121959962051863
853b21f8f5a3,2016,110,110,94.45415099197557,5.027350290748731
86077d096a6b,2016,73,73,61.596052043811845,-16.45129416316883
a8042ac2cc4c,2016,444,444,97.17057114651578,-23.957197029832244
d22f851a67ba,2016,48,48,700.6700820699734,49.66096855795573
e165cf6e3e93,2016,329,329,193.66143022506395,0.7469077801058314
1bcaa3c25be8,2017,68,68,23.633841308814915,-53.16052939399719
236e80a16dd5,2017,41,41,568.1972786812398,84.86176627220614
330c974be7cd,2017,59,59,454.9248409297316,28.066363490476196
82de53fe58e5,2017,217,217,85.31569282295295,1.3218585673729626
bbd5871c0e12,2017,139,118,9.174694645697095,1.1852863099401851
edb94f886caa,2017,183,183,364.2068237752669,30.65438040641848
00daac7f1163,2018,95,95,100.51976140933266,-52.21785658577352
0149cb4ccfc4,2018,69,69,0.9583148474999099,-12.34649085864011
0d830264daab,2018,534,528,12.457260189667725,-16.624909714235894
0e54be0b9a1d,2018,502,493,69.5585088732129,-8.868350331743578
16c675fefb5b,2018,6714,6710,34.6311176038805,-2.864580912375841
172f74f3d172,2018,39,39,11.777038258279807,-10.270323416267532
1edf950142dc,2018,38,37,36.90078071923433,4.401668750491494
22c563fee328,2018,95,94,24.499334288637897,1.1248245742410283
27d68fbe666c,2018,124,124,146.70246472941176,3.737120236797581
27d7e2b65c8d,2018,310,293,32.87248130649861,-0.1807773905088247
295dd1f33ebb,2018,214,214,8.789311903614452,-17.663147185132267
2cfb4180b387,2018,112,112,140.30274228772072,-0.3115746355080798
3c78286b82cc,2018,157,141,8.801310916692774,-5.690231007918396
409fe09dac16,2018,159,159,109.62368423665227,-34.44807182802565
461bd60b5c38,2018,16,16,33.431162283389256,5.692472121485791
5b11303e20ac,2018,124,124,49.58008828074634,-3.8002759418057175
5c321ecf5f6b,2018,573,573,46.9271936116998,-17.653492792192804
5dafa7d353d8,2018,46,46,0.6366005422165214,-7.112195776378015
620cfcc9aab5,2018,144,144,155.8767734414595,17.52171669802199
64cc82e127a3,2018,145,145,295.92275682361196,29.867460976014957
66640bfaa5c2,2018,111,111,176.7624117889267,12.290933152052846
6e8e782da858,2018,337,337,243.48306745332155,4.378326489553656
7498f7eaab3f,2018,1,1,16.376414320945877,16.376414320945877
797169e09f2b,2018,197,197,170.91396209394452,-39.510208700152475
7ec6007a8aff,2018,178,175,55.0,-1.4336704984536492
a1ab3f636a10,2018,36,33,36.44238766941072,-2.5047859055761705
a2a7d8abd373,2018,573,573,229.04227948153078,22.70449425300195
b569a0b0b052,2018,106,105,16.229032807836322,-11.46801920158302
b93796e1efb7,2018,158,150,76.77651170522805,5.291646919449858
d322f98677a3,2018,577,577,218.7536266527672,-18.160710176785937
dd7bb73849f9,2018,69,69,22.563172921379657,-15.145430341635342
df50988911f4,2018,40,39,41.556602598289906,-7.76601599045159
e17bcf32ce5e,2018,98,98,151.60426865691096,-0.9264851161130832
e2f184676ee7,2018,68,68,288.9770151263233,-4.696257013446218
ea1a7d98c912,2018,177,177,271.9015281588182,7.4340812647493655
eecedac52fc4,2018,71,71,288.2119799019799,48.469739063764415
f50c46f2229e,2018,411,411,1.1983701992058209,-38.18599723192182
fc21db55464c,2018,87,87,273.1248933922795,10.119183486709757
fc84ee0d99af,2018,56,55,2.0691823084742187,-43.99226434672366
07706fdeeba6,2019,122,122,159.20943165997028,4.156311221425349
082c4c8c3162,2019,1008,1008,102.8351026270283,-0.8321054217506139
177ea6b960cc,2019,193,193,150.04722363222874,-5.817475510934087
1891031071b0,2019,420,420,394.0710465437726,57.10062470220959
1f5dbacce0f0,2019,83,83,37.8691704962503,-27.01541015641671
2072206cf1cb,2019,238,238,176.92540029936413,-4.912585553953249
20bac751660f,2019,258,258,106.33044387951875,-0.9604284661052116
23e2740de448,2019,196,184,10.283187116882363,-0.44248215259187923
24d8666c37ef,2019,61,61,695.3852966943826,87.94183485398686
28772b2ede0a,2019,124,123,20.601043300634725,-6.555134137878665
2c3d42bcf54c,2019,79,72,0.9822311897700522,-28.05309438722897
304d77bab749,2019,1194,1183,35.38167244631095,-6.637014951590195
3425e5e11a32,2019,110,110,34.365165286722686,-26.60938506151275
3a72fab5f46c,2019,281,281,134.3539648108478,4.3613285178576
3c0408528e38,2019,155,155,3.1010212543164957,-29.276357380827108
4be4d8d9a2e3,2019,238,238,1.9890690189747875,-31.13892041856973
4bf9bc666b75,2019,412,399,54.81882560697132,-6.556413536884631
4c238eac194e,2019,216,216,127.60368101555065,-6.284075212950592
4d302e3f916b,2019,510,510,28.927815814519338,-10.67620400839917
4d81d895acf6,2019,213,213,27.78554075811992,-26.500341690715622
55380b96f4d2,2019,126,126,77.6059159236236,-0.8453329138365115
58b63b16623f,2019,111,111,233.8717103899576,35.20319796772379
5ea500536453,2019,263,263,83.9671210715176,-13.678477827671887
62bebd280b1b,2019,260,260,88.70672656165678,-19.117685906460977
648a01917ce3,2019,304,304,19.354926765546153,-20.702992779195608
64fbec506d1c,2019,177,177,86.95448905693692,-3.0659040932953987
691b574f30ae,2019,838,838,74.00438068396741,-0.6919196662805706
69ad9829dc95,2019,30,30,4.739123603820145,-57.33951120524882
6bc07324fa56,2019,146,146,286.70897132572156,36.11927812051724
74d1d9aa4eb7,2019,359,359,2.9911216141505017,-45.73251660339295
819730a30c79,2019,331,331,34.10503224117498,-17.20810058863923
8528eb8cdf26,2019,94,92,17.803396113134305,-0.48567587909443743
8532fbe50387,2019,238,238,11.995214505489614,-15.535883654885668
87932aedc212,2019,644,644,104.15264165170097,-6.588254390906674
8afae8fb5634,2019,9,9,280.0156273367525,20.891629277408523
8b18c26f5781,2019,74,72,145.88641555464508,8.659310765970044
8dbb4da58f57,2019,362,362,257.84351722438043,11.241302608847377
907a94c73649,2019,262,262,539.8896476026969,24.07316795330766
91362cf0491b,2019,637,636,20.502134343114214,-36.47249185852896
94f03262b23f,2019,17,16,510.72393619672835,3.846674398791821
9920fa812ab7,2019,258,254,22.9467821465729,0.10688596045199178
9d17add0c18a,2019,11,11,1313.7803213846332,91.37135612097731
9defcdf411af,2019,329,296,7.059576403425309,-1.5677649880038858
aabc78be0164,2019,180,180,-3.320558261184531,-46.28684732014949
b0cc27e28ca4,2019,83,83,71.33602661902434,-30.568031957353778
b867068a797e,2019,194,194,36.669392100858815,-17.942019032790174
b8c4e453c17b,2019,60,60,22.818914056723123,-40.54699158683886
b8db44443d66,2019,128,128,255.8598036757764,0.6468006585800425
bf633aca41b0,2019,308,308,13.927038431526924,-12.988757038737374
c2a9ceb6c91e,2019,713,713,193.02588601973082,1.1906456627329656
c409bfe590bc,2019,7,7,180.02435055331586,19.354673434644898
d325ef8f3824,2019,123,123,21.54359102233814,-3.800034207805306
d91a49dff2bf,2019,16,16,63.18358513814435,-9.374407816870807
e060b98a7df3,2019,159,149,9.666666666666664,-18.609082523091523
e1cb6802c070,2019,123,123,-3.644287975650808,-76.21508431941227
e1db59ff2223,2019,31,31,111.2847947734277,1.5827680307534828
e2975bb03fa9,2019,180,180,128.68148825352318,5.3260580799473685
e60ed3dfaed8,2019,956,956,110.27955718899982,-18.601625695726035
ed3d3fcd7d15,2019,238,238,50.79868605894616,-20.13749938480783
efbd8be53d77,2019,414,414,97.91885617382243,-13.85177783041445
f23efac3ac9c,2019,179,179,485.8676418723978,4.479464339020597
f4cf8a1751a1,2019,142,142,290.14173928243434,-11.31087345029236
f6526e5a6118,2019,832,832,78.56708606233346,-1.0681912788384116
f8e7fa4fef81,2019,237,237,13.514492570346926,-16.147652565623478
f9574c4ea78c,2019,357,352,7.127664350367747,-32.95415899138524
fa69d608af2b,2019,23,23,363.3674462821021,9.762463402899392
faf402990b3c,2019,330,330,54.68689398284568,-12.664384192528145
fe74947aa34c,2019,258,255,6.333333333333332,-13.8802296499543
0506b29523e0,2020,1096,1095,77.41809970647796,-7.061376708232073
055660bec4db,2020,177,176,54.13585111566047,-23.133353710399277
0a4f67d7efa2,2020,332,332,10.922304075171393,-50.905455208912805
1132359b512f,2020,340,340,357.7687655880326,38.272131631445674
1207ea357f89,2020,39,39,251.0763698502903,9.190689025290325
144b89d5eaf0,2020,71,71,480.00001596215964,28.887538227839094
15b165947742,2020,283,283,478.6667657420412,58.9651021820406
189f5c2c8316,2020,110,109,1.3416407864998738,-10.474914822091318
1ae39310f94e,2020,215,215,110.86751731319741,-16.06466564686058
1d43bf8758de,2020,141,141,218.4801756589446,3.064338984251681
2322e40dc6bc,2020,15,14,-0.26440158359241483,-9.641553021024652
27c195fa72d9,2020,217,217,321.6898185830298,12.478005423525145
2b3bda66c720,2020,194,194,61.4050158290151,1.7703663329733135
3624008ea75c,2020,70,70,211.33640252249148,31.65416991715097
40c3900e414c,2020,613,613,174.26246857579392,1.1348587269514467
4315f6ee6cc0,2020,39,36,19.75751436305579,-7.556008922874417
4cd5da3f8b8e,2020,12,12,79.25146884523119,3.8855705574291823
506a1080ada9,2020,258,257,28.171363813895784,-27.939680875847266
595e09614da9,2020,109,109,99.37159883478485,-8.906010787538213
59cf6843c915,2020,155,155,103.09489419444934,-16.52671110342398
5a21732a5b83,2020,51,51,82.26814461896912,0.0
5bb3bccedf53,2020,714,714,179.02401610396845,10.443513231254563
5e8c0cf41e6b,2020,536,536,228.88038218904518,34.04792643722701
6008737b26b3,2020,106,106,14.369728557384537,-11.766425336042854
61ddd223a0b4,2020,141,141,301.82192866658266,4.092908184781967
62a89ae4a68d,2020,4689,4665,14.718699602685705,-16.725088219429523
654c8be729a9,2020,174,165,-1.3142574813455417,-52.21183678608251
67639a157887,2020,107,107,29.31578947368421,-23.605291672863032
68eb53081212,2020,23,22,48.43591577071911,7.229423668774431
6f916e51d266,2020,112,112,247.36302756388784,-40.98170093838495
70199f67b6cd,2020,412,412,14.213783519372694,-19.717788285335168
70e545fca1e3,2020,332,332,301.7855571857591,9.06802720793091
71c35125510f,2020,108,108,383.00791814288556,107.40241701521936
7331f3e8995a,2020,212,211,5.958519764475163,-9.798771622798471
739cc3e7a4c4,2020,82,82,316.0328803530596,36.13131717591744
76ef1c151dbc,2020,218,216,5.743696671298812,-16.872658040941065
842346c1157b,2020,236,236,24.680225366605537,-1.6742843224622894
8745baba9eb7,2020,443,443,326.7876151895068,16.7507586952927
8766c1c7499a,2020,47,44,240.17072032302661,9.51661638902951
91915a5261d7,2020,241,241,383.86684415161284,-18.984299768088082
924f917944e7,2020,237,237,310.27273161739856,33.00944683019805
9378c80aa06e,2020,124,97,38.66479270097553,0.056508877447869005
948ef8d751d5,2020,111,111,118.26457155358099,-21.2727484201207
951a88b7dad8,2020,569,569,3.0,-22.333106529619275
97acc8adcdff,2020,219,219,303.65373654810975,-9.542043375692861
a32287fa690e,2020,160,160,372.3911028092192,44.754706930659474
a3a98f9f1c8f,2020,333,330,8.598294932465816,-28.00122867800621
a564ffe029cb,2020,412,412,42.9598331323857,-18.139146292665192
a598563f6426,2020,177,177,20.87683178222112,-5.955107844278947
b2a807d42b60,2020,85,85,476.38210211106724,-8.721161953702905
b3f4bf80e66b,2020,261,261,363.5943112219043,27.55874632341844
b974472df54a,2020,59,59,260.2176709508704,3.908084806117151
bc536ccccd39,2020,194,192,2.710960485511691,-38.927919751015935
c5373839c4d0,2020,287,284,44.39177524953855,-9.9770475100001
d00b67385d55,2020,390,390,374.69768257069666,30.908982259979837
d1611c0113d3,2020,258,258,10.987678118455527,-47.616179313466674
d302e98b589f,2020,472,471,0.6201736729460422,-39.002332478015475
d3fad117f121,2020,128,128,609.0074783701834,141.32344544295117
d492ca90aab5,2020,37,32,96.059193094783,17.355882352941176
d59ef6856782,2020,240,240,92.1274173391664,-34.308698587895
d608d5ab506d,2020,570,567,36.878909645924175,-1.9211240597456736
d97d2f5454d9,2020,826,825,6.964377714502258,-10.025139636322683
d9e378213490,2020,443,443,90.81655816248066,-22.169428523107005
e412e60bed4c,2020,441,441,77.35758915169461,-15.403218605444847
e520c37a5e2c,2020,58,58,218.95128745159255,22.814922092169482
e5ccfdc37bf7,2020,238,238,83.58843046598278,-18.332409129046084
e8d00ca7dc08,2020,233,213,8.306623862918077,-6.481717787810758
eb2ae282030f,2020,37,37,55.81318399544932,5.328637593780588
ebbae55688d7,2020,919,919,106.12727125799091,-1.97143721918318
ec00b36d914f,2020,84,84,182.7155770415775,1.3559149724902821
f3e11bf7d10e,2020,261,256,31.97566251365168,-9.443293769027338
fd6f17d55ed0,2020,416,416,276.83042686779106,-2.8002258827747606
fdcffd044b77,2020,329,317,4.538461538461538,-46.10558342170728
026001f353bd,2021,639,639,212.71149507210094,-5.837839609722155
0bfb72a23530,2021,2099,2099,35.366033174799355,-25.622162451444424
0cd754b72582,2021,505,505,317.3227862540704,37.54058336232369
13b111cc27fa,2021,572,566,1.9999999999999996,-32.59983192432429
140342bb6f20,2021,387,387,57.22292016613172,-5.5188279105672455
1925ac4fe1eb,2021,126,126,800.0312909309882,290.767003116392
194945adb4d3,2021,178,178,227.2291784995557,0.600492875413383
1a579881105c,2021,180,179,71.70648478994661,-15.615784002427517
2468c6cb6d58,2021,31,31,900.8727315609792,2.23606797749979
2676674cf3fa,2021,640,640,103.40184285528996,-11.979723685713921
2c5a4b7fddcc,2021,180,180,132.67263349648977,-20.88210366965587
2e3443dcdd7b,2021,92,92,8.073954330378662,-16.923252613936505
333dd0a7d26d,2021,412,412,8.832720523095226,-33.99635377305205
35324f645852,2021,476,469,59.920924904237836,-9.6562349185603
409870da2c10,2021,123,123,7.159949028312946,-7.406072035465072
438325c7829e,2021,11,11,114.24799443136543,0.08406627034183942
582ffd86f677,2021,501,491,1.9999999999999998,-44.186473327525626
58efc627e18e,2021,644,644,87.273077239044,-12.973321174084283
5b5d15d42d8b,2021,444,444,165.70115089042866,-10.954006383841863
6044a8508221,2021,357,356,132.91184976871818,-16.685588724805786
6b3c5fd5ef28,2021,197,197,207.1892626147613,-3.99643836555152
70ce2b43703e,2021,125,125,47.69413652668206,-5.539581599854717
74417f7270c2,2021,531,531,16.208718289136648,-31.66026360793294
768082aac403,2021,94,90,6.493194807789811,-10.16661375854262
7e70f9aa21b2,2021,124,124,222.06979780012978,31.168664085509615
8b4556132a74,2021,650,650,320.71306762697884,24.35465627514989
8d0baa6811a4,2021,504,504,11.519231529110828,-42.33574788598441
8e431102a190,2021,235,235,96.55840883004169,5.040784256330427
8fdeb70de0e5,2021,505,505,161.76160442659645,-12.519099768532305
91abded8809b,2021,175,175,117.07593577821378,14.734301685296348
99212c83a3d7,2021,126,126,499.04170019379,68.52103151183755
9a26fdb832dd,2021,98,98,172.41780202965143,-17.71986806349229
a4f1361ca8da,2021,157,157,366.97682999706393,33.70510120543006
a50a9d26ea49,2021,176,172,14.958327203059827,-5.2315798769388655
a5678f00dcfb,2021,140,140,206.43953079802168,13.049810775916548
a6302d08bc70,2021,236,236,154.76081849934377,1.0016059730987286
aab54922c525,2021,23,23,152.49983606548565,-0.3888424806503993
aae8e51eeeb8,2021,39,39,30.480387424632678,-20.690881094119842
ab48e902e881,2021,161,161,221.43199190884903,31.128791715519224
b64d72588d55,2021,304,302,22.844196331353483,-1.7793994383912817
b6c429dd1a94,2021,174,174,127.36550743194297,-11.024331255605226
bba9a9c60e94,2021,281,281,42.175136748035406,-18.68871820681426
bcff240f9eed,2021,417,417,173.55596562494668,-12.87219853932863
c1b40c48d343,2021,199,199,446.98079670654295,44.65185423262647
cefee6d1f84d,2021,216,216,113.27838557786504,4.952485390747711
d7e466fe9b68,2021,384,384,21.44109016054688,-11.045793767810554
db19d8fe035f,2021,216,216,94.94960431098075,-24.164980718861187
db1c5b1d0988,2021,62,62,815.8077427342312,132.04499663239062
e053f4e24d79,2021,83,83,26.99338543315486,-1.7707303697559775
eb1807302f31,2021,541,541,242.77500608552822,-1.355342309125339
eb1d1e40510a,2021,333,333,12.999999999999998,-55.727976811063
ecd3e5253c09,2021,355,349,1.0834726777719228,-22.008069706699338
ed377f142b71,2021,305,305,400.3686543463505,6.332398756859982
f0fb901e4d31,2021,123,121,9.141401281603622,-16.41626846024451
f4965e1283d7,2021,362,362,63.81482689408443,-14.886177667895911
f98c15486acf,2021,111,111,764.531596714545,119.36309962403203
fb60971e4891,2021,1335,1333,18.180283199759195,-5.789650452800103
fb7ca8fb5298,2021,753,753,91.67191737733908,-6.40775917872419
fc7a8f94e639,2021,174,169,14.957635287427117,-5.562020338981683
fdd8a9a5bf43,2021,1096,1062,2.9999999999999996,-19.942742747116704
fe42adf66fde,2021,506,506,1.4865267956948243,-41.07425069045192
01e1e998335f,2022,39,37,37.68383510965184,1.031128903000315
107e1cb7d44d,2022,218,218,165.22612982337364,-20.588642454290188
18d086e044b5,2022,217,217,526.4409985933847,43.95031966158623
286de4654671,2022,194,186,1.0883445054960825,-29.001876468541823
34968a6178b0,2022,125,125,518.6657228262018,85.99640604829169
3681a81ae703,2022,716,716,148.56564744037263,0.7094754447356362
369182d11651,2022,216,216,208.17355720782797,8.201611474054731
5abede2611b7,2022,258,252,40.03125,-7.063869112846268
5b588890d274,2022,306,304,29.484625628895376,-29.727487376190034
5f8f0b88d1fd,2022,501,501,67.10330519930976,-33.99211535401677
6888cae6908f,2022,261,261,171.66416052904648,-6.185953008780408
781c6f821e73,2022,476,474,91.69525113179107,-5.247039026242209
782fef87cdf1,2022,1188,1188,26.29139075913134,-28.49670337852723
81fea8954ac5,2022,335,335,187.66378172654444,2.6704335934614334
830446678bba,2022,675,659,9.751254099947305,-30.92477931683046
834eb990d026,2022,216,210,158.96977225087932,9.291337221757754
8e1cca9218d0,2022,415,413,21.719655511710325,-20.786756623851094
9b37f0f8cf85,2022,96,96,115.66673886772095,-19.20672770095821
9e2145e4bb1b,2022,570,570,418.9755048887366,49.62602967512681
9f023d213053,2022,786,786,35.54733932537329,-25.927886091017335
aa8666a45b6a,2022,331,331,105.159509202454,-10.691000900150142
adc8ac843935,2022,389,389,483.4343278327637,35.864382138414875
b482e43eb89f,2022,358,358,71.61699441738695,-32.3823174778178
bd5ec03bcf0b,2022,3,3,19.666666666666664,7.666666666666666
c0a5f14be1a4,2022,194,194,10.622299727398726,-29.29753147099224
c3c8ba653e72,2022,33,33,311.5361695207378,46.94112515182738
c62d92671467,2022,213,189,2.9999999999999996,-7.6227500836659665
ccfc3ebd75d1,2022,215,215,53.483935117316534,-34.6511027536862
d4f0d6c91116,2022,71,71,43.65189348559864,-1.643989873053573
da52c0e0b2a1,2022,415,415,59.379731445976624,-7.44243938614173
e6c714afd89b,2022,601,596,4.8434803003413425,-30.66719699870221
e768b5a29265,2022,215,215,39.79374669349334,-12.400646347807067
e7dd86304107,2022,476,476,225.07934751897903,21.85199913800178
e8e2ae16d950,2022,264,264,194.94283734263692,-22.51277723849445
099f28065ed7,2023,414,407,17.59527383434489,-12.9474107872635
12a9a39144c1,2023,8,8,596.184602901252,7.9246126468261675
18f2851796a0,2023,605,605,284.00638454606,11.362743791500368
1bdf12171b37,2023,330,330,90.93580459755063,-18.606010805338588
1d454f14594b,2023,234,232,56.27749635970201,-16.498504164750358
2389d6e7b9fe,2023,22,22,164.68918785191966,25.00963172592977
25fd989cb588,2023,718,718,287.13688104032434,10.901893209653974
2720738ce536,2023,279,279,84.81045832607666,-11.174181369797424
2c9a350e970a,2023,239,238,123.10471366574546,-10.841237083158408
2daf5908a8e8,2023,503,499,95.16047918994828,-5.6988193047833295
2e553763fd60,2023,671,667,33.76393817561513,-11.961992701593758
30f2b9606c0f,2023,386,386,223.1678171089082,-10.807636251974857
3301cbb6232e,2023,571,556,4.48606797749979,-47.15188333581558
3c0c02f98e81,2023,22,19,36.33333333333333,4.8313909247705675
3ecc54161003,2023,53,53,545.2587504142972,45.890795646734574
4893c5cc197b,2023,140,140,571.0117139098988,42.76945917438744
571992758989,2023,539,539,150.43271000810154,-24.739174676175193
5a7d0bb7c38b,2023,412,412,232.29007015058136,5.304552637777636
5d24803d1222,2023,788,785,3.5585479054668006,-26.885096749804205
5e0365d1b9b2,2023,1554,1549,4.499999999999999,-12.60246455526423
5f8ac6858045,2023,48,48,-0.28100318245515155,-43.69773712144442
633f9e3621b3,2023,178,178,4.111177930669117,-30.69840424465003
6433436a43c6,2023,111,111,47.681310787238345,-42.0621650519437
68b17ed89811,2023,124,124,1.2762701504663874,-33.59248958203514
6c8a55a54b45,2023,216,206,103.55199809184933,-2.4417598147490542
7000e6cffc55,2023,161,161,333.47051350081495,39.7498347292619
7335c131b803,2023,472,471,76.85970093862205,-7.7084390610984626
74a274aea889,2023,476,476,77.00030293990032,-12.883249413569157
796b6591e65e,2023,385,385,186.23151429909328,-59.44093415153309
7dcf92bf8b48,2023,538,538,193.43534810944672,5.158094747389155
7e082b22cb62,2023,143,143,46.59094246657538,-3.7991297535576276
824f1914626e,2023,56,56,98.67299863743676,-8.062668686059185
848bce5662d4,2023,383,383,44.474639798143684,-8.569471635318838
88099efca158,2023,474,474,114.83305340301192,-29.341634778456918
88f4dfffc486,2023,284,283,151.70417856921588,-1.0435609195484965
8cba5682b348,2023,831,827,21.027667996188814,-31.10685956476157
8e3772120e45,2023,750,746,43.890101889495035,-15.421402028796178
8e8c8c512240,2023,716,716,161.24631800118937,-6.041393229643948
90d902dc51ec,2023,745,729,21.262543539818612,-21.70749155588314
931ba4a1bd27,2023,126,126,155.10418648572892,11.21667188122568
95ac08bdc27e,2023,832,832,34.60963224313494,-23.232638290190796
95c595888652,2023,601,601,14.84812302049994,-25.967029492565704
a07af36ee29a,2023,280,280,89.16842621131002,-3.984948818845625
a0b900a7c2c5,2023,388,388,312.12497409598166,52.8645567954857
a1f086f4885f,2023,500,497,3.417128571881321,-52.876107488811925
a54e71c6c535,2023,122,122,22.02814754955361,-0.4510565874904038
a741b6125efa,2023,198,198,349.2438827993941,12.064573566676863
a8111a316d03,2023,217,216,44.322768694232025,-1.6817489683139668
ad90d790c9d8,2023,194,194,121.51001588167456,-18.0193834336829
b07c3c3610d2,2023,32,32,982.2204612424243,160.57253428480453
b5ce9968101b,2023,96,95,70.41234329993647,2.291759123843774
be2c7d15b528,2023,749,741,9.644369090485279,-24.513128638518328
c34d0399d40e,2023,48,48,125.38411265585404,-9.554395764492297
ce3127e45bf1,2023,540,540,187.9587952103673,-15.819140049993683
d88090b1aef1,2023,383,383,93.15138133036494,11.531876730632645
e5082d83466d,2023,640,639,33.65500816324496,-5.068125394119287
f0a5307b776a,2023,465,465,29.634577225441863,-22.618723770879214
f9298abe7a2b,2023,535,535,248.18672331084943,14.110588470504634
fd5af67ca365,2023,81,79,56.76603168217042,2.9285714285714284
02aab106bc82,2024,236,236,18.83260745187733,-18.62289809874023
0497ac6b974f,2024,84,84,580.4777656617823,149.29562684141663
08c88d3d6aca,2024,542,539,149.3316045900306,-2.1682666610450303
117fa6c79e15,2024,194,194,207.97974329233188,-18.53469680985793
1bddc29450af,2024,332,332,30.38968039596838,-49.29505512140611
2281572086af,2024,791,791,133.00869494243943,-26.353726847462696
2407f4665bf6,2024,928,928,123.95162996108067,-9.143935911051743
27d541dbdac6,2024,173,173,151.5487181216437,-9.117630929800121
2894e0bfa304,2024,507,507,137.26724457986168,-5.644882386524687
2caafd6d935d,2024,676,676,39.64180593333937,-40.97750541716279
331e86c52bd7,2024,418,418,94.6985715727088,-6.885052258086637
33f950f1f37b,2024,537,534,13.060855455379539,-19.46199441745412
34cee59bdcd0,2024,332,332,78.63917127183258,-32.590652581576606
3d136358ea7a,2024,445,445,86.86369512755712,-5.144689660710202
3f9a312a8d6c,2024,475,475,312.83837328613663,17.925161222030905
41a5039f67b9,2024,1004,996,138.82362641677508,2.174981175502422
45d2de2795e0,2024,384,384,11.912894231562337,-54.82724722100871
4780234b333d,2024,69,67,34.632366997966756,-0.6191744732908974
4c9bf19b87e0,2024,833,821,6.280639184941973,-39.06547482088576
60eec938a61c,2024,508,508,123.872710447906,-21.77958536537808
61d6bc9bd0ea,2024,159,159,95.28047840569123,-21.601915511709716
62c9b2b2cc62,2024,910,909,14.95698924731183,-22.92093928259334
6868015b5fd4,2024,569,569,152.21602940105544,-8.69852035813286
697c470ad7e9,2024,675,675,83.33073472284732,-29.630093120124997
7cfad49db475,2024,411,408,13.763877442157323,-14.765825944572411
7d4d22b5226f,2024,1234,1234,21.261553906680227,-22.36124999547953
7d73fb679c9e,2024,331,325,40.30769230769231,-4.87700848160269
7dee2542e5e3,2024,355,353,16.11143318474718,-5.584986828018588
80bd51cfae93,2024,237,235,43.484186382232274,1.353703930854771
84a58934cd79,2024,39,35,68.79386241241276,1.5823069146422268
861ea269ddac,2024,538,538,221.54375495525858,31.564019177430225
88e8125ccb6f,2024,471,464,1.8521533407523352,-8.825080199223239
8c99fa9c2405,2024,478,478,204.47336027819796,-3.3807611042715484
8ebce782e65d,2024,1494,1475,11.748198396188636,-23.486231086304556
920b9183f217,2024,357,357,31.287783515938816,-46.04233924879205
9402d0146f24,2024,309,309,149.08113324904775,6.152873262248816
9c589dc07196,2024,96,96,15.098761831116128,-24.723651931208664
a15173de925e,2024,636,636,50.407590054589534,-12.98058966720578
aa1250500a72,2024,174,171,19.900250140490748,-2.192645048267573
b887c1331218,2024,355,355,308.86659228330683,4.052616737738839
beadab5078f1,2024,719,719,161.1236582043638,4.725464620247972
c2efdbc8a0db,2024,137,137,3.2577401890958586,-12.904297551772046
cbb4826fbe11,2024,510,510,245.2705729780605,2.87127949279619
ce686dd841f8,2024,503,503,84.85815392400711,-5.590943876751133
d2b6efef2403,2024,1293,1281,11.855852942711433,-28.959166755362922
d4601430f98c,2024,416,415,9.486832980505138,-3.1291099696909366
d602b7ddd952,2024,37,37,170.1582485303511,15.483735925701687
dfe6285a2ec4,2024,794,794,107.7611799572092,-8.237003569603907
e0e14d9230bf,2024,177,177,161.5209448533629,-16.387222096835952
e128f7cc0549,2024,305,302,47.4282969510722,-4.128272043726091
e3bce6b850ba,2024,239,239,265.72906667085806,11.455596222395137
e88e930525d2,2024,31,31,279.49999999999994,54.76565388669785
e9cf2137cf5d,2024,238,238,39.69590961341883,-18.28904661433703
ebba26c7a70a,2024,81,81,175.2824886281346,-11.6587836631904
f936923f9e6a,2024,25,25,229.7714836333942,2.8334936448856407
f9809bf7d1f6,2024,218,218,300.0895462800918,11.594189880651905
fb8db110b12d,2024,1140,1126,12.284214124157465,-24.64131072487463
fdac5daf6da0,2024,449,438,36.654889619552854,-7.846667271107198
024332c0c1e0,2025,7679,7665,23.361596389472925,-15.320786183701452
027a54e73daa,2025,475,473,29.879199068331474,-14.319991936793079
0db34d8fe1ea,2025,234,234,1.314483420019838,-32.48211306474417
133cd681dac3,2025,67,67,-0.7198740330653568,-26.4653994957669
19082825a66a,2025,1440,1407,3.4709328947778886,-12.031083141652447
230c7d6c0e31,2025,212,212,78.83958270089641,5.095469488575018
28a060b82abe,2025,333,332,41.551283462121035,-42.698586372044645
2eacbcd221af,2025,160,160,151.22219246701343,-35.66503628019167
31784b84dcd9,2025,49,49,95.99395142235483,14.748230788646563
318428835ed8,2025,304,304,82.53771694926897,-4.441632693885461
3494280969a4,2025,80,78,2.6367843174691057,-11.817418919449079
3a19c34d35e3,2025,40,40,115.65600283334909,11.049669256429512
3bf7b9ad3d7b,2025,644,644,174.27621142398579,6.284390118903367
47cb301e989b,2025,11,11,42.708022160991796,-0.28395381841483747
50756fd69794,2025,302,301,21.58458055295629,-48.292964217467045
54bf4613559e,2025,1665,1665,51.31130172841641,-14.979479822214419
559452b7343d,2025,439,430,1.8097881156121844,-25.344024306079334
582833eb0bb5,2025,99,99,260.0923251952702,16.442474903533356
67679445ded6,2025,637,636,115.58924079039392,3.0460121448187385
6bb9b41a2203,2025,256,256,15.91422880420333,-54.196408215210624
718c2c1bad06,2025,37,37,256.0987041042293,2.939197058436053
718d01bdc986,2025,123,123,2.863479821706773,-30.781185863017058
7602a18bd8a6,2025,503,501,1.500594513513137,-24.527422705324188
79513bb2cec1,2025,417,417,360.35572028824294,20.575610166576244
7f0f69cb60f5,2025,331,331,32.51238653363703,-44.53999243667738
8087abb57c9a,2025,824,823,1.8931642286025205,-30.460121075100364
864d5deb19dc,2025,416,414,37.42585265608892,-14.949433692243872
8a0d1a9a2d33,2025,306,302,67.27663341891814,-2.1433640687981996
8ae19878c33c,2025,1848,1843,41.67666546695458,-1.855110323586466
8ce9d7bd1921,2025,2045,2045,122.38482887639022,7.506387550278339
8f51aae43a25,2025,174,174,637.0696098212147,102.70810983211744
91a243024f15,2025,109,105,69.12198029040304,1.1542026790545852
9316f378d92f,2025,997,989,-2.3064426366153814,-39.92183813334704
955d72de2df6,2025,417,416,83.22665883172239,0.7658125132093501
96e051c7e4f4,2025,279,279,17.35196589243465,-37.96937619817097
98aa059c2fbc,2025,326,324,1.321602458282916,-45.237595826588226
99b85795b407,2025,305,297,13.544474138652708,-9.538408041021448
9f7f1f0e2493,2025,443,443,1.463305826039262,-32.13319640906711
a3fb4b00b493,2025,175,175,245.22346786302245,23.902732785529142
a799d2983af7,2025,50,50,557.1678532161047,1.8032871280376799
a91e05d6544d,2025,607,607,118.50952361940537,-5.674837229885718
a93f0450309b,2025,385,385,53.100354076293634,-5.595740981257523
ae19ca349314,2025,47,44,37.09811256281485,3.385982114961168
bfc1d9f2bd50,2025,384,384,43.05584269546766,-25.276480569789097
c3a3370af041,2025,108,108,78.2259058981075,7.004669268485986
c4011f0156bb,2025,509,509,135.62914068013313,-24.774515545795744
c724de77db6a,2025,236,236,0.12320107900632232,-17.148396273386368
cf8efd0fc9a2,2025,47,47,59.82957370270356,-4.042389273889908
d126688dd88d,2025,279,279,30.422189548425074,-41.77280385506748
d14ed01e2220,2025,219,219,133.34011338794917,1.792889010418634
d27bbef63358,2025,475,475,90.58965370956832,-14.843206578970392
d72d70819bab,2025,386,386,36.82903622372574,-39.68456921003266
dcf8cef46b88,2025,567,567,6.4949307363495725,-43.910207197567615
dd4f7d4b20f2,2025,414,414,140.84911126629976,10.112260499861401
e8fa643c1acd,2025,111,111,233.62236030105427,17.181927331964374
fd12c0ddcd2e,2025,1292,1292,60.62078633297763,-23.73717839294622
fe9a90b31b7e,2025,239,239,181.73693490653326,-2.514511886023543
fee21d31f697,2025,214,211,4.518586562308262,-34.324055977407795
ff2d17396f3b,2025,572,572,168.96699311090498,-18.633136738680317
4a2bc06b8999,2026,125,125,54.62517222018403,-12.832740216431448
5fcff8ee5f8b,2026,155,153,6.187894767276655,-10.644853097507147
623cb5503b04,2026,417,417,19.268996653057837,-19.09024556840507
9ec37d20e883,2026,122,122,16.965927475529973,-13.325070890837683
be54de9b6914,2026,357,357,88.85333193062255,-10.570158724959956
cb9ae91b7a06,2026,109,109,113.10100299923351,12.211286253594738
e8d6029e1261,2026,38,36,35.818847778116236,1.144854038548301
f4fa752d3ebd,2026,194,190,37.40071669292338,-16.50219640749799
fcaf1a5dfe25,2026,1675,1674,131.29392450577336,7.49968633296556
