paper_uid,field_id,year,n_baseline,n_refs,team_size,ss_novelty_pct,ss_conventionality_pct,ss_disruption_pct,ss_c10_pct,ss_novelty_pct_ref,ss_novelty_n_base_ref,ss_conventionality_pct_ref,ss_conventionality_n_base_ref,ss_disruption_pct_ref,ss_disruption_n_base_ref,ss_c10_pct_ref,ss_c10_n_base_ref,ss_novelty_pct_ref_team,ss_novelty_n_base_ref_team,ss_conventionality_pct_ref_team,ss_conventionality_n_base_ref_team,ss_disruption_pct_ref_team,ss_disruption_n_base_ref_team,ss_c10_pct_ref_team,ss_c10_n_base_ref_team
27d68fbe666c,11,2018,3000,22.0,8.0,45.1,61.3,39.9,30.3,48.7,671,66.6,671,39.5,698,29.5,698,47.1,87,63.2,87,56.8,88,13.6,88
6e8e782da858,11,2018,3000,41.0,10.0,70.5,75.7,34.0,35.3,76.1,988,76.3,988,44.4,995,14.6,995,72.0,75,77.3,75,54.7,75,5.3,75
a2a7d8abd373,11,2018,3000,64.0,15.0,93.8,87.3,39.2,83.3,97.5,766,90.2,766,59.2,768,62.2,768,,9,,9,,9,,9
5e8c0cf41e6b,11,2020,3000,56.0,5.0,92.3,88.1,33.8,54.6,94.9,886,89.1,886,48.7,892,21.9,892,95.1,384,88.0,384,50.1,385,20.0,385
e9ac119e8dae,13,2004,3000,26.0,1.0,68.2,69.0,32.0,39.9,72.4,1056,72.0,1056,34.9,1077,36.4,1077,69.5,220,67.3,220,23.5,234,52.6,234
65d7ae4e565c,13,2004,3000,14.0,4.0,83.4,62.0,26.6,24.7,81.7,415,66.3,415,25.4,441,36.1,441,81.9,215,64.2,215,26.3,217,27.2,217
46de8cd4a6be,13,2004,3000,5.0,1.0,98.7,92.6,97.6,9.7,89.8,88,84.1,88,93.2,132,31.1,132,83.3,42,78.6,42,95.8,71,52.1,71
17e701b729d3,13,2005,3000,39.0,5.0,87.7,72.2,50.7,24.4,89.1,1243,71.1,1243,61.3,1258,10.3,1258,90.3,504,72.6,504,59.8,505,8.5,505
7115b529d2e8,13,2005,3000,10.0,1.0,98.3,96.7,81.3,10.1,96.5,260,93.8,260,63.2,296,16.9,296,94.6,93,93.5,93,69.2,117,38.5,117
8a7d15106cd7,13,2005,3000,29.0,1.0,55.8,87.7,95.7,73.6,58.9,1129,87.7,1129,98.9,1155,73.4,1155,49.4,243,86.8,243,97.7,260,79.6,260
a00c47d2a0a7,13,2006,3000,71.0,6.0,47.5,59.5,50.8,14.9,45.9,623,53.5,623,63.6,634,4.1,634,48.6,183,56.3,183,65.2,184,1.1,184
eda00a147ef4,13,2006,3000,21.0,2.0,84.6,81.5,2.8,20.9,85.3,762,82.5,762,2.5,810,20.7,810,83.3,245,78.0,245,1.9,261,18.8,261
c257d70b8717,13,2007,3000,10.0,2.0,69.4,66.0,9.8,32.6,65.8,266,72.6,266,15.1,305,57.4,305,61.1,95,72.6,95,16.4,110,55.5,110
bb9d728e9ad2,13,2007,3000,17.0,4.0,64.5,94.4,86.7,10.5,68.9,521,92.1,521,80.3,553,10.7,553,66.5,230,91.7,230,80.6,242,2.1,242
adce50423e8a,13,2007,3000,5.0,2.0,88.4,95.8,98.9,0.0,59.0,61,86.9,61,97.8,89,0.0,89,,17,,17,,26,,26
6b50834cd8e3,13,2010,3000,12.0,2.0,87.6,66.6,44.1,26.4,80.1,336,67.9,336,35.1,385,47.5,385,83.6,110,70.0,110,43.8,121,47.1,121
1bcaa3c25be8,13,2017,3000,14.0,5.0,0.7,0.1,25.2,25.7,1.3,309,0.0,309,25.9,324,55.9,324,1.9,107,0.0,107,23.2,112,46.4,112
16c675fefb5b,13,2018,3000,217.0,14.0,38.4,46.2,41.5,95.9,,15,,15,,19,,19,,0,,0,,0,,0
e1cb6802c070,13,2019,3000,19.0,8.0,0.1,0.0,38.7,9.6,0.0,417,0.0,417,34.7,438,16.7,438,0.0,79,0.0,79,43.8,80,0.0,80
304d77bab749,13,2019,3000,80.0,13.0,24.8,38.3,6.8,93.9,27.1,824,31.2,824,3.7,828,89.5,828,27.3,66,30.3,66,4.5,66,83.3,66
691b574f30ae,13,2019,3000,74.0,6.0,36.5,52.9,22.8,90.7,36.9,922,45.9,922,21.5,927,84.9,927,42.2,303,49.8,303,24.8,303,85.5,303
f6526e5a6118,13,2019,3000,81.0,1.0,,,42.1,47.5,,785,,785,47.9,789,27.0,789,,64,,64,28.4,67,56.7,67
91362cf0491b,13,2019,3000,47.0,4.0,11.7,10.6,38.8,50.4,14.2,1426,9.0,1426,43.8,1437,39.7,1437,20.0,445,10.6,445,41.0,449,45.4,449
5bb3bccedf53,13,2020,3000,62.0,7.0,92.4,86.9,58.3,31.5,94.8,1178,88.0,1178,69.8,1185,14.9,1185,95.0,359,89.1,359,72.2,360,10.0,360
fdcffd044b77,13,2020,3000,38.0,6.0,6.3,47.6,55.8,61.5,7.2,1255,48.9,1255,59.8,1264,57.2,1264,8.3,448,49.3,448,59.6,450,56.0,450
67639a157887,13,2020,3000,22.0,6.0,4.3,25.3,18.3,50.7,3.9,533,34.9,533,20.1,546,71.1,546,3.9,155,29.7,155,21.5,158,64.6,158
35324f645852,13,2021,3000,55.0,4.0,45.9,71.0,39.5,44.6,50.4,1277,71.0,1277,45.2,1282,28.8,1282,51.0,390,71.3,390,46.5,391,31.7,391
fb7ca8fb5298,13,2021,3000,65.0,3.0,82.8,81.7,82.3,21.3,84.7,1090,81.0,1090,85.8,1095,7.4,1095,84.1,239,77.4,239,85.8,240,4.6,240
b482e43eb89f,13,2022,3000,37.0,7.0,2.2,54.2,57.1,28.9,2.4,1158,55.2,1158,59.1,1166,22.2,1166,3.1,318,57.5,318,66.0,318,11.3,318
6433436a43c6,13,2023,3000,25.0,8.0,0.4,53.9,96.6,28.4,0.6,631,60.2,631,95.3,654,37.8,654,2.3,87,50.6,87,94.3,88,0.0,88
2e553763fd60,13,2023,3000,54.0,12.0,13.7,45.4,30.2,90.0,16.8,1261,43.6,1261,35.2,1270,86.9,1270,14.5,117,47.9,117,29.9,117,82.1,117
d126688dd88d,13,2025,3000,27.0,,,,,,,0,,0,,0,,0,,0,,0,,0,,0
718c2c1bad06,13,2025,3000,20.0,,,,,,,0,,0,,0,,0,,0,,0,,0,,0
5f8ac6858045,14,2023,3000,22.0,5.0,2.4,47.6,8.1,52.7,2.8,545,60.4,545,10.0,610,59.3,610,5.5,55,58.2,55,25.0,64,0.0,64
e1db59ff2223,15,2019,3000,21.0,2.0,46.9,68.3,7.2,63.7,48.6,578,70.9,578,10.6,596,80.5,596,46.6,191,72.8,191,8.6,197,83.8,197
fa69d608af2b,15,2019,3000,19.0,2.0,60.9,75.2,15.6,47.5,64.7,451,73.6,451,18.7,470,69.8,470,64.7,156,74.4,156,19.3,161,67.1,161
8766c1c7499a,15,2020,3000,20.0,7.0,86.2,91.3,30.9,24.2,88.4,553,90.1,553,29.5,573,41.9,573,81.1,95,86.3,95,38.5,96,27.1,96
91915a5261d7,15,2020,3000,43.0,4.0,52.8,72.1,22.9,79.3,52.0,1445,71.5,1445,26.0,1458,76.8,1458,52.3,679,72.3,679,26.2,680,80.7,680
5abede2611b7,15,2022,3000,40.0,2.0,19.4,40.5,52.7,55.2,20.9,1515,38.9,1515,55.9,1516,54.8,1516,18.4,305,43.0,305,58.4,305,60.3,305
117fa6c79e15,15,2024,3000,29.0,10.0,23.8,54.8,18.6,60.1,26.3,761,60.4,761,16.6,813,66.5,813,30.0,30,40.0,30,46.7,30,0.0,30
ebba26c7a70a,15,2024,3000,27.0,0.0,91.3,81.6,27.0,0.0,91.5,622,82.0,622,18.2,669,0.0,669,91.2,420,84.5,420,1.1,466,0.0,466
3f9a312a8d6c,15,2024,3000,68.0,0.0,80.8,69.3,27.0,0.0,80.9,1285,67.0,1285,33.8,1338,0.0,1338,82.5,674,69.9,674,0.7,727,0.0,727
fd12c0ddcd2e,15,2025,3000,89.0,,,,,,,0,,0,,0,,0,,0,,0,,0,,0
3b23bbdfa0b5,16,2013,3000,105.0,6.0,94.3,95.0,2.6,99.4,89.2,223,91.0,223,1.3,227,97.4,227,85.4,82,89.0,82,0.0,82,97.6,82
86077d096a6b,16,2016,3000,28.0,11.0,40.2,52.7,19.7,68.9,47.6,783,62.8,783,23.0,794,70.4,794,,24,,24,,24,,24
ac6f50ee5acb,16,2016,3000,4.0,11.0,86.3,50.3,40.8,18.1,71.7,60,66.7,60,14.1,85,40.0,85,,0,,0,,0,,0
6f916e51d266,16,2020,3000,24.0,5.0,9.7,47.8,79.7,44.5,12.9,628,59.1,628,70.1,635,57.5,635,12.1,265,60.4,265,64.4,267,51.7,267
d59ef6856782,16,2020,3000,39.0,8.0,18.7,47.2,6.8,90.3,20.6,1281,49.6,1281,6.2,1286,91.7,1286,21.6,269,45.4,269,6.7,269,86.2,269
924f917944e7,16,2020,3000,31.0,12.0,69.1,59.1,6.3,90.6,77.6,933,66.3,933,6.3,938,93.6,938,,17,,17,,17,,17
fe42adf66fde,16,2021,3000,48.0,5.0,5.9,6.6,48.7,13.5,5.9,1432,3.7,1432,55.2,1434,5.0,1434,3.6,619,3.6,619,60.1,619,0.0,619
140342bb6f20,16,2021,3000,41.0,5.0,24.1,22.5,7.8,79.7,26.9,1322,20.2,1322,7.8,1326,79.8,1326,26.0,558,20.1,558,10.4,558,77.6,558
db19d8fe035f,16,2021,3000,29.0,6.0,31.4,45.7,16.2,58.9,35.4,871,53.5,871,14.5,881,68.8,881,34.2,304,48.0,304,18.0,305,61.3,305
30f2b9606c0f,16,2023,3000,43.0,8.0,4.4,45.3,49.1,63.6,4.9,1414,43.6,1414,54.4,1420,59.4,1420,5.5,275,43.6,275,64.7,275,45.1,275
7335c131b803,16,2023,3000,50.0,5.0,41.6,56.2,45.2,26.8,41.4,1499,52.0,1499,53.3,1501,15.6,1501,43.0,582,50.0,582,62.2,582,0.0,582
848bce5662d4,16,2023,3000,35.0,5.0,16.6,20.8,27.7,42.8,17.7,1151,22.5,1151,28.2,1160,41.6,1160,18.5,417,20.4,417,36.4,418,26.1,418
8ebce782e65d,16,2024,3000,66.0,4.0,13.0,17.6,14.3,80.3,14.3,1367,11.9,1367,16.4,1442,75.2,1442,12.6,247,12.1,247,40.1,247,38.5,247
41a5039f67b9,16,2024,3000,68.0,5.0,55.5,50.1,17.9,64.2,52.8,1277,44.3,1277,21.0,1347,58.8,1347,53.2,248,42.3,248,50.8,248,0.4,248
864d5deb19dc,16,2025,3000,45.0,,,,,,,0,,0,,0,,0,,0,,0,,0,,0
318428835ed8,16,2025,3000,34.0,,,,,,,0,,0,,0,,0,,0,,0,,0,,0
fe9a90b31b7e,16,2025,3000,40.0,,,,,,,0,,0,,0,,0,,0,,0,,0,,0
bc182cf274aa,17,2018,3000,23.0,6.0,73.0,89.2,35.3,67.4,76.7,619,91.0,619,39.5,992,66.3,992,73.9,92,87.0,92,41.7,163,56.4,163
69ad9829dc95,17,2019,3000,19.0,4.0,52.2,42.3,33.9,63.4,55.2,536,48.1,536,33.5,850,67.4,850,57.6,250,49.6,250,39.9,398,55.8,398
2c3d42bcf54c,17,2019,3000,23.0,4.0,32.6,52.7,24.8,71.8,38.9,630,56.8,630,27.0,962,73.3,962,36.1,302,57.6,302,31.5,464,64.0,464
35d2d9a2ab36,17,2019,3000,33.0,0.0,30.5,45.6,38.7,0.0,34.5,632,44.0,632,52.7,873,0.0,873,36.2,94,37.2,94,18.0,133,0.0,133
870dc004e061,17,2019,3000,12.0,4.0,29.1,38.5,72.9,20.3,24.0,388,47.2,388,66.3,694,25.2,694,24.5,143,45.5,143,54.7,278,0.0,278
bf5747d045e5,17,2019,3000,38.0,4.0,35.8,82.7,26.8,20.3,41.3,625,85.1,625,38.4,833,7.9,833,39.6,326,85.9,326,41.6,438,0.2,438
eb2ae282030f,17,2020,3000,27.0,4.0,72.7,83.8,24.8,54.4,77.1,645,86.7,645,29.8,862,49.5,862,74.6,319,89.7,319,35.6,433,40.9,433
643d81b0f2e7,17,2020,3000,20.0,2.0,47.0,52.8,28.5,58.4,49.9,601,58.4,601,28.9,866,65.6,866,51.0,314,58.0,314,36.0,425,62.1,425
e7dd77198c20,17,2020,3000,26.0,3.0,4.1,33.8,35.3,42.5,4.2,669,37.5,669,40.6,903,36.1,903,4.3,399,37.6,399,47.3,531,27.1,531
842346c1157b,17,2020,3000,47.0,6.0,70.5,78.6,24.3,65.4,73.7,680,80.3,680,34.4,803,42.2,803,70.5,190,76.8,190,38.5,213,30.0,213
76ef1c151dbc,17,2020,3000,62.0,3.0,17.5,47.7,22.9,85.3,23.4,505,40.6,505,33.1,574,68.1,574,20.5,292,39.4,292,34.2,330,69.1,330
582ffd86f677,17,2021,3000,53.0,5.0,0.9,2.4,9.7,83.9,0.8,645,0.3,645,11.4,731,66.6,731,1.0,298,0.3,298,14.1,340,60.0,340
2e3443dcdd7b,17,2021,3000,41.0,5.0,17.4,63.3,36.2,39.4,19.5,743,59.6,743,53.8,883,21.0,883,18.9,296,52.0,296,62.3,355,8.5,355
107e1cb7d44d,17,2022,3000,54.0,5.0,78.5,85.8,11.5,82.5,76.8,704,83.2,704,11.9,745,63.9,745,72.2,281,82.6,281,18.1,299,55.2,299
6d757339e104,17,2022,3000,23.0,3.0,94.0,82.7,8.1,63.2,95.9,787,86.4,787,9.1,954,69.0,954,96.6,385,87.8,385,13.3,466,59.0,466
824f1914626e,17,2023,3000,27.0,5.0,8.8,59.8,87.4,74.0,9.6,707,64.5,707,86.5,947,76.2,947,12.6,198,65.7,198,77.7,247,56.3,247
cca034884936,17,2023,3000,34.0,3.0,32.1,29.3,84.6,45.6,36.3,742,27.1,742,83.5,922,33.5,922,38.2,317,27.8,317,77.7,359,0.0,359
a54e71c6c535,17,2023,3000,29.0,3.0,55.9,70.5,81.6,45.6,60.3,726,75.2,726,79.4,960,39.4,960,63.6,297,75.4,297,67.3,352,0.0,352
4c76d4a8cf71,17,2023,3000,40.0,5.0,91.2,85.1,26.4,45.6,92.9,792,88.4,792,37.1,954,27.5,954,91.7,289,85.5,289,52.0,327,0.0,327
3c0c02f98e81,17,2023,3000,23.0,5.0,73.4,84.0,10.1,45.6,78.8,660,86.2,660,11.2,935,48.6,935,79.9,159,89.3,159,22.3,211,0.0,211
6fa1f8208709,17,2023,3000,32.0,4.0,20.1,58.1,81.1,45.6,21.8,763,59.2,763,79.1,967,35.9,967,23.1,299,59.5,299,68.2,355,0.0,355
c2efdbc8a0db,17,2024,3000,24.0,,,,,,,544,,544,,796,,796,,544,,544,,796,,796
d4601430f98c,17,2024,3000,75.0,,,,,,,391,,391,,448,,448,,391,,391,,448,,448
84a58934cd79,17,2024,3000,31.0,0.0,86.8,65.2,12.2,0.0,91.1,638,69.1,638,13.4,856,0.0,856,92.4,448,70.8,448,0.8,644,0.0,644
dfe6285a2ec4,17,2024,3000,82.0,0.0,16.5,71.9,12.2,0.0,19.1,320,65.6,320,25.5,364,0.0,364,18.9,185,69.2,185,1.3,226,0.0,226
27d541dbdac6,17,2024,3000,28.0,0.0,33.4,57.8,12.2,0.0,36.1,584,63.2,584,11.8,825,0.0,825,36.0,420,64.5,420,0.6,637,0.0,637
0db34d8fe1ea,17,2025,3000,34.0,,,,,,,0,,0,,2,,2,,0,,0,,2,,2
ae19ca349314,17,2025,3000,26.0,,,,,,,0,,0,,3,,3,,0,,0,,3,,3
027a54e73daa,17,2025,3000,62.0,,,,,,,0,,0,,4,,4,,0,,0,,4,,4
47cb301e989b,17,2025,3000,7.0,,,,,,,0,,0,,0,,0,,0,,0,,0,,0
3494280969a4,17,2025,3000,41.0,,,,,,,0,,0,,4,,4,,0,,0,,4,,4
172f74f3d172,18,2018,3000,30.0,4.0,12.3,81.0,30.6,74.6,14.1,792,81.9,792,39.4,879,72.0,879,14.6,355,82.5,355,49.0,388,63.4,388
d90ba3638783,18,2022,3000,74.0,8.0,36.1,43.6,4.3,83.9,41.5,603,40.5,603,1.8,615,62.8,615,,17,,17,,17,,17
559452b7343d,18,2025,3000,43.0,,,,,,,1,,1,,5,,5,,1,,1,,5,,5
f093823fb012,19,2014,3000,31.0,7.0,2.1,5.0,91.1,81.7,3.5,683,4.2,683,96.0,720,84.6,720,2.2,93,6.5,93,93.8,96,80.2,96
80bd51cfae93,19,2024,3000,55.0,0.0,,,22.8,0.0,,1126,,1126,26.5,1183,0.0,1183,,717,,717,0.9,771,0.0,771
70ce2b43703e,20,2021,3000,25.0,0.0,,,30.2,0.0,,642,,642,30.4,682,0.0,682,,279,,279,14.1,312,0.0,312
3d700028390d,21,2005,3000,57.0,11.0,81.0,70.7,32.6,98.7,91.1,348,67.2,348,60.8,360,97.8,360,,9,,9,,9,,9
b2782d95e10c,21,2006,3000,30.0,3.0,11.3,29.3,21.9,77.3,11.6,879,25.6,879,31.3,910,61.8,910,11.4,501,25.7,501,30.1,511,64.8,511
4b5fbbf57346,21,2006,3000,25.0,11.0,54.6,52.8,6.8,98.7,60.9,832,55.2,832,6.3,869,98.7,869,,8,,8,,8,,8
8e123337385d,21,2011,3000,33.0,6.0,41.5,48.7,31.1,49.3,45.5,963,48.0,963,45.6,1002,24.3,1002,46.5,357,45.4,357,50.7,359,21.4,359
a8cacb8a650c,21,2011,3000,30.0,5.0,81.6,73.2,39.5,62.6,87.8,938,77.4,938,54.5,983,45.2,983,86.8,468,77.1,468,58.0,479,44.1,479
070b47e118ec,21,2011,3000,30.0,5.0,62.5,44.1,32.2,34.1,66.0,938,42.0,938,45.0,983,11.6,983,65.2,468,40.0,468,49.3,479,8.8,479
5be9396c98ab,21,2011,3000,37.0,8.0,60.7,51.7,41.0,55.6,64.5,940,51.3,940,62.8,967,29.1,967,63.9,133,52.6,133,68.7,134,20.1,134
8a2242a7cabb,21,2011,3000,28.0,11.0,80.4,73.9,39.6,63.9,85.6,880,77.8,880,52.9,925,49.8,925,,19,,19,,19,,19
5d12aa09c7f9,21,2011,3000,26.0,6.0,35.3,27.3,40.0,68.2,38.5,879,23.2,879,50.6,937,58.5,937,39.0,305,16.1,305,58.6,309,52.8,309
3a657746996c,21,2011,3000,40.0,8.0,12.1,46.4,28.5,63.3,13.3,966,43.8,966,44.2,994,39.6,994,15.2,145,43.4,145,47.3,146,28.8,146
5503e4f7dfb2,21,2011,3000,27.0,7.0,39.6,23.6,40.0,61.8,42.8,881,19.1,881,51.8,932,48.0,932,40.2,194,14.4,194,58.9,197,39.6,197
b024e6ffda17,21,2011,3000,42.0,10.0,42.4,43.5,39.0,76.8,46.4,884,40.4,884,62.0,906,57.4,906,40.8,49,36.7,49,75.5,49,38.8,49
399c62c60b72,21,2011,3000,34.0,8.0,59.6,45.4,65.5,25.3,63.5,957,42.8,957,72.1,990,5.4,990,64.0,125,43.2,125,73.0,126,1.6,126
b68c11ed7d50,21,2012,3000,28.0,4.0,74.0,85.4,46.7,20.4,78.5,907,87.0,907,58.1,957,5.5,957,80.6,485,86.0,485,60.1,504,3.2,504
3be7c4e77b95,21,2013,3000,41.0,7.0,81.3,73.1,44.6,55.8,84.0,1095,74.1,1095,66.2,1120,29.3,1120,82.6,345,72.2,345,70.8,349,25.8,349
ea1a7d98c912,21,2018,3000,36.0,7.0,59.2,92.2,10.4,36.5,60.3,1127,92.6,1127,11.6,1141,23.7,1141,54.9,350,93.1,350,11.1,351,16.2,351
66640bfaa5c2,21,2018,3000,25.0,12.0,51.7,33.4,17.7,52.0,59.2,578,40.8,578,17.7,605,61.3,605,,10,,10,,10,,10
8dbb4da58f57,21,2019,3000,52.0,2.0,68.4,67.8,36.2,53.9,64.7,1502,63.5,1502,46.2,1505,33.5,1505,82.3,277,78.3,277,42.4,278,45.0,278
2072206cf1cb,21,2019,3000,36.0,2.0,33.3,58.4,24.4,28.5,35.2,1048,58.8,1048,28.3,1065,17.9,1065,41.2,277,71.8,277,27.5,284,23.6,284
f9574c4ea78c,21,2019,3000,38.0,6.0,1.0,3.9,69.7,19.3,0.9,1175,2.6,1175,68.9,1185,7.3,1185,1.2,485,1.9,485,68.5,486,4.7,486
a32287fa690e,21,2020,3000,31.0,5.0,71.7,67.1,1.8,85.8,78.0,785,71.8,785,2.7,804,91.7,804,76.8,370,71.9,370,3.7,374,91.7,374
70e545fca1e3,21,2020,3000,34.0,6.0,66.2,62.3,67.1,25.2,69.8,950,64.8,950,62.6,962,18.3,962,70.8,373,66.0,373,62.8,376,12.5,376
fd6f17d55ed0,21,2020,3000,53.0,10.0,48.6,71.6,28.8,84.9,43.1,1567,67.1,1567,33.7,1572,80.2,1572,33.8,201,54.2,201,44.8,201,66.2,201
194945adb4d3,21,2021,3000,40.0,3.0,33.1,55.5,10.8,48.4,32.4,1282,52.6,1282,11.0,1286,43.9,1286,36.4,431,62.2,431,13.4,434,49.1,434
1925ac4fe1eb,21,2021,3000,31.0,2.0,97.9,85.2,35.2,22.4,99.0,721,86.7,721,35.0,732,21.4,732,98.4,193,83.9,193,33.3,195,24.6,195
0cd754b72582,21,2021,3000,48.0,9.0,72.4,64.9,15.6,70.5,68.1,1490,58.2,1490,16.8,1492,65.0,1492,49.2,305,40.7,305,14.4,305,51.1,305
8b4556132a74,21,2021,3000,108.0,5.0,,,0.9,99.9,,341,,341,0.9,341,100.0,341,,134,,134,0.0,134,100.0,134
ed377f142b71,21,2021,3000,34.0,5.0,87.0,79.7,82.5,55.4,87.8,861,80.8,861,78.7,870,62.8,870,88.8,367,82.0,367,77.6,371,63.6,371
2676674cf3fa,21,2021,3000,53.0,8.0,31.5,43.9,8.8,92.3,28.9,1545,34.5,1545,8.9,1546,90.6,1546,20.6,446,23.5,446,8.3,446,88.1,446
eb1807302f31,21,2021,3000,60.0,5.0,68.5,65.2,11.8,94.1,62.9,1551,58.0,1551,12.0,1551,92.6,1551,67.9,626,63.4,626,12.1,626,95.4,626
438325c7829e,21,2021,3000,15.0,0.0,92.2,99.6,48.6,0.0,94.2,259,98.1,259,22.2,302,0.0,302,95.0,101,96.0,101,5.8,120,0.0,120
5f8f0b88d1fd,21,2022,3000,43.0,3.0,2.2,26.9,38.7,70.8,2.3,1510,21.5,1510,41.7,1519,69.4,1519,2.7,415,33.0,415,41.7,415,77.3,415
adc8ac843935,21,2022,3000,52.0,2.0,78.1,70.0,18.5,80.9,74.9,1695,65.5,1695,19.7,1701,76.8,1701,90.2,244,86.5,244,19.7,244,86.9,244
9e2145e4bb1b,21,2022,3000,55.0,6.0,77.7,75.1,73.2,73.6,74.6,1699,71.6,1699,76.5,1703,66.8,1703,75.9,636,71.1,636,77.4,636,64.8,636
4893c5cc197b,21,2023,3000,25.0,0.0,78.1,79.8,42.7,0.0,87.7,423,85.3,423,29.5,458,0.0,458,96.5,144,90.3,144,6.9,160,0.0,160
a0b900a7c2c5,21,2023,3000,65.0,7.0,89.1,91.5,5.6,68.8,88.4,1494,91.6,1494,4.5,1494,57.8,1494,88.7,538,91.6,538,4.5,538,58.0,538
f9298abe7a2b,21,2023,3000,50.0,5.0,55.2,55.2,36.5,72.1,48.8,1548,47.4,1548,42.9,1552,64.3,1552,51.1,577,52.3,577,39.8,578,67.6,578
5a7d0bb7c38b,21,2023,3000,43.0,0.0,43.9,38.0,42.7,0.0,39.7,1354,32.9,1354,47.1,1359,0.0,1359,61.0,136,61.0,136,9.4,139,0.0,139
18f2851796a0,21,2023,3000,60.0,9.0,68.5,73.0,36.8,56.1,62.8,1616,68.4,1616,44.8,1617,41.9,1617,52.0,410,59.5,410,51.0,410,32.0,410
7dcf92bf8b48,21,2023,3000,50.0,5.0,45.1,35.3,17.4,38.4,38.6,1548,27.1,1548,18.8,1552,23.0,1552,39.0,577,28.2,577,16.4,578,20.1,578
861ea269ddac,21,2024,3000,62.0,0.0,77.8,65.1,24.9,0.0,74.3,1512,59.0,1512,31.0,1547,0.0,1547,78.3,659,64.6,659,1.2,693,0.0,693
e3bce6b850ba,21,2024,3000,43.0,0.0,,,24.9,0.0,,1272,,1272,26.9,1314,0.0,1314,,625,,625,0.9,667,0.0,667
cbb4826fbe11,21,2024,3000,68.0,7.0,77.5,70.6,89.7,98.7,74.1,1407,65.6,1407,89.2,1438,98.4,1438,70.6,313,60.4,313,80.3,314,97.5,314
8ae19878c33c,21,2025,3000,92.0,,,,,,,0,,0,,0,,0,,0,,0,,0,,0
8ce9d7bd1921,21,2025,3000,176.0,,,,,,,0,,0,,0,,0,,0,,0,,0,,0
67679445ded6,21,2025,3000,45.0,,,,,,,0,,0,,1,,1,,0,,0,,1,,1
79513bb2cec1,21,2025,3000,53.0,,,,,,,0,,0,,1,,1,,0,,0,,1,,1
8f51aae43a25,21,2025,3000,22.0,,,,,,,0,,0,,0,,0,,0,,0,,0,,0
91a243024f15,21,2025,3000,23.0,,,,,,,0,,0,,0,,0,,0,,0,,0,,0
dd4f7d4b20f2,21,2025,3000,47.0,,,,,,,0,,0,,1,,1,,0,,0,,1,,1
fcaf1a5dfe25,21,2026,3000,122.0,,,,,,,0,,0,,0,,0,,0,,0,,0,,0
fe2ed783c920,22,1988,3000,19.0,5.0,72.1,76.2,31.2,74.8,85.2,654,82.4,654,46.8,688,61.0,688,86.5,111,85.6,111,47.0,115,49.6,115
1f5df93c67a1,22,1992,3000,5.0,5.0,59.0,34.2,93.6,81.9,41.1,309,39.2,309,95.0,482,91.7,482,48.1,54,46.3,54,87.7,73,84.9,73
3563aa99d4a4,22,1994,3000,4.0,5.0,83.2,79.0,70.5,92.5,61.9,315,71.4,315,54.4,526,97.0,526,62.1,66,71.2,66,29.9,97,94.8,97
a909976dd697,22,1994,3000,17.0,5.0,92.7,96.8,23.7,35.2,98.0,753,97.5,753,29.6,810,19.4,810,96.7,181,98.9,181,37.4,190,10.5,190
e15a7ad239ac,22,1996,3000,10.0,5.0,71.2,82.9,86.6,71.7,67.6,712,81.9,712,89.9,849,72.4,849,72.0,164,87.2,164,84.9,179,60.9,179
50f826f12bd5,22,2000,3000,5.0,4.0,93.3,79.4,9.2,77.8,81.9,287,69.3,287,10.6,473,88.4,473,83.3,108,73.1,108,12.2,172,83.7,172
887a6d40e7c3,22,2000,3000,10.0,6.0,2.6,68.5,80.3,98.8,3.3,706,68.1,706,80.7,853,99.2,853,7.6,79,72.2,79,83.5,91,100.0,91
5b15247f6f4b,22,2000,3000,6.0,9.0,90.5,87.8,2.5,88.8,81.2,480,83.3,480,3.5,724,95.4,724,,18,,18,,25,,25
bdc4a84b1e1e,22,2000,3000,16.0,5.0,34.4,82.0,3.1,96.9,36.4,836,82.9,836,2.8,926,96.3,926,39.4,193,82.4,193,5.3,207,94.2,207
1f69ed8351f9,22,2001,3000,11.0,4.0,75.7,85.9,67.5,93.5,74.8,691,85.2,691,65.8,803,95.5,803,75.1,313,86.6,313,58.6,348,94.8,348
531b7496f032,22,2001,3000,11.0,3.0,67.2,50.7,77.8,72.6,65.6,691,49.9,691,79.1,803,73.3,803,65.4,410,52.2,410,77.8,478,70.5,478
ae0ef0b96600,22,2003,3000,17.0,3.0,9.5,58.4,4.6,99.6,9.3,590,57.6,590,5.0,767,99.5,767,9.2,401,56.6,401,5.2,503,99.6,503
c471018605a3,22,2004,3000,10.0,2.0,74.7,81.9,10.8,54.9,70.0,594,78.8,594,11.7,906,56.1,906,68.4,320,78.4,320,13.0,484,51.9,484
be27986bcef2,22,2004,3000,19.0,4.0,6.5,37.1,22.0,90.2,6.7,640,36.2,640,29.6,798,86.0,798,6.8,323,36.5,323,30.6,396,82.6,396
9cd8815aa40f,22,2005,3000,36.0,5.0,65.5,66.3,26.6,91.9,82.6,390,73.8,390,44.4,437,80.5,437,83.1,118,75.4,118,48.8,125,79.2,125
7d426362713f,22,2005,3000,12.0,4.0,90.5,78.6,38.3,98.8,91.2,651,75.4,651,39.8,938,99.4,938,91.7,324,75.9,324,49.0,429,98.8,429
565a9b51b57d,22,2005,3000,26.0,4.0,70.7,66.8,33.1,76.0,82.7,606,73.1,606,53.5,690,55.5,690,81.4,318,72.3,318,58.8,352,48.6,352
44ffaa074d12,22,2006,3000,5.0,3.0,92.7,89.3,78.9,0.0,77.5,209,84.2,209,62.5,429,0.0,429,76.3,118,82.2,118,49.8,219,0.0,219
6ac6c722b8f0,22,2006,3000,17.0,5.0,78.7,74.7,4.0,96.5,84.5,651,77.7,651,4.6,841,95.8,841,87.2,226,81.4,226,5.7,280,94.6,280
bd67deff48c0,22,2006,3000,5.0,3.0,72.8,89.7,1.8,93.8,50.2,209,84.2,209,3.5,429,98.4,429,52.5,118,82.2,118,4.6,219,97.7,219
06a94e525622,22,2007,3000,8.0,2.0,93.8,85.4,14.8,85.3,88.6,438,80.4,438,12.3,659,95.3,659,86.5,207,78.7,207,13.9,302,95.0,302
96263eebccf9,22,2007,3000,18.0,3.0,94.1,86.6,3.7,98.2,97.2,753,87.9,753,3.6,916,97.8,916,96.4,476,87.2,476,3.2,570,97.5,570
0c5047e5b1d5,22,2007,3000,23.0,5.0,64.3,54.5,40.8,96.1,71.6,747,54.5,747,59.6,857,92.6,857,73.3,247,56.3,247,61.6,271,93.0,271
45cb8c58b080,22,2008,3000,25.0,6.0,76.1,73.0,29.9,38.4,85.2,683,75.1,683,43.1,779,16.9,779,88.1,143,76.2,143,38.2,152,9.2,152
b43f432fe548,22,2008,3000,32.0,6.0,38.8,56.2,42.4,81.1,49.6,603,60.5,603,68.5,663,59.3,663,58.7,121,60.3,121,61.9,126,48.4,126
20ae4348c56e,22,2008,3000,9.0,3.0,91.1,83.8,34.0,73.2,85.1,502,80.5,502,28.6,838,84.2,838,87.3,267,82.4,267,34.6,439,81.3,439
d2ba4d05d1a8,22,2008,3000,26.0,3.0,69.0,75.4,80.9,91.6,78.2,725,77.2,725,93.8,823,84.9,823,77.6,459,76.7,459,94.8,516,86.2,516
73651e78d378,22,2008,3000,15.0,3.0,31.0,58.0,26.0,91.9,29.9,708,56.4,708,29.2,949,93.2,949,28.9,429,56.9,429,32.5,560,93.2,560
aa8326c76602,22,2009,3000,16.0,6.0,95.3,91.2,3.9,96.5,96.6,732,91.5,732,3.3,956,97.7,956,97.5,118,90.7,118,3.4,148,97.3,148
2fdccb60f1e4,22,2009,3000,21.0,7.0,85.7,87.2,8.2,93.5,90.5,757,90.0,757,10.2,912,91.9,912,96.1,76,93.4,76,9.6,83,85.5,83
b43c242d618e,22,2009,3000,10.0,14.0,96.0,88.2,94.6,94.3,95.9,516,86.2,516,97.0,800,97.6,800,,0,,0,,0,,0
8a2fdf6bfb57,22,2009,3000,11.0,7.0,84.2,82.0,24.6,93.1,80.2,514,78.8,514,23.6,774,97.2,774,79.1,43,79.1,43,27.0,63,96.8,63
1fa415734e17,22,2009,3000,17.0,5.0,85.4,82.0,75.4,94.4,86.8,699,82.8,699,78.4,888,95.5,888,88.7,221,85.5,221,74.8,274,94.9,274
8ccdd3e64603,22,2009,3000,18.0,3.0,29.1,82.0,76.5,77.2,31.9,783,83.3,783,81.2,982,72.4,982,31.0,510,83.1,510,79.8,639,70.0,639
e49d832d6174,22,2011,3000,35.0,4.0,13.3,35.8,74.9,94.3,18.4,598,35.1,598,90.7,665,86.9,665,16.9,331,35.3,331,90.7,354,84.5,354
4501228b76d0,22,2012,3000,27.0,8.0,5.3,20.6,75.7,79.3,6.1,701,17.5,701,87.0,814,65.2,814,8.9,56,16.1,56,91.5,59,55.9,59
a607b9af8630,22,2012,3000,29.0,6.0,3.1,5.8,26.0,73.6,3.8,731,3.1,731,38.3,833,53.9,833,2.6,190,3.7,190,40.6,202,49.0,202
6c9c3b0305e0,22,2012,3000,54.0,3.0,22.6,54.1,42.1,70.9,34.0,288,56.9,288,78.5,311,28.6,311,34.8,158,62.0,158,79.4,165,26.7,165
025329be2f96,22,2015,3000,13.0,3.0,57.9,56.3,33.1,37.3,54.4,493,55.6,493,29.2,730,44.9,730,55.0,280,56.4,280,38.1,399,32.6,399
24b429e39b96,22,2016,3000,26.0,0.0,6.5,6.6,46.2,0.0,8.5,849,4.9,849,57.8,1002,0.0,1002,6.8,74,6.8,74,26.4,106,0.0,106
e165cf6e3e93,22,2016,3000,40.0,11.0,58.4,65.9,28.2,85.6,64.5,815,66.3,815,39.0,856,69.4,856,,29,,29,,29,,29
a8042ac2cc4c,22,2016,3000,45.0,4.0,4.6,56.7,31.2,48.0,5.8,704,54.8,704,46.4,729,15.1,729,5.9,370,57.0,370,45.2,385,13.2,385
bbd5871c0e12,22,2017,3000,31.0,4.0,51.5,30.3,46.7,52.1,53.4,848,24.9,848,63.0,915,29.5,915,51.7,470,25.1,470,64.9,501,26.7,501
236e80a16dd5,22,2017,3000,17.0,3.0,91.9,88.5,25.8,56.9,92.7,587,85.0,587,24.9,739,67.7,739,93.1,347,84.1,347,26.1,436,64.2,436
27d7e2b65c8d,22,2018,3000,41.0,4.0,36.9,35.8,46.5,48.7,43.4,901,30.6,901,69.6,948,21.6,948,44.2,489,29.4,489,71.4,510,20.0,510
dd7bb73849f9,22,2018,3000,25.0,4.0,82.1,51.6,81.7,68.8,87.8,763,55.0,763,86.1,878,66.9,878,87.8,392,54.1,392,84.5,444,61.5,444
5b11303e20ac,22,2018,3000,34.0,4.0,43.7,56.6,31.3,84.4,48.5,877,55.6,877,41.3,942,76.9,942,48.4,475,54.9,475,43.8,504,77.8,504
1edf950142dc,22,2018,3000,19.0,6.0,53.2,39.8,87.8,77.1,56.2,617,42.3,617,89.2,761,86.1,761,50.6,156,40.4,156,89.0,173,83.2,173
5c321ecf5f6b,22,2018,3000,66.0,4.0,8.0,59.8,25.7,91.8,12.9,426,54.9,426,37.2,435,74.5,435,13.2,227,62.1,227,36.4,231,78.8,231
22c563fee328,22,2018,3000,34.0,3.0,64.4,33.6,73.1,33.0,68.1,877,29.0,877,80.4,942,12.5,942,67.2,460,27.8,460,78.0,499,10.2,499
b93796e1efb7,22,2018,3000,28.0,4.0,53.6,57.0,41.9,55.3,58.3,820,59.8,820,54.7,909,40.2,909,59.9,436,58.9,436,57.3,475,37.5,475
625b126a686e,22,2018,3000,12.0,3.0,51.8,30.2,83.4,52.3,48.5,518,39.4,518,76.5,702,70.7,702,49.8,267,41.6,267,69.5,361,64.0,361
0e54be0b9a1d,22,2018,3000,47.0,3.0,26.9,48.8,44.2,44.2,32.8,804,42.7,804,67.4,828,13.3,828,32.6,393,42.7,393,67.3,407,14.3,407
0149cb4ccfc4,22,2018,3000,20.0,2.0,15.1,15.6,80.3,65.4,14.1,701,18.4,701,79.6,857,70.0,857,14.9,282,20.6,282,75.1,349,71.3,349
61198cf88bd5,22,2018,3000,20.0,6.0,46.1,12.5,44.0,65.4,49.2,701,14.3,701,44.2,857,70.0,857,47.8,180,13.3,180,53.5,200,66.5,200
6152a9ae67b2,22,2018,3000,25.0,4.0,23.4,52.4,68.1,44.2,26.5,763,56.0,763,70.3,878,35.0,878,26.8,392,55.1,392,66.0,444,29.1,444
dc63217997cb,22,2018,3000,21.0,6.0,37.5,15.0,80.5,90.7,40.4,703,17.6,703,80.3,843,95.7,843,40.4,188,14.9,188,81.1,206,94.7,206
a1ab3f636a10,22,2018,3000,10.0,2.0,85.0,56.3,84.5,55.3,78.8,420,58.6,420,76.6,595,81.2,595,84.1,176,61.9,176,69.7,234,77.8,234
f50c46f2229e,22,2018,3000,56.0,3.0,9.9,14.9,74.1,68.8,13.0,610,6.6,610,90.0,622,35.0,622,9.9,282,5.7,282,89.3,289,37.7,289
b569a0b0b052,22,2018,3000,21.0,3.0,12.1,14.8,46.5,80.0,11.7,703,17.5,703,48.3,843,86.4,843,11.2,366,18.9,366,52.5,448,86.4,448
461bd60b5c38,22,2018,3000,16.0,4.0,54.1,34.6,40.3,63.9,57.1,569,40.6,569,34.2,730,76.2,730,59.6,285,41.8,285,40.6,352,69.0,352
3c78286b82cc,22,2018,3000,53.0,3.0,30.7,21.1,29.9,91.6,37.3,667,12.0,667,43.4,682,78.6,682,37.0,322,11.2,322,42.9,331,82.5,331
55380b96f4d2,22,2019,3000,34.0,3.0,64.4,59.3,79.5,39.1,68.7,906,58.1,906,86.7,964,17.9,964,69.0,451,59.9,451,86.4,484,16.5,484
20bac751660f,22,2019,3000,33.0,6.0,48.6,53.3,5.5,97.5,51.8,931,52.6,931,5.4,999,97.2,999,50.8,317,49.8,317,6.4,330,94.5,330
f23efac3ac9c,22,2019,3000,39.0,3.0,20.1,80.8,40.2,87.4,24.4,925,81.9,925,55.1,969,79.2,969,21.2,463,83.2,463,54.4,491,83.3,491
b8c4e453c17b,22,2019,3000,34.0,7.0,43.2,96.1,39.3,79.8,46.6,906,97.6,906,53.0,964,72.2,964,47.3,188,98.9,188,53.3,195,60.0,195
efbd8be53d77,22,2019,3000,66.0,1.0,16.9,71.3,32.6,56.0,23.8,521,68.3,521,46.2,528,18.2,528,22.9,83,78.3,83,34.1,85,37.6,85
fe74947aa34c,22,2019,3000,53.0,1.0,7.8,69.5,41.4,39.1,10.2,743,67.8,743,62.1,758,8.2,758,7.8,115,76.5,115,59.5,121,21.5,121
28772b2ede0a,22,2019,3000,36.0,5.0,66.0,34.3,71.3,39.1,71.3,944,32.1,944,75.2,996,16.6,996,72.8,423,31.4,423,72.0,439,10.9,439
aabc78be0164,22,2019,3000,48.0,7.0,7.2,41.3,33.7,62.9,9.3,810,34.3,810,46.9,830,33.5,830,12.8,195,29.7,195,46.9,196,21.4,196
87932aedc212,22,2019,3000,64.0,5.0,10.0,50.0,37.2,44.2,13.8,551,44.6,551,53.0,558,8.1,558,15.2,230,44.8,230,53.6,233,7.3,233
e060b98a7df3,22,2019,3000,46.0,5.0,20.4,61.9,70.7,81.2,25.9,889,58.3,889,78.1,916,63.3,916,26.3,388,60.6,388,74.9,395,62.5,395
ed3d3fcd7d15,22,2019,3000,31.0,5.0,3.2,27.8,8.1,94.3,3.9,883,25.8,883,8.7,956,94.7,956,2.7,402,24.1,402,8.7,426,92.5,426
8b18c26f5781,22,2019,3000,25.0,3.0,31.3,40.3,3.2,66.2,32.5,796,40.3,796,2.6,899,64.4,899,32.3,406,40.4,406,2.4,459,66.0,459
62bebd280b1b,22,2019,3000,36.0,5.0,18.5,58.8,23.1,92.9,22.1,944,57.8,944,28.8,996,89.7,996,21.0,423,60.0,423,31.2,439,86.8,439
907a94c73649,22,2019,3000,50.0,8.0,92.3,83.8,25.9,79.8,97.4,797,86.8,797,34.7,815,58.4,815,96.2,130,81.5,130,35.9,131,45.8,131
b867068a797e,22,2019,3000,45.0,5.0,26.6,58.5,24.8,85.3,31.8,859,54.5,859,31.9,886,72.2,886,32.3,375,56.8,375,33.5,382,69.9,382
8528eb8cdf26,22,2019,3000,31.0,6.0,42.9,23.4,93.7,99.3,45.1,883,21.4,883,98.5,956,99.5,956,44.1,297,17.5,297,97.7,310,99.7,310
9920fa812ab7,22,2019,3000,38.0,4.0,51.2,41.0,46.0,58.9,54.9,949,37.4,949,63.8,996,36.6,996,55.0,500,38.6,500,65.5,522,35.1,522
bd61ad81dc0b,22,2019,3000,18.0,4.0,14.9,57.3,80.5,26.3,12.6,633,58.9,633,76.3,768,27.2,768,14.2,325,58.8,325,72.1,384,13.5,384
c409bfe590bc,22,2019,3000,7.0,4.0,90.5,51.2,2.6,94.9,76.8,259,52.9,259,5.3,394,99.5,394,79.4,97,55.7,97,7.0,143,100.0,143
64fbec506d1c,22,2019,3000,31.0,5.0,26.8,43.8,38.1,90.7,29.3,883,42.0,883,50.2,956,89.7,956,26.9,402,41.8,402,54.2,426,86.9,426
3425e5e11a32,22,2019,3000,31.0,9.0,10.8,74.2,1.1,98.3,12.2,883,74.9,883,0.3,956,98.7,956,21.4,56,75.0,56,0.0,60,100.0,60
3c0408528e38,22,2019,3000,41.0,5.0,3.6,35.9,25.9,74.1,4.6,910,30.1,910,33.5,948,55.3,948,5.5,400,31.2,400,35.5,411,52.3,411
8532fbe50387,22,2019,3000,47.0,7.0,5.7,44.9,9.5,96.0,7.3,850,39.5,850,9.4,873,91.1,873,11.3,204,34.8,204,9.3,205,87.3,205
8afae8fb5634,22,2019,3000,24.0,3.0,81.2,46.5,47.7,39.1,84.9,799,47.2,799,53.1,912,30.5,912,84.1,414,47.8,414,58.2,474,26.4,474
23e2740de448,22,2019,3000,57.0,1.0,65.4,92.9,42.0,39.1,70.0,653,96.9,653,63.3,664,6.8,664,78.0,100,97.0,100,59.6,104,18.3,104
9d17add0c18a,22,2019,3000,8.0,,,,,,,270,,270,,386,,386,,270,,270,,386,,386
94f03262b23f,22,2019,3000,13.0,3.0,62.6,92.9,19.8,68.4,59.9,434,88.5,434,17.0,576,87.5,576,58.2,220,86.8,220,23.6,284,84.5,284
6008737b26b3,22,2020,3000,82.0,0.0,61.3,54.1,45.9,0.0,67.8,317,51.1,317,78.3,323,0.0,323,,13,,13,,14,,14
1ae39310f94e,22,2020,3000,33.0,5.0,68.7,56.7,39.0,46.0,70.3,937,54.3,937,50.1,986,27.2,986,68.3,388,54.1,388,52.5,400,20.5,400
bc536ccccd39,22,2020,3000,27.0,3.0,1.3,8.3,73.4,35.6,1.0,863,6.1,863,71.8,941,23.3,941,0.6,464,5.4,464,67.5,505,17.8,505
68eb53081212,22,2020,3000,15.0,4.0,62.6,81.2,15.2,69.4,61.4,552,80.1,552,16.9,674,88.7,674,58.3,254,80.7,254,23.3,296,86.1,296
c5373839c4d0,22,2020,3000,44.0,14.0,15.2,33.2,25.8,97.2,18.7,972,27.6,972,35.2,995,95.6,995,,7,,7,,7,,7
40c3900e414c,22,2020,3000,83.0,4.0,71.5,75.2,42.9,74.9,78.2,317,76.7,317,69.3,323,36.8,323,82.5,143,79.7,143,71.7,145,35.2,145
97acc8adcdff,22,2020,3000,38.0,6.0,13.2,69.4,34.1,62.5,15.0,1007,66.3,1007,44.5,1048,44.2,1048,18.2,319,67.1,319,50.2,327,36.1,327
1207ea357f89,22,2020,3000,41.0,4.0,88.0,96.6,90.3,84.8,90.5,994,98.1,994,97.7,1027,76.8,1027,91.4,511,98.2,511,97.7,527,78.7,527
27c195fa72d9,22,2020,3000,41.0,4.0,85.8,77.3,13.4,83.6,87.9,994,75.4,994,14.1,1027,74.7,1027,89.6,511,76.9,511,14.6,527,76.3,527
f3e11bf7d10e,22,2020,3000,49.0,5.0,35.5,47.7,27.7,53.5,40.6,905,41.7,905,38.5,925,21.8,925,45.6,401,45.4,401,40.1,409,20.8,409
189f5c2c8316,22,2020,3000,22.0,4.0,6.2,8.9,79.0,53.5,6.0,729,7.5,729,75.5,830,58.0,830,6.7,372,7.0,372,73.4,410,53.4,410
62a89ae4a68d,22,2020,3000,225.0,2.0,,,42.1,99.2,,11,,11,,11,,11,,4,,4,,4,,4
d9e378213490,22,2020,3000,43.0,7.0,14.9,49.9,22.4,77.5,17.7,994,45.3,994,28.8,1020,61.4,1020,21.3,221,40.7,221,32.0,222,52.7,222
654c8be729a9,22,2020,3000,31.0,2.0,16.0,23.1,42.3,46.0,17.0,894,20.4,894,51.5,953,30.6,953,12.2,345,20.0,345,52.6,369,29.5,369
e5ccfdc37bf7,22,2020,3000,42.0,2.0,28.8,44.5,45.9,41.9,33.1,960,39.4,960,65.9,985,16.6,985,27.2,309,41.1,309,64.9,319,20.1,319
7331f3e8995a,22,2020,3000,31.0,4.0,19.5,50.7,36.8,56.9,19.8,894,49.3,894,44.9,953,46.5,953,19.0,474,48.9,474,47.4,500,43.6,500
15b165947742,22,2020,3000,47.0,6.0,84.8,83.1,23.2,77.5,87.4,922,82.6,922,30.6,942,57.7,942,88.8,312,83.7,312,36.8,318,52.5,318
8745baba9eb7,22,2020,3000,53.0,5.0,72.9,77.2,38.4,80.2,74.9,812,73.8,812,58.0,829,57.3,829,79.1,358,77.7,358,58.8,364,55.2,364
a3a98f9f1c8f,22,2020,3000,40.0,11.0,3.9,11.2,28.3,88.6,4.1,1028,7.2,1028,36.7,1065,84.1,1065,9.5,42,9.5,42,48.8,43,79.1,43
d302e98b589f,22,2020,3000,46.0,2.0,1.1,1.0,45.9,78.7,1.0,955,0.1,955,67.6,976,60.5,976,0.3,291,0.0,291,66.3,300,66.3,300
595e09614da9,22,2020,3000,20.0,4.0,56.0,58.8,36.1,35.6,54.9,747,59.2,747,35.0,869,36.7,869,53.9,375,57.1,375,41.3,419,26.5,419
a598563f6426,22,2020,3000,33.0,4.0,52.2,66.6,14.1,46.0,52.9,937,63.9,937,15.8,986,27.2,986,53.0,487,63.2,487,18.6,510,22.7,510
055660bec4db,22,2020,3000,32.0,0.0,10.4,48.3,45.9,0.0,10.4,958,46.7,958,57.0,1018,0.0,1018,4.1,74,52.7,74,18.2,88,0.0,88
b974472df54a,22,2020,3000,22.0,3.0,85.7,69.6,75.2,46.0,85.6,729,70.6,729,71.3,830,46.3,830,86.5,394,70.1,394,69.1,440,40.2,440
2b3bda66c720,22,2020,3000,36.0,4.0,74.2,49.0,7.0,96.3,75.9,965,46.5,965,6.1,1010,96.5,1010,77.4,508,48.2,508,7.9,529,97.7,529
d3fad117f121,22,2020,3000,32.0,7.0,91.3,86.0,34.1,46.0,92.7,958,85.6,958,42.4,1018,29.3,1018,92.1,177,87.6,177,46.5,185,20.5,185
4315f6ee6cc0,22,2020,3000,19.0,2.0,2.4,31.0,14.9,60.0,3.4,639,33.0,639,17.4,749,72.1,749,3.4,234,34.6,234,20.1,273,70.3,273
71c35125510f,22,2020,3000,27.0,3.0,88.4,86.3,10.9,93.0,89.5,863,86.0,863,12.3,941,96.0,941,90.1,464,84.7,464,14.7,505,96.2,505
a564ffe029cb,22,2020,3000,50.0,5.0,10.1,51.0,4.9,88.0,11.9,874,44.9,874,2.8,892,76.5,892,13.5,386,48.7,386,3.3,394,75.1,394
5a21732a5b83,22,2020,3000,28.0,4.0,65.7,53.1,7.2,76.4,68.6,847,53.1,847,8.5,916,77.7,916,66.8,443,51.2,443,10.4,473,74.8,473
4cd5da3f8b8e,22,2020,3000,17.0,2.0,54.1,35.7,95.7,46.0,53.5,559,39.4,559,97.4,665,59.2,665,56.8,199,40.7,199,97.0,234,50.0,234
70199f67b6cd,22,2020,3000,40.0,3.0,7.7,16.5,43.5,49.9,7.8,1028,11.0,1028,60.0,1065,26.2,1065,6.2,501,11.2,501,57.5,518,26.4,518
b3f4bf80e66b,22,2020,3000,33.0,4.0,72.8,71.6,26.7,67.1,74.7,937,69.6,937,31.6,986,57.0,986,75.2,487,68.6,487,33.3,510,55.1,510
2322e40dc6bc,22,2020,3000,16.0,2.0,20.0,1.9,88.6,28.1,15.9,555,1.8,555,87.0,675,35.3,675,11.2,197,2.0,197,81.6,239,20.9,239
6b3c5fd5ef28,22,2021,3000,35.0,4.0,27.9,62.9,29.7,76.5,29.0,1023,61.7,1023,35.3,1058,72.0,1058,28.2,500,63.6,500,36.5,518,73.2,518
cefee6d1f84d,22,2021,3000,30.0,4.0,69.2,56.2,75.5,67.0,69.9,918,53.6,918,75.8,956,64.2,956,71.7,441,54.2,441,71.2,459,63.4,459
74417f7270c2,22,2021,3000,37.0,11.0,2.4,15.8,22.6,87.6,2.5,1020,11.6,1020,27.0,1048,85.7,1048,,29,,29,,29,,29
fd2ed23244e2,22,2021,3000,11.0,7.0,94.6,88.1,9.6,58.3,92.5,346,87.3,346,10.5,440,87.0,440,92.0,50,86.0,50,18.3,60,85.0,60
2c5a4b7fddcc,22,2021,3000,48.0,8.0,6.5,42.6,31.3,77.9,7.6,1039,37.1,1039,42.5,1053,61.3,1053,6.3,159,31.4,159,48.1,160,55.0,160
fc7a8f94e639,22,2021,3000,31.0,19.0,25.9,24.8,30.4,67.0,26.4,914,20.9,914,35.9,949,63.1,949,,0,,0,,0,,0
ecd3e5253c09,22,2021,3000,50.0,4.0,5.3,2.1,5.5,97.8,6.3,1026,0.6,1026,4.2,1037,96.0,1037,6.4,512,0.8,512,4.2,519,96.3,519
5b5d15d42d8b,22,2021,3000,69.0,7.0,23.0,75.9,37.4,64.2,29.2,647,78.1,647,55.0,649,30.8,649,32.9,155,77.4,155,61.9,155,27.7,155
409870da2c10,22,2021,3000,30.0,4.0,55.8,62.8,32.0,19.0,55.3,918,61.9,918,38.5,956,10.4,956,53.7,441,62.8,441,39.9,459,0.0,459
c1b40c48d343,22,2021,3000,39.0,3.0,87.1,87.6,31.9,64.2,90.5,1044,89.5,1044,40.4,1070,48.9,1070,91.3,504,87.5,504,41.2,517,51.8,517
aae8e51eeeb8,22,2021,3000,22.0,4.0,23.5,29.1,46.9,45.2,23.0,670,31.8,670,42.6,733,51.4,733,22.1,289,29.1,289,50.8,317,42.3,317
2468c6cb6d58,22,2021,3000,19.0,5.0,65.0,96.1,80.4,50.2,66.1,610,93.9,610,75.2,685,64.2,685,60.4,207,95.2,207,67.2,232,50.0,232
026001f353bd,22,2021,3000,54.0,4.0,33.3,69.4,45.2,30.5,38.1,942,67.4,942,66.6,951,7.4,951,37.2,452,69.7,452,68.3,457,4.2,457
a50a9d26ea49,22,2021,3000,42.0,5.0,26.7,16.1,74.5,45.2,29.9,1068,11.1,1068,78.7,1087,21.5,1087,28.8,475,8.8,475,78.0,487,16.2,487
768082aac403,22,2021,3000,25.0,4.0,30.5,76.1,78.3,19.0,30.3,745,76.6,745,76.2,801,14.4,801,28.1,335,72.5,335,69.8,361,0.0,361
6044a8508221,22,2021,3000,48.0,6.0,13.5,61.8,4.1,87.6,15.1,1039,59.1,1039,2.5,1053,78.0,1053,14.4,361,56.5,361,1.9,364,73.1,364
9a26fdb832dd,22,2021,3000,35.0,6.0,29.5,88.4,44.9,64.2,31.0,1023,89.9,1023,55.7,1058,53.9,1058,29.3,317,90.5,317,61.0,323,41.5,323
fdd8a9a5bf43,22,2021,3000,99.0,5.0,12.0,19.7,74.8,58.3,15.3,190,15.3,190,87.4,190,20.0,190,17.8,90,18.9,90,90.0,90,16.7,90
8e431102a190,22,2021,3000,30.0,2.0,57.9,41.7,25.9,73.3,57.5,918,38.1,918,31.0,956,73.1,956,61.8,322,40.1,322,32.0,334,77.5,334
bcff240f9eed,22,2021,3000,59.0,9.0,70.9,68.9,13.9,99.8,74.8,849,68.0,849,16.0,857,99.5,857,69.8,106,62.3,106,14.0,107,99.1,107
333dd0a7d26d,22,2021,3000,41.0,9.0,6.9,15.2,84.6,99.1,7.7,1100,10.2,1100,92.1,1123,99.3,1123,4.7,106,9.4,106,96.3,107,99.1,107
aab54922c525,22,2021,3000,18.0,3.0,64.8,81.0,6.3,77.9,66.7,606,79.0,606,7.8,696,92.0,696,66.2,263,76.8,263,8.4,310,91.6,310
8d0baa6811a4,22,2021,3000,62.0,3.0,0.4,16.2,76.8,30.5,0.1,768,10.8,768,88.0,775,6.5,775,0.3,330,13.0,330,86.2,334,4.2,334
f98c15486acf,22,2021,3000,26.0,3.0,82.6,79.4,74.4,39.6,84.2,834,79.3,834,71.8,891,35.5,891,83.9,409,77.5,409,65.4,439,28.7,439
58efc627e18e,22,2021,3000,68.0,3.0,21.6,58.9,44.3,67.0,27.9,642,55.5,642,67.4,644,34.0,644,29.2,271,59.8,271,64.3,272,37.9,272
1a579881105c,22,2021,3000,56.0,6.0,49.5,92.3,29.3,90.4,53.8,915,94.5,915,39.0,924,79.9,924,52.6,329,94.5,329,46.1,330,76.7,330
bba9a9c60e94,22,2021,3000,33.0,3.0,11.3,29.9,44.1,54.5,11.9,976,25.0,976,53.7,1013,42.1,1013,12.8,477,26.0,477,57.1,497,43.3,497
fb60971e4891,22,2021,3000,70.0,8.0,25.3,27.1,35.0,80.7,31.2,616,21.4,616,51.0,618,54.7,618,33.6,116,15.5,116,55.2,116,49.1,116
a4f1361ca8da,22,2021,3000,26.0,3.0,69.5,72.4,35.5,50.2,70.7,834,73.9,834,39.1,891,49.5,891,72.4,409,73.6,409,44.2,439,46.0,439
d7e466fe9b68,22,2021,3000,35.0,8.0,21.4,19.7,85.9,86.0,22.5,1023,15.2,1023,91.1,1058,85.6,1058,22.3,139,12.2,139,90.7,140,79.3,140
e053f4e24d79,22,2021,3000,49.0,2.0,56.5,61.4,76.3,60.9,58.4,1060,58.0,1060,84.3,1074,34.4,1074,59.9,327,62.4,327,81.1,328,42.7,328
6888cae6908f,22,2022,3000,44.0,3.0,24.8,66.5,44.5,34.8,28.1,1162,65.0,1162,60.2,1172,17.5,1172,28.6,454,67.0,454,64.4,458,10.9,458
830446678bba,22,2022,3000,74.0,7.0,3.4,35.7,13.9,78.5,3.6,496,28.6,496,13.0,499,48.5,499,6.7,149,26.2,149,15.3,150,42.7,150
e8e2ae16d950,22,2022,3000,49.0,6.0,63.5,77.4,28.4,76.0,65.6,1082,78.0,1082,35.8,1091,59.9,1091,66.0,385,78.4,385,43.8,386,50.3,386
a5af353e60d8,22,2022,3000,64.0,2.0,92.3,74.3,44.5,22.5,96.3,730,71.6,730,69.9,734,4.9,734,97.0,166,76.5,166,69.0,168,0.0,168
8e1cca9218d0,22,2022,3000,56.0,4.0,6.0,17.5,38.5,65.8,7.3,906,10.6,906,56.7,914,38.9,914,6.5,398,13.6,398,59.0,400,37.2,400
bd5ec03bcf0b,22,2022,3000,13.0,4.0,67.3,39.0,90.2,51.2,63.2,383,46.2,383,84.2,474,80.6,474,61.5,122,38.5,122,69.5,151,64.9,151
18d086e044b5,22,2022,3000,62.0,7.0,94.9,92.4,30.4,51.2,98.4,762,94.6,762,41.6,767,20.7,767,98.2,226,95.1,226,46.7,227,15.0,227
5b588890d274,22,2022,3000,39.0,4.0,6.8,37.6,34.8,70.2,7.4,1183,32.8,1183,44.3,1199,60.6,1199,7.5,519,33.7,519,49.0,526,58.9,526
cda29d0f498b,22,2022,3000,62.0,2.0,28.8,49.0,44.2,22.5,34.6,762,42.9,762,68.3,767,5.2,767,30.6,173,45.7,173,69.1,175,0.0,175
da52c0e0b2a1,22,2022,3000,47.0,8.0,18.8,33.4,37.7,80.6,22.2,1110,27.0,1110,52.6,1120,68.8,1120,22.8,206,20.9,206,55.6,207,52.7,207
d4f0d6c91116,22,2022,3000,33.0,12.0,33.9,38.7,87.4,56.4,37.1,1118,37.8,1118,90.8,1141,48.9,1141,,11,,11,,11,,11
01e1e998335f,22,2022,3000,40.0,6.0,78.2,69.5,10.5,87.9,82.1,1224,70.2,1224,11.0,1240,85.2,1240,84.0,424,70.8,424,13.1,426,81.0,426
aa8666a45b6a,22,2022,3000,53.0,4.0,22.0,68.4,32.6,73.6,26.4,982,66.0,982,44.2,991,53.0,991,28.6,426,68.8,426,46.2,429,53.8,429
00ffd7a0d41d,22,2022,3000,52.0,3.0,64.7,46.0,43.4,70.2,66.9,1029,40.2,1029,62.3,1038,49.9,1038,71.0,397,44.3,397,65.2,400,53.2,400
3681a81ae703,22,2022,3000,69.0,11.0,56.0,58.0,34.2,73.6,56.9,642,52.0,642,49.5,645,44.0,645,48.7,39,43.6,39,56.4,39,38.5,39
75b7a62816c6,22,2022,3000,8.0,0.0,1.7,34.0,44.5,0.0,2.0,205,44.9,205,13.1,275,0.0,275,2.5,121,46.3,121,3.1,161,0.0,161
7a7ad7b9725d,22,2022,3000,31.0,4.0,42.0,41.7,17.7,56.4,44.7,1057,41.7,1057,22.2,1082,51.8,1082,45.0,476,41.6,476,24.6,483,47.4,483
fe9a2b28cf0e,22,2022,3000,24.0,0.0,45.4,23.5,44.5,0.0,48.2,881,25.7,881,40.6,933,0.0,933,52.5,183,32.2,183,5.3,206,0.0,206
2daf5908a8e8,22,2023,3000,49.0,9.0,44.2,51.9,21.9,65.3,45.3,1002,47.0,1002,31.1,1022,41.5,1022,41.0,122,37.7,122,32.8,122,24.6,122
fd5af67ca365,22,2023,3000,31.0,2.0,51.7,58.9,87.5,38.9,55.4,891,59.0,891,84.1,944,26.6,944,55.1,216,58.8,216,76.7,219,0.0,219
7394b8f9c395,22,2023,3000,23.0,0.0,90.5,81.3,34.5,0.0,90.7,728,80.9,728,29.8,840,0.0,840,91.8,292,81.8,292,2.2,370,0.0,370
7e082b22cb62,22,2023,3000,32.0,6.0,64.9,44.7,12.2,72.5,66.8,958,43.3,958,16.0,1012,65.8,1012,66.2,284,34.5,284,26.8,291,51.2,291
b5ce9968101b,22,2023,3000,30.0,6.0,60.9,67.6,21.7,84.3,64.0,885,69.2,885,26.4,948,85.1,948,62.4,245,68.2,245,40.4,255,77.3,255
6c8a55a54b45,22,2023,3000,29.0,4.0,44.1,40.0,83.7,38.9,48.3,893,39.9,893,79.5,966,29.5,966,47.2,356,38.2,356,69.7,373,0.0,373
1d454f14594b,22,2023,3000,37.0,8.0,50.2,70.9,27.7,93.2,52.6,999,70.7,999,36.5,1028,91.5,1028,52.2,134,69.4,134,47.8,134,91.0,134
a8111a316d03,22,2023,3000,59.0,3.0,65.0,75.6,32.5,38.9,66.9,780,74.9,780,53.0,793,12.2,793,71.7,293,77.5,293,59.5,296,0.3,296
8cba5682b348,22,2023,3000,80.0,5.0,20.2,35.0,31.6,81.4,24.8,420,28.1,420,55.6,426,54.9,426,27.8,187,32.1,187,59.0,188,54.3,188
8e8c8c512240,22,2023,3000,64.0,2.0,42.9,62.1,33.4,77.7,44.1,694,58.5,694,56.4,707,52.3,707,49.0,145,64.8,145,65.8,146,49.3,146
f0a5307b776a,22,2023,3000,31.0,8.0,19.7,45.5,20.3,54.8,20.3,891,44.6,891,25.3,944,43.1,944,22.4,98,43.9,98,33.3,99,13.1,99
88099efca158,22,2023,3000,47.0,4.0,1.8,61.2,20.0,77.7,1.5,1005,57.3,1005,28.0,1027,60.4,1027,1.4,437,60.0,437,32.1,439,54.9,439
25fd989cb588,22,2023,3000,69.0,5.0,80.2,75.4,33.4,96.4,83.9,616,74.8,616,57.4,627,91.4,627,86.0,258,77.9,258,61.5,260,91.2,260
95ac08bdc27e,22,2023,3000,63.0,11.0,3.9,27.6,14.4,92.1,3.4,728,17.7,728,17.3,741,81.2,741,5.8,52,13.5,52,21.2,52,75.0,52
0c5a9f4def54,22,2023,3000,4.0,0.0,63.0,14.1,34.5,0.0,42.2,83,36.1,83,6.7,194,0.0,194,44.3,61,39.3,61,1.9,155,0.0,155
ce3127e45bf1,22,2023,3000,66.0,7.0,41.6,73.7,34.5,54.8,43.5,676,72.6,676,58.5,689,23.5,689,44.7,159,71.1,159,66.9,160,13.1,160
c34d0399d40e,22,2023,3000,13.0,10.0,21.6,12.2,12.8,93.2,19.2,380,21.6,380,11.0,537,99.8,537,,7,,7,,12,,12
3301cbb6232e,22,2023,3000,56.0,7.0,0.7,20.2,13.3,98.3,0.7,839,12.4,839,16.1,853,97.0,853,0.0,195,9.2,195,19.4,196,95.9,196
12a9a39144c1,22,2023,3000,16.0,6.0,99.9,99.3,34.5,81.4,100.0,467,98.5,467,21.9,626,96.0,626,100.0,84,100.0,84,48.5,99,85.9,99
ea1b251c1dd7,22,2023,3000,15.0,0.0,42.2,41.2,34.5,0.0,40.5,469,46.5,469,20.8,640,0.0,640,40.8,260,46.5,260,1.6,380,0.0,380
2c9a350e970a,22,2023,3000,51.0,2.0,57.9,62.7,27.0,38.9,58.5,925,59.2,925,40.9,943,14.2,943,61.3,199,62.8,199,45.5,200,0.0,200
3ecc54161003,22,2023,3000,33.0,6.0,82.6,81.1,22.2,38.9,83.8,957,82.4,957,28.8,1005,24.6,1005,83.6,281,80.4,281,42.7,288,0.0,288
1bdf12171b37,22,2023,3000,48.0,6.0,18.0,76.3,34.5,54.8,20.1,980,76.2,980,53.3,1000,27.6,1000,22.9,315,76.2,315,63.7,317,14.2,317
7000e6cffc55,22,2023,3000,34.0,3.0,89.8,79.0,9.0,89.4,91.7,955,79.7,955,10.8,991,88.2,991,91.7,338,79.9,338,12.2,344,87.2,344
571992758989,22,2023,3000,63.0,4.0,12.4,73.9,80.1,89.4,14.4,728,72.7,728,79.5,741,74.8,741,14.9,315,77.1,315,74.1,316,75.6,316
ad90d790c9d8,22,2023,3000,32.0,7.0,54.7,54.5,20.3,77.7,57.6,958,54.2,958,26.3,1012,74.0,1012,54.4,182,48.4,182,38.0,184,62.0,184
2720738ce536,22,2023,3000,44.0,4.0,30.9,76.8,81.3,84.3,33.4,1023,76.9,1023,79.2,1047,73.4,1047,32.9,434,79.3,434,74.4,437,69.6,437
633f9e3621b3,22,2023,3000,60.0,5.0,21.7,66.2,34.5,90.8,24.4,788,62.4,788,56.7,802,79.7,802,23.6,326,64.4,326,63.8,329,76.9,329
e9cf2137cf5d,22,2024,3000,44.0,0.0,40.3,47.8,17.1,0.0,44.2,1062,44.6,1062,21.5,1179,0.0,1179,44.9,613,48.5,613,0.7,726,0.0,726
7d4d22b5226f,22,2024,3000,69.0,5.0,22.1,17.7,14.7,95.2,25.9,700,12.7,700,25.2,747,88.5,747,18.5,151,6.6,151,50.3,151,80.1,151
fb8db110b12d,22,2024,3000,102.0,0.0,13.9,29.9,17.1,0.0,19.4,206,24.8,206,35.5,214,0.0,214,20.6,102,32.4,102,0.0,110,0.0,110
0497ac6b974f,22,2024,3000,33.0,0.0,96.9,95.3,17.1,0.0,98.3,883,95.9,883,16.6,1016,0.0,1016,98.8,565,97.3,565,1.0,694,0.0,694
8c99fa9c2405,22,2024,3000,54.0,12.0,28.0,69.9,17.1,83.4,31.3,965,67.8,965,26.4,1050,72.2,1050,,25,,25,,25,,25
b887c1331218,22,2024,3000,35.0,0.0,30.0,65.0,17.1,0.0,31.5,950,66.4,950,17.5,1081,0.0,1081,31.9,599,69.3,599,0.8,726,0.0,726
7dee2542e5e3,22,2024,3000,36.0,0.0,,,17.1,0.0,,961,,961,18.2,1087,0.0,1087,,593,,593,0.8,715,0.0,715
7cfad49db475,22,2024,3000,65.0,0.0,55.7,59.6,17.1,0.0,58.9,760,53.8,760,30.6,811,0.0,811,63.7,380,59.5,380,1.2,431,0.0,431
1bddc29450af,22,2024,3000,48.0,0.0,0.5,25.2,17.1,0.0,0.1,1015,20.5,1015,23.3,1122,0.0,1122,0.0,567,22.8,567,1.0,672,0.0,672
f936923f9e6a,22,2024,3000,33.0,0.0,67.0,81.2,17.1,0.0,69.9,883,82.0,883,16.6,1016,0.0,1016,72.4,565,84.1,565,1.0,694,0.0,694
920b9183f217,22,2024,3000,41.0,0.0,0.9,20.4,17.1,0.0,0.7,1053,17.2,1053,20.0,1170,0.0,1170,0.3,631,18.7,631,0.8,744,0.0,744
9c589dc07196,22,2024,3000,27.0,14.0,2.5,37.7,14.4,90.0,2.3,694,39.6,694,12.0,839,93.9,839,,1,,1,,1,,1
6868015b5fd4,22,2024,3000,63.0,12.0,60.9,70.6,2.2,97.0,62.8,830,67.0,830,2.0,895,93.5,895,,25,,25,,25,,25
7d73fb679c9e,22,2024,3000,50.0,0.0,56.7,54.4,17.1,0.0,59.7,1025,51.0,1025,24.9,1126,0.0,1126,63.0,560,55.5,560,1.1,659,0.0,659
4780234b333d,22,2024,3000,32.0,0.0,,,17.1,0.0,,881,,881,15.9,1025,0.0,1025,,578,,578,1.0,716,0.0,716
4c9bf19b87e0,22,2024,3000,78.0,10.0,2.1,9.3,91.0,69.2,1.2,509,5.3,509,92.2,538,48.5,538,0.0,40,0.0,40,85.0,40,0.0,40
2281572086af,22,2024,3000,83.0,0.0,14.0,73.6,17.1,0.0,18.4,418,69.9,418,37.5,443,0.0,443,21.7,189,78.8,189,1.4,214,0.0,214
e88e930525d2,22,2024,3000,28.0,0.0,87.2,69.2,17.1,0.0,88.3,721,71.3,721,13.2,851,0.0,851,88.9,496,71.6,496,0.6,622,0.0,622
60eec938a61c,22,2024,3000,62.0,5.0,27.9,70.1,14.8,90.0,32.7,825,66.5,825,24.7,890,80.0,890,27.2,173,63.6,173,50.9,173,51.4,173
697c470ad7e9,22,2024,3000,63.0,13.0,31.3,61.9,13.9,98.5,36.0,830,58.1,830,22.6,895,96.8,895,,13,,13,,13,,13
2caafd6d935d,22,2024,3000,51.0,0.0,2.7,16.2,17.1,0.0,2.5,993,11.8,993,25.6,1088,0.0,1088,2.0,538,14.3,538,1.1,631,0.0,631
3d136358ea7a,22,2024,3000,53.0,0.0,32.7,61.5,17.1,0.0,36.2,986,59.0,986,26.4,1078,0.0,1078,37.6,527,64.5,527,1.1,617,0.0,617
34cee59bdcd0,22,2024,3000,47.0,5.0,9.1,60.9,8.6,69.2,9.5,1037,58.9,1037,11.0,1147,58.0,1147,6.5,200,52.0,200,26.9,201,0.0,201
e0e14d9230bf,22,2024,3000,29.0,3.0,23.1,88.2,13.6,83.4,23.1,795,88.1,795,12.2,934,86.8,934,21.4,126,87.3,126,45.3,128,55.5,128
e128f7cc0549,22,2024,3000,45.0,0.0,,,17.1,0.0,,1035,,1035,21.8,1149,0.0,1149,,590,,590,0.7,700,0.0,700
d2b6efef2403,22,2024,3000,101.0,4.0,11.7,29.7,16.3,69.2,16.6,223,25.1,223,35.1,231,49.8,231,7.5,40,15.0,40,75.0,40,0.0,40
45d2de2795e0,22,2024,3000,43.0,0.0,0.7,10.8,17.1,0.0,0.4,1081,7.2,1081,21.3,1204,0.0,1204,0.2,631,8.7,631,0.9,750,0.0,750
8087abb57c9a,22,2025,3000,48.0,,,,,,,0,,0,,1,,1,,0,,0,,1,,1
a799d2983af7,22,2025,3000,34.0,,,,,,,0,,0,,0,,0,,0,,0,,0,,0
d72d70819bab,22,2025,3000,56.0,,,,,,,0,,0,,1,,1,,0,,0,,1,,1
7602a18bd8a6,22,2025,3000,70.0,,,,,,,0,,0,,1,,1,,0,,0,,1,,1
718d01bdc986,22,2025,3000,22.0,,,,,,,0,,0,,0,,0,,0,,0,,0,,0
133cd681dac3,22,2025,3000,18.0,,,,,,,0,,0,,0,,0,,0,,0,,0,,0
cf8efd0fc9a2,22,2025,3000,21.0,,,,,,,0,,0,,0,,0,,0,,0,,0,,0
582833eb0bb5,22,2025,3000,31.0,,,,,,,0,,0,,0,,0,,0,,0,,0,,0
bfc1d9f2bd50,22,2025,3000,45.0,,,,,,,0,,0,,1,,1,,0,,0,,1,,1
7f0f69cb60f5,22,2025,3000,57.0,,,,,,,0,,0,,1,,1,,0,,0,,1,,1
d27bbef63358,22,2025,3000,41.0,,,,,,,0,,0,,1,,1,,0,,0,,1,,1
c724de77db6a,22,2025,3000,35.0,,,,,,,0,,0,,0,,0,,0,,0,,0,,0
28a060b82abe,22,2025,3000,44.0,,,,,,,0,,0,,1,,1,,0,,0,,1,,1
230c7d6c0e31,22,2025,3000,26.0,,,,,,,0,,0,,0,,0,,0,,0,,0,,0
2eacbcd221af,22,2025,3000,34.0,,,,,,,0,,0,,0,,0,,0,,0,,0,,0
54bf4613559e,22,2025,3000,84.0,,,,,,,0,,0,,0,,0,,0,,0,,0,,0
c3a3370af041,22,2025,3000,22.0,,,,,,,0,,0,,0,,0,,0,,0,,0,,0
50756fd69794,22,2025,3000,32.0,,,,,,,0,,0,,0,,0,,0,,0,,0,,0
96e051c7e4f4,22,2025,3000,39.0,,,,,,,0,,0,,0,,0,,0,,0,,0,,0
a93f0450309b,22,2025,3000,44.0,,,,,,,0,,0,,1,,1,,0,,0,,1,,1
fee21d31f697,22,2025,3000,35.0,,,,,,,0,,0,,0,,0,,0,,0,,0,,0
9ec37d20e883,22,2026,3000,21.0,,,,,,,0,,0,,0,,0,,0,,0,,0,,0
5fcff8ee5f8b,22,2026,3000,24.0,,,,,,,0,,0,,0,,0,,0,,0,,0,,0
be54de9b6914,22,2026,3000,39.0,,,,,,,0,,0,,0,,0,,0,,0,,0,,0
e8d6029e1261,22,2026,3000,30.0,,,,,,,0,,0,,0,,0,,0,,0,,0,,0
cb9ae91b7a06,22,2026,3000,22.0,,,,,,,0,,0,,0,,0,,0,,0,,0,,0
4a2bc06b8999,22,2026,3000,27.0,,,,,,,0,,0,,0,,0,,0,,0,,0,,0
7092e633df0d,23,2006,3000,22.0,3.0,72.9,61.8,14.6,74.6,75.5,719,62.9,719,18.3,804,75.5,804,74.4,464,62.7,464,18.4,494,74.7,494
3ff1a2b6712e,23,2009,3000,9.0,3.0,87.3,57.0,10.4,30.4,69.2,279,60.6,279,11.9,429,55.2,429,66.7,132,61.4,132,15.3,196,44.4,196
648a01917ce3,23,2019,3000,35.0,3.0,15.3,43.2,36.7,38.8,18.0,892,42.0,892,42.5,916,28.5,916,16.2,421,39.7,421,42.1,432,28.0,432
c0a5f14be1a4,23,2022,3000,26.0,0.0,1.6,19.4,51.1,0.0,2.5,608,27.6,608,39.5,618,0.0,618,2.9,139,24.5,139,5.5,146,0.0,146
c62d92671467,23,2022,3000,28.0,6.0,20.3,3.4,93.3,73.9,24.6,619,4.2,619,92.8,629,83.9,629,27.8,187,2.7,187,93.0,187,79.7,187
ccfc3ebd75d1,23,2022,3000,40.0,5.0,3.8,52.1,48.9,39.5,4.9,1086,52.9,1086,53.0,1095,28.2,1095,5.4,429,52.9,429,58.0,431,21.6,431
5d24803d1222,23,2023,3000,50.0,11.0,4.7,13.3,78.5,65.3,4.8,1136,7.8,1136,74.1,1151,52.1,1151,9.2,65,9.2,65,72.3,65,32.3,65
be2c7d15b528,23,2023,3000,55.0,4.0,16.1,34.0,15.5,96.2,17.6,1173,25.7,1173,18.3,1187,94.4,1187,17.2,429,25.2,429,20.9,431,95.8,431
88e8125ccb6f,23,2024,3000,58.0,0.0,36.9,33.8,20.6,0.0,39.5,1212,26.5,1212,26.8,1243,0.0,1243,37.5,670,28.1,670,0.6,700,0.0,700
33f950f1f37b,23,2024,3000,53.0,2.0,4.1,27.6,15.8,65.4,4.2,1168,22.3,1168,20.9,1200,56.0,1200,5.4,111,30.6,111,47.7,111,0.0,111
9f7f1f0e2493,23,2025,3000,61.0,,,,,,,0,,0,,0,,0,,0,,0,,0,,0
6bb9b41a2203,23,2025,3000,26.0,,,,,,,0,,0,,0,,0,,0,,0,,0,,0
8a0d1a9a2d33,23,2025,3000,34.0,,,,,,,0,,0,,0,,0,,0,,0,,0,,0
bb7e25b7e9d6,25,1998,3000,5.0,2.0,99.1,98.1,93.3,55.0,96.5,258,96.5,258,85.4,329,76.6,329,97.1,102,97.1,102,80.4,143,69.2,143
1d0ed5210dcd,25,2006,3000,17.0,7.0,94.0,88.7,52.9,89.7,96.3,909,89.7,909,56.5,934,90.9,934,97.6,165,92.7,165,60.7,168,89.3,168
39dcba207806,25,2006,3000,22.0,9.0,92.9,88.9,17.6,88.3,96.5,1129,91.0,1129,20.2,1148,86.8,1148,95.5,67,94.0,67,23.9,67,82.1,67
e22edc08944b,25,2006,3000,14.0,8.0,92.4,83.2,10.4,90.3,92.8,764,82.6,764,13.2,796,92.8,796,92.4,79,83.5,79,13.6,81,90.1,81
c786b0df039f,25,2007,3000,21.0,8.0,81.0,79.1,73.3,52.6,83.1,1142,78.8,1142,72.7,1168,45.3,1168,81.6,136,77.9,136,77.2,136,33.8,136
542cb02422fd,25,2007,3000,25.0,9.0,79.3,69.3,45.3,62.1,82.8,1129,67.3,1129,53.4,1154,54.6,1154,77.8,81,60.5,81,64.2,81,50.6,81
f97079941223,25,2007,3000,26.0,8.0,84.4,68.5,33.5,43.4,88.4,1201,66.4,1201,40.2,1229,29.9,1229,87.3,150,62.7,150,48.0,150,20.7,150
d390bf8bc04b,25,2007,3000,22.0,8.0,93.3,84.2,43.4,47.6,96.6,1119,84.7,1119,49.7,1144,37.6,1144,96.3,134,88.8,134,57.5,134,24.6,134
4ecb63be2ce0,25,2007,3000,23.0,7.0,74.0,80.2,12.6,91.0,76.4,1211,80.3,1211,14.5,1239,90.1,1239,72.9,251,81.7,251,19.4,252,88.5,252
1d3310e699ac,25,2007,3000,25.0,10.0,67.6,78.1,50.2,92.3,69.7,1129,77.7,1129,59.4,1154,90.5,1154,66.7,45,75.6,45,80.0,45,82.2,45
0cb5ea330cbb,25,2008,3000,37.0,9.0,3.5,12.3,29.8,26.1,3.7,989,10.2,989,35.2,1007,8.2,1007,5.1,78,9.0,78,37.2,78,1.3,78
b4fe1f56acd7,25,2009,3000,21.0,8.0,83.7,74.6,32.1,76.4,83.7,1031,74.4,1031,34.3,1063,79.0,1063,79.5,132,72.0,132,47.0,132,71.2,132
0d18f50d9e8f,25,2009,3000,19.0,10.0,96.9,94.6,37.5,22.8,98.4,917,94.1,917,38.6,953,19.6,953,100.0,45,95.6,45,48.9,45,13.3,45
81b853e4c154,25,2016,3000,37.0,5.0,9.6,22.9,76.7,31.9,9.4,1364,18.1,1364,79.1,1368,19.8,1368,8.8,602,17.8,602,76.9,603,16.3,603
4e1bc421b023,25,2016,3000,35.0,10.0,57.7,62.2,17.2,92.0,57.9,1385,61.6,1385,19.1,1392,92.1,1392,57.1,119,54.6,119,28.6,119,86.6,119
853b21f8f5a3,25,2016,3000,28.0,10.0,59.0,48.1,20.4,99.1,59.3,1069,47.6,1069,21.9,1080,99.7,1080,61.5,78,41.0,78,31.6,79,100.0,79
82de53fe58e5,25,2017,3000,32.0,11.0,50.5,40.1,57.0,38.8,52.7,1219,40.7,1219,60.2,1233,34.0,1233,47.2,53,32.1,53,77.4,53,13.2,53
edb94f886caa,25,2017,3000,50.0,11.0,82.6,80.8,82.9,90.0,83.5,1386,79.6,1386,88.7,1392,84.5,1392,68.6,86,69.8,86,87.2,86,72.1,86
7ec6007a8aff,25,2018,3000,32.0,10.0,48.2,38.1,24.6,67.1,51.9,1219,39.0,1219,27.0,1228,68.0,1228,51.4,105,37.1,105,33.3,105,52.4,105
e2f184676ee7,25,2018,3000,15.0,2.0,19.2,62.1,31.8,83.4,15.0,366,69.9,366,23.2,409,98.5,409,18.0,122,73.8,122,26.2,130,98.5,130
e17bcf32ce5e,25,2018,3000,30.0,8.0,72.6,49.9,40.3,22.5,74.9,1093,52.3,1093,41.8,1104,16.6,1104,71.3,230,48.3,230,52.8,231,7.8,231
fc21db55464c,25,2018,3000,35.0,4.0,63.2,87.3,95.0,65.6,65.3,1326,88.9,1326,97.5,1334,63.0,1334,65.9,589,89.1,589,97.3,590,68.0,590
797169e09f2b,25,2018,3000,29.0,3.0,0.2,69.1,19.4,33.7,0.3,1063,72.1,1063,20.2,1078,33.1,1078,0.0,417,77.2,417,18.8,420,39.0,420
d322f98677a3,25,2018,3000,71.0,3.0,62.7,71.2,57.8,22.5,61.1,815,66.7,815,76.1,816,5.4,816,65.6,291,71.1,291,73.5,291,6.9,291
409fe09dac16,25,2018,3000,34.0,6.0,1.0,31.2,87.4,86.7,1.1,1229,29.5,1229,88.7,1237,87.7,1237,0.6,508,26.4,508,86.7,510,87.1,510
620cfcc9aab5,25,2018,3000,45.0,7.0,70.2,57.9,54.4,22.5,70.3,1452,55.3,1452,63.0,1458,8.4,1458,67.8,487,51.3,487,64.5,488,3.3,488
2cfb4180b387,25,2018,3000,34.0,9.0,72.6,53.7,15.7,65.6,74.0,1229,54.0,1229,17.0,1237,64.1,1237,69.9,186,48.9,186,15.6,186,53.2,186
3a72fab5f46c,25,2019,3000,46.0,6.0,85.4,93.6,10.3,45.7,86.4,1504,94.9,1504,10.6,1511,31.7,1511,84.0,583,93.7,583,12.0,585,25.5,585
4c238eac194e,25,2019,3000,42.0,7.0,65.8,70.5,24.5,63.0,67.1,1427,69.0,1427,27.0,1435,56.1,1435,63.4,448,65.6,448,29.6,449,50.3,449
177ea6b960cc,25,2019,3000,26.0,6.0,15.7,33.6,13.8,23.8,15.6,807,38.4,807,16.6,829,24.1,829,15.9,277,40.1,277,18.8,282,17.0,282
07706fdeeba6,25,2019,3000,21.0,4.0,29.9,56.1,2.2,42.2,31.1,544,67.3,544,3.2,568,62.5,568,27.9,251,68.1,251,3.9,259,59.8,259
74d1d9aa4eb7,25,2019,3000,79.0,1.0,1.3,7.1,74.1,32.7,0.6,693,3.2,693,84.1,694,8.4,694,1.5,67,0.0,67,85.3,68,16.2,68
4d81d895acf6,25,2019,3000,26.0,4.0,9.4,11.3,54.7,42.2,9.8,807,10.9,807,51.1,829,49.9,829,8.3,374,10.2,374,52.7,383,48.8,383
e60ed3dfaed8,25,2019,3000,73.0,3.0,62.8,51.1,55.2,42.2,62.3,875,44.2,875,72.1,876,17.7,876,68.2,324,49.7,324,66.7,324,22.5,324
c2a9ceb6c91e,25,2019,3000,69.0,5.0,75.9,81.3,31.4,45.7,76.4,1016,80.5,1016,37.2,1017,21.0,1017,76.3,452,79.9,452,37.8,452,19.7,452
5ea500536453,25,2019,3000,59.0,8.0,50.3,68.0,22.4,64.5,50.1,1291,64.3,1291,23.5,1292,47.4,1292,48.8,299,58.9,299,28.4,299,42.8,299
4d302e3f916b,25,2019,3000,92.0,5.0,30.5,30.3,2.2,93.2,32.1,446,22.6,446,0.9,447,85.2,447,25.1,187,22.5,187,1.1,187,87.7,187
24d8666c37ef,25,2019,3000,24.0,3.0,97.3,96.7,90.4,67.4,98.7,686,96.4,686,87.6,708,80.6,708,99.6,285,98.2,285,83.8,290,82.8,290
faf402990b3c,25,2019,3000,37.0,3.0,1.9,17.6,48.0,13.8,2.5,1288,15.6,1288,52.4,1297,4.7,1297,1.4,494,16.4,494,46.4,496,3.4,496
1f5dbacce0f0,25,2019,3000,45.0,1.0,1.8,11.3,75.5,67.4,1.7,1448,7.7,1448,78.1,1454,59.6,1454,0.7,140,6.4,140,78.2,142,81.0,142
1891031071b0,25,2019,3000,71.0,1.0,,,53.0,53.8,,931,,931,67.3,932,29.9,932,,91,,91,55.4,92,55.4,92
6bc07324fa56,25,2019,3000,41.0,,,,,,,1451,,1451,,1459,,1459,,1451,,1451,,1459,,1459
082c4c8c3162,25,2019,3000,108.0,2.0,70.9,71.4,8.4,99.9,65.2,204,60.3,204,7.8,204,100.0,204,70.5,61,67.2,61,9.8,61,100.0,61
0a4f67d7efa2,25,2020,3000,36.0,8.0,2.6,6.7,36.9,25.0,3.0,1235,5.3,1235,39.9,1237,17.6,1237,3.5,287,4.9,287,44.1,288,10.1,288
144b89d5eaf0,25,2020,3000,20.0,2.0,97.7,96.3,93.3,70.8,98.4,487,95.7,487,89.4,508,91.5,508,99.3,148,98.0,148,86.1,151,93.4,151
d97d2f5454d9,25,2020,3000,48.0,11.0,5.6,0.9,60.9,53.4,6.3,1534,0.4,1534,70.4,1535,41.0,1535,7.3,110,0.9,110,78.2,110,32.7,110
0506b29523e0,25,2020,3000,103.0,5.0,58.3,62.0,18.6,98.7,60.3,320,57.8,320,15.6,320,97.2,320,57.0,135,54.1,135,14.8,135,97.8,135
ebbae55688d7,25,2020,3000,73.0,3.0,68.5,46.0,57.9,53.4,68.5,1007,40.6,1007,73.6,1007,30.1,1007,72.3,332,44.9,332,75.0,332,33.4,332
d00b67385d55,25,2020,3000,46.0,10.0,86.7,86.1,27.2,66.1,86.8,1569,86.6,1569,30.3,1570,59.1,1570,81.2,191,80.1,191,37.2,191,48.2,191
1d43bf8758de,25,2020,3000,32.0,3.0,85.8,86.4,91.1,50.8,86.9,1107,88.0,1107,90.8,1111,55.4,1111,88.0,400,90.0,400,90.8,402,56.0,402
e412e60bed4c,25,2020,3000,38.0,5.0,7.7,21.6,50.3,70.8,8.4,1352,19.1,1352,53.9,1354,71.9,1354,7.5,587,19.4,587,56.7,587,71.6,587
506a1080ada9,25,2020,3000,32.0,9.0,9.8,12.0,60.9,14.5,11.1,1107,12.3,1107,59.1,1111,10.4,1111,12.7,166,9.6,166,66.3,166,1.8,166
61ddd223a0b4,25,2020,3000,32.0,5.0,92.9,78.6,96.4,64.3,93.9,1107,79.5,1107,97.0,1111,71.5,1111,94.9,472,79.4,472,97.0,474,69.0,474
59cf6843c915,25,2020,3000,22.0,12.0,36.6,48.6,60.9,14.5,36.9,520,56.9,520,47.0,534,21.9,534,,5,,5,,5,,5
1132359b512f,25,2020,3000,55.0,6.0,85.4,76.8,43.4,97.5,85.5,1515,76.0,1515,50.9,1516,96.8,1516,84.7,600,77.3,600,51.5,600,98.0,600
951a88b7dad8,25,2020,3000,55.0,3.0,7.9,13.9,57.2,91.6,8.8,1515,9.6,1515,68.9,1516,88.7,1516,6.3,479,10.0,479,69.9,479,91.6,479
3624008ea75c,25,2020,3000,23.0,10.0,82.1,75.3,47.1,53.4,85.8,612,79.4,612,40.1,626,74.4,626,88.2,34,76.5,34,62.9,35,48.6,35
8fdeb70de0e5,25,2021,3000,57.0,7.0,72.2,74.5,11.5,99.9,71.9,1501,72.6,1501,12.0,1503,99.9,1503,68.1,502,67.7,502,13.9,502,99.8,502
0bfb72a23530,25,2021,3000,95.0,11.0,6.0,20.7,53.6,52.7,5.2,536,17.0,536,72.1,538,29.9,538,5.0,40,17.5,40,70.0,40,22.5,40
a5678f00dcfb,25,2021,3000,37.0,12.0,85.7,85.6,56.5,41.3,85.4,1223,84.9,1223,58.7,1229,39.4,1229,64.9,37,64.9,37,75.7,37,13.5,37
a6302d08bc70,25,2021,3000,46.0,11.0,69.2,74.5,1.8,72.8,67.6,1599,73.1,1599,1.5,1601,69.0,1601,64.8,108,63.9,108,2.8,108,54.6,108
b6c429dd1a94,25,2021,3000,31.0,11.0,65.4,60.1,52.8,49.2,65.5,941,58.8,941,48.3,951,56.3,951,,27,,27,,27,,27
7e70f9aa21b2,25,2021,3000,34.0,12.0,66.1,48.4,7.0,56.3,65.1,1078,47.8,1078,8.6,1084,60.3,1084,,20,,20,,20,,20
9b37f0f8cf85,25,2022,3000,21.0,8.0,71.4,34.5,43.5,15.3,76.4,440,41.1,440,34.4,454,24.0,454,77.1,70,38.6,70,37.1,70,0.0,70
781c6f821e73,25,2022,3000,67.0,4.0,58.5,89.6,28.1,86.9,56.0,1253,88.9,1253,29.8,1256,80.2,1256,61.4,415,92.3,415,24.8,416,85.1,416
e7dd86304107,25,2022,3000,49.0,5.0,81.7,82.8,55.9,66.9,81.2,1689,82.1,1689,62.0,1694,61.0,1694,80.3,640,83.6,640,64.7,641,60.1,641
9f023d213053,25,2022,3000,48.0,3.0,3.2,13.5,55.9,23.9,3.0,1644,10.5,1644,61.4,1649,15.8,1649,2.6,419,10.7,419,66.1,419,10.0,419
796b6591e65e,25,2023,3000,56.0,3.0,0.5,83.8,35.8,46.4,0.4,1615,81.6,1615,41.4,1617,33.4,1617,0.0,436,85.8,436,43.3,436,29.1,436
95c595888652,25,2023,3000,44.0,0.0,7.8,13.3,48.7,0.0,8.1,1580,9.9,1580,52.2,1584,0.0,1584,6.1,246,16.3,246,4.4,249,0.0,249
d88090b1aef1,25,2023,3000,37.0,4.0,62.8,36.4,78.7,67.6,62.5,1262,34.0,1262,75.3,1269,71.2,1269,65.8,404,35.4,404,68.7,406,67.2,406
90d902dc51ec,25,2023,3000,48.0,2.0,13.4,12.5,48.7,35.6,14.2,1619,8.8,1619,54.3,1621,25.5,1621,14.8,257,11.7,257,57.2,257,19.5,257
099f28065ed7,25,2023,3000,46.0,6.0,22.9,16.6,85.4,71.8,22.7,1637,13.0,1637,83.7,1640,68.4,1640,19.6,542,10.5,542,81.5,542,63.5,542
a07af36ee29a,25,2023,3000,38.0,0.0,75.8,77.1,48.7,0.0,77.0,1372,77.4,1372,48.5,1380,0.0,1380,84.3,255,86.7,255,3.5,260,0.0,260
02aab106bc82,25,2024,3000,36.0,4.0,9.3,21.8,13.4,57.7,9.5,1115,21.3,1115,13.8,1170,59.2,1170,10.4,164,23.8,164,31.7,164,0.0,164
beadab5078f1,25,2024,3000,107.0,3.0,88.6,88.1,21.7,96.8,89.7,398,87.4,398,32.0,409,93.6,409,84.9,53,86.8,53,66.0,53,94.3,53
2894e0bfa304,25,2024,3000,83.0,0.0,,,25.6,57.7,,956,,956,34.9,984,48.5,984,,455,,455,0.8,483,98.6,483
a15173de925e,25,2024,3000,45.0,6.0,20.1,21.8,16.4,57.7,19.8,1562,19.0,1562,17.6,1621,56.3,1621,21.5,284,14.8,284,39.4,284,0.0,284
2407f4665bf6,25,2024,3000,99.0,5.0,57.4,65.1,25.5,57.7,60.4,513,62.6,513,39.2,530,45.7,530,56.3,87,59.8,87,66.7,87,0.0,87
61d6bc9bd0ea,25,2024,3000,38.0,4.0,90.4,92.3,9.5,57.7,91.0,1271,92.4,1271,10.7,1330,58.2,1330,91.1,190,93.7,190,26.3,190,0.0,190
08c88d3d6aca,25,2024,3000,58.0,0.0,47.6,67.7,25.6,0.0,46.4,1640,64.3,1640,29.4,1693,0.0,1693,48.1,842,68.1,842,0.8,895,0.0,895
ce686dd841f8,25,2024,3000,59.0,0.0,53.7,57.9,25.6,0.0,52.6,1598,54.1,1598,29.9,1650,0.0,1650,54.3,817,58.5,817,0.8,869,0.0,869
d14ed01e2220,25,2025,3000,40.0,,,,,,,0,,0,,0,,0,,0,,0,,0,,0
a91e05d6544d,25,2025,3000,58.0,,,,,,,0,,0,,0,,0,,0,,0,,0,,0
024332c0c1e0,25,2025,3000,454.0,,,,,,,0,,0,,0,,0,,0,,0,,0,,0
3bf7b9ad3d7b,25,2025,3000,57.0,,,,,,,0,,0,,0,,0,,0,,0,,0,,0
9316f378d92f,25,2025,3000,74.0,,,,,,,0,,0,,0,,0,,0,,0,,0,,0
f8e7fa4fef81,26,2019,3000,31.0,5.0,6.9,10.6,33.3,88.2,8.2,895,7.4,895,36.9,935,86.2,935,10.3,146,9.6,146,34.2,152,77.6,152
68b17ed89811,26,2023,3000,24.0,2.0,2.1,4.8,92.1,80.7,2.0,1070,3.3,1070,91.7,1103,82.1,1103,0.2,434,1.6,434,87.5,440,69.1,440
df50988911f4,27,2018,3000,21.0,3.0,1.9,13.1,52.5,66.8,2.4,917,13.0,917,55.5,937,71.6,937,2.8,281,14.9,281,56.9,283,78.4,283
295dd1f33ebb,27,2018,3000,33.0,6.0,4.9,23.8,38.1,59.5,5.6,1166,21.6,1166,49.3,1171,45.7,1171,5.5,384,20.8,384,52.1,386,45.3,386
d325ef8f3824,27,2019,3000,29.0,2.0,18.0,21.7,81.1,44.3,16.4,1178,18.7,1178,83.6,1198,32.2,1198,18.2,198,24.7,198,81.2,202,37.6,202
9defcdf411af,27,2019,3000,31.0,10.0,17.6,7.1,80.4,71.1,16.2,1102,4.6,1102,84.4,1119,65.8,1119,20.4,152,5.9,152,84.3,153,56.2,153
e8d00ca7dc08,27,2020,3000,26.0,5.0,9.9,10.2,31.3,37.0,8.1,1042,8.3,1042,36.7,1051,29.1,1051,5.9,340,8.5,340,39.1,345,24.6,345
9378c80aa06e,27,2020,3000,41.0,6.0,53.4,41.9,51.2,84.2,60.0,1075,39.2,1075,68.2,1084,76.4,1084,62.5,357,40.9,357,73.9,360,79.7,360
b64d72588d55,27,2021,3000,31.0,9.0,28.6,25.5,82.4,86.4,28.5,1083,23.8,1083,83.0,1091,85.1,1091,32.6,187,21.9,187,83.4,187,81.8,187
e6c714afd89b,27,2022,3000,50.0,8.0,1.2,19.3,10.7,86.2,1.3,853,14.0,853,9.9,859,74.3,859,1.9,214,15.0,214,11.2,214,70.1,214
8e3772120e45,27,2023,3000,53.0,9.0,7.7,63.8,19.0,95.7,10.9,792,66.8,792,24.9,798,91.2,798,14.5,165,67.9,165,35.8,165,86.7,165
5e0365d1b9b2,27,2023,3000,79.0,6.0,8.4,32.0,18.3,89.5,12.4,347,23.6,347,18.7,348,76.1,348,15.4,91,30.8,91,20.9,91,69.2,91
a1f086f4885f,27,2023,3000,40.0,3.0,0.8,31.1,25.6,93.7,0.8,1135,28.5,1135,36.3,1146,90.8,1146,0.5,190,36.3,190,46.8,190,91.6,190
d602b7ddd952,27,2024,3000,11.0,,,,,,,323,,323,,351,,351,,323,,323,,351,,351
62c9b2b2cc62,27,2024,3000,56.0,0.0,1.4,22.6,15.3,0.0,1.5,784,17.6,784,23.8,818,0.0,818,1.0,496,17.5,496,1.1,529,0.0,529
19082825a66a,27,2025,3000,68.0,,,,,,,0,,0,,0,,0,,0,,0,,0,,0
dcf8cef46b88,27,2025,3000,41.0,,,,,,,0,,0,,0,,0,,0,,0,,0,,0
99b85795b407,27,2025,3000,37.0,,,,,,,0,,0,,0,,0,,0,,0,,0,,0
bf633aca41b0,28,2019,3000,57.0,3.0,37.5,72.3,89.5,31.2,36.6,1302,70.4,1302,94.3,1331,16.6,1331,36.3,498,67.1,498,93.3,506,17.4,506
819730a30c79,28,2019,3000,36.0,3.0,2.0,16.5,59.2,11.5,2.9,940,18.3,940,60.5,993,7.0,993,2.8,358,18.4,358,62.0,382,0.0,382
4bf9bc666b75,28,2019,3000,43.0,0.0,8.7,47.3,67.0,0.0,9.8,1220,48.8,1220,72.2,1267,0.0,1267,9.3,97,55.7,97,29.3,116,0.0,116
f0fb901e4d31,28,2021,3000,21.0,2.0,5.6,12.9,5.4,30.8,6.6,424,22.9,424,7.9,481,52.6,481,6.2,112,26.8,112,9.2,130,43.8,130
13b111cc27fa,28,2021,3000,56.0,4.0,4.2,6.9,89.7,14.7,5.1,1244,4.4,1244,92.4,1262,4.0,1262,6.1,479,5.4,479,92.4,485,0.0,485
e5082d83466d,28,2023,3000,64.0,3.0,46.1,45.6,12.0,50.0,46.7,1216,40.8,1216,12.2,1239,35.8,1239,43.5,301,39.5,301,17.2,309,27.2,309
aa1250500a72,28,2024,3000,23.0,25.0,51.3,44.5,93.7,69.7,51.1,454,57.3,454,94.5,559,81.9,559,,1,,1,,1,,1
5f3ff40000ba,31,1992,3000,32.0,4.0,58.7,61.4,41.7,95.5,63.7,656,54.1,656,51.5,658,93.3,658,67.3,260,50.8,260,56.7,261,92.7,261
7c199c4f7eb1,31,1993,3000,13.0,5.0,82.2,67.5,35.4,83.9,83.9,974,70.4,974,38.1,1005,86.1,1005,89.3,225,74.2,225,40.8,228,81.6,228
b8824ac6926a,31,1993,3000,15.0,4.0,91.7,70.0,34.0,88.0,93.3,1099,71.3,1099,37.7,1123,88.8,1123,92.9,409,72.1,409,43.7,414,86.0,414
b9b00cbdc4e4,31,1993,3000,10.0,5.0,4.4,36.9,88.5,76.3,5.3,773,45.0,773,86.2,803,81.2,803,5.0,180,50.0,180,84.7,183,77.0,183
b41b91cdaa98,31,1993,3000,5.0,4.0,93.2,70.0,42.9,57.8,88.1,243,73.3,243,26.2,302,78.1,302,89.7,87,69.0,87,32.0,97,72.2,97
1bba178fb9d5,31,1993,3000,8.0,3.0,69.5,62.2,94.3,73.2,65.0,548,70.1,548,92.4,580,81.7,580,65.7,303,73.6,303,91.7,312,78.8,312
a5b60c38ff5c,31,1993,3000,16.0,3.0,93.1,77.0,47.7,85.5,94.9,1052,78.9,1052,53.0,1069,85.2,1069,94.3,578,77.5,578,58.8,587,85.0,587
9909878948b4,31,1994,3000,6.0,3.0,81.1,66.3,83.3,76.0,71.9,512,69.7,512,71.2,570,88.6,570,71.6,218,68.8,218,65.4,240,85.8,240
f8ff4cd3ae9a,31,1994,3000,16.0,5.0,34.4,26.6,83.7,47.6,38.0,1037,28.6,1037,89.3,1058,41.3,1058,37.3,255,24.7,255,85.9,256,35.2,256
cb244a16d359,31,1994,3000,97.0,1.0,73.3,54.7,34.1,86.5,77.5,40,37.5,40,29.3,41,68.3,41,,27,,27,,28,,28
b914197df9a5,31,1994,3000,10.0,4.0,88.7,78.2,94.7,94.6,88.8,761,82.1,761,95.1,792,96.2,792,86.2,297,81.5,297,94.7,301,96.0,301
4f2527e82bc1,31,1994,3000,7.0,3.0,84.3,52.2,39.6,76.0,77.5,538,56.7,538,34.2,582,86.3,582,75.3,243,55.6,243,43.4,258,83.3,258
f00b5ce52224,31,1995,3000,15.0,9.0,68.1,54.0,62.2,39.5,71.4,1051,56.7,1051,67.5,1076,37.7,1076,74.3,35,51.4,35,63.9,36,30.6,36
4bc01f68fac4,31,1995,3000,3.0,3.0,95.3,71.9,91.5,44.6,78.1,146,71.9,146,73.2,291,71.8,291,82.1,67,74.6,67,66.9,118,61.0,118
8858a9a4b37b,31,1995,3000,14.0,10.0,38.9,71.9,22.2,44.6,42.6,892,75.3,892,25.3,917,44.5,917,,19,,19,,19,,19
8aae5b4d3d57,31,1995,3000,11.0,7.0,70.8,71.9,62.2,78.3,70.8,719,76.1,719,57.1,756,84.1,756,71.8,71,71.8,71,62.5,72,77.8,72
f6c6622bb8af,31,1995,3000,9.0,4.0,67.9,78.2,97.5,88.0,64.3,703,81.4,703,98.3,761,94.1,761,66.7,255,83.5,255,99.2,266,92.5,266
e7fd6649d6c4,31,1995,3000,15.0,3.0,75.2,66.7,37.3,25.9,79.0,1051,69.4,1051,41.3,1076,23.0,1076,79.5,576,70.5,576,45.9,579,15.5,579
710485fa85eb,31,1996,3000,14.0,2.0,84.7,90.3,13.5,74.3,88.3,812,92.9,812,16.5,844,76.2,844,88.4,481,91.3,481,15.7,497,75.9,497
d6d7a0e80b5a,31,1996,3000,9.0,3.0,86.8,77.1,83.5,67.5,83.9,651,79.7,651,79.5,696,76.3,696,85.0,339,79.6,339,75.9,353,68.3,353
0d97ca1f7ab2,31,1996,3000,5.0,5.0,96.7,81.0,21.2,57.3,89.6,230,80.9,230,18.0,289,79.9,289,90.5,42,78.6,42,20.0,50,68.0,50
f6047d930dcc,31,1996,3000,15.0,7.0,67.9,90.3,59.9,34.1,71.1,944,92.8,944,67.3,977,30.3,977,66.3,92,94.6,92,77.7,94,18.1,94
d8b9e58387e7,31,1996,3000,11.0,4.0,84.7,90.3,87.7,78.2,84.6,668,93.1,668,89.8,707,85.4,707,86.0,257,91.1,257,87.5,265,80.8,265
e2c046a681a8,31,1996,3000,30.0,4.0,47.9,74.6,83.2,60.2,49.9,765,72.5,765,94.7,776,45.1,776,49.7,302,72.2,302,93.8,305,37.4,305
454a8d3c4ac4,31,1997,3000,19.0,0.0,42.2,47.5,61.7,0.0,43.6,976,45.9,976,74.4,990,0.0,990,40.5,168,43.5,168,57.1,177,0.0,177
cedc01ec05ce,31,1997,3000,14.0,5.0,60.4,67.4,42.8,91.6,60.5,833,69.5,833,48.1,862,93.5,862,69.2,237,78.5,237,53.6,237,91.1,237
6cf3aae8a205,31,1997,3000,10.0,5.0,93.0,90.7,8.0,98.3,92.3,647,90.9,647,9.9,688,99.1,688,95.9,193,93.8,193,8.2,195,98.5,195
8a6b63a5911a,31,1997,3000,12.0,6.0,60.3,67.4,91.5,94.6,60.1,840,70.6,840,94.2,879,96.7,879,69.2,156,82.1,156,94.9,156,95.5,156
f7c5908cd75e,31,1998,3000,21.0,3.0,65.3,76.9,24.0,50.2,70.2,1001,78.7,1001,27.3,1020,43.1,1020,68.8,541,77.3,541,30.5,547,37.3,547
f0d40601da9a,31,1998,3000,8.0,5.0,96.6,81.3,39.3,85.6,94.7,452,85.4,452,35.8,497,93.8,497,96.6,116,84.5,116,38.5,122,93.4,122
f00a52fcfc6d,31,1998,3000,6.0,9.0,65.4,45.6,96.4,71.5,56.2,404,52.5,404,94.7,495,86.5,495,,17,,17,,18,,18
abcfcc5657ab,31,1998,3000,5.0,6.0,70.0,69.5,23.1,90.6,57.1,198,71.2,198,18.2,275,98.9,275,58.1,31,71.0,31,25.6,39,100.0,39
e431cbee321b,31,1998,3000,8.0,3.0,60.7,46.4,95.2,72.9,55.1,452,52.7,452,95.4,497,86.3,497,52.9,221,51.1,221,97.0,235,85.5,235
ef6f0811e516,31,1998,3000,12.0,1.0,2.0,18.9,97.1,98.8,2.3,817,20.6,817,98.5,849,99.4,849,2.4,368,22.0,368,99.2,393,99.7,393
20d2bc404bae,31,1998,3000,10.0,5.0,70.3,74.3,25.1,94.9,67.5,662,76.6,662,25.8,699,97.6,699,70.2,168,76.2,168,29.4,170,96.5,170
fae3d45cbbd9,31,1998,3000,19.0,5.0,47.6,81.7,53.1,56.1,50.4,961,84.0,961,63.2,981,51.9,981,44.6,251,86.9,251,73.9,253,43.5,253
d24955042507,31,1998,3000,7.0,5.0,96.6,81.3,37.1,76.7,94.8,439,86.3,439,34.1,492,88.6,492,96.3,109,85.3,109,40.2,117,87.2,117
fa1e24a68b9f,31,1999,3000,11.0,6.0,82.7,70.9,9.2,94.3,81.6,614,76.9,614,10.9,645,96.9,645,81.1,111,79.3,111,22.3,112,94.6,112
e4e4da87cad2,31,1999,3000,7.0,5.0,85.9,70.9,89.8,71.5,78.9,422,77.7,422,83.9,483,86.7,483,84.6,104,83.7,104,77.1,109,81.7,109
2afc3a28bf38,31,1999,3000,8.0,8.0,53.1,42.0,89.4,83.8,49.2,439,48.7,439,86.7,488,93.9,488,62.5,32,40.6,32,87.9,33,87.9,33
f753652b65dc,31,1999,3000,8.0,4.0,45.6,41.1,3.2,68.2,41.9,439,48.3,439,4.1,488,82.0,488,41.6,161,46.6,161,3.6,169,75.1,169
5d3193ae4d37,31,2000,3000,36.0,6.0,54.3,67.5,13.5,97.2,57.9,684,62.1,684,16.4,689,95.8,689,65.7,102,67.6,102,21.6,102,94.1,102
b1e1391a57e1,31,2000,3000,19.0,5.0,53.3,36.0,86.1,99.6,59.7,884,37.1,884,91.3,898,99.6,898,68.5,238,38.7,238,90.4,240,99.2,240
ebb2cae0ca8c,31,2001,3000,8.0,5.0,91.3,78.4,97.7,88.0,89.2,417,84.9,417,98.5,455,96.0,455,93.5,107,87.9,107,98.2,110,91.8,110
e7105e8bf2cc,31,2001,3000,16.0,4.0,64.5,59.5,64.5,83.3,69.2,873,63.0,873,66.2,893,86.2,893,70.6,337,63.5,337,76.8,340,83.2,340
fb134c4bc485,31,2001,3000,47.0,1.0,47.4,52.2,35.6,98.3,46.5,467,44.3,467,41.9,470,96.6,470,44.8,210,46.7,210,33.3,213,98.6,213
1f0abf73662a,31,2001,3000,16.0,4.0,69.5,78.4,36.2,70.5,73.4,873,82.5,873,37.6,893,72.1,893,75.4,337,83.1,337,43.2,340,66.2,340
a0a66cd8396b,31,2002,3000,5.0,8.0,98.9,89.8,88.4,47.2,98.3,177,96.6,177,74.7,328,72.6,328,,17,,17,,25,,25
64a24b69ace0,31,2002,3000,9.0,9.0,42.4,52.8,4.5,88.0,40.9,479,64.3,479,4.7,664,95.3,664,,20,,20,,25,,25
9d61dc292c19,31,2003,3000,2.0,0.0,93.2,68.1,61.7,0.0,,22,,22,10.1,99,0.0,99,,13,,13,1.6,61,0.0,61
b880ccda364f,31,2004,3000,13.0,3.0,7.0,3.1,36.7,73.8,7.8,690,3.6,690,35.3,747,83.4,747,9.1,320,3.8,320,38.0,337,82.2,337
9d7e9c821311,31,2004,3000,11.0,3.0,58.1,60.2,34.2,75.1,60.7,519,71.5,519,28.1,584,87.7,584,62.7,233,71.7,233,28.2,255,85.9,255
a9965af309ce,31,2004,3000,10.0,8.0,27.3,38.6,6.4,97.4,28.4,500,50.8,500,8.0,578,99.3,578,15.4,39,46.2,39,9.5,42,100.0,42
0a90cfe47e38,31,2005,3000,18.0,5.0,33.5,42.7,15.6,88.6,40.0,856,48.0,856,15.6,896,90.1,896,39.1,235,48.1,235,18.5,238,87.0,238
3b39137bf1f5,31,2005,3000,4.0,9.0,64.2,33.7,92.4,20.2,41.3,167,41.3,167,82.2,298,55.4,298,,9,,9,,9,,9
06e902a79421,31,2005,3000,21.0,2.0,76.9,64.2,95.1,97.0,84.2,917,69.1,917,99.2,953,97.2,953,85.8,478,71.5,478,99.6,491,98.0,491
aff3f68d4c82,31,2005,3000,2.0,6.0,,,99.9,96.4,,21,,21,99.0,105,100.0,105,,4,,4,,12,,12
6bb04cc720e9,31,2006,3000,10.0,4.0,24.0,16.9,98.2,89.2,26.4,450,24.2,450,99.0,524,96.4,524,27.1,166,24.1,166,99.5,186,95.7,186
d93bb332a08f,31,2006,3000,24.0,1.0,65.8,55.3,88.0,59.4,71.7,923,56.2,923,94.1,951,51.6,951,75.1,342,60.8,342,95.1,365,65.5,365
9bcb2adab51f,31,2006,3000,17.0,11.0,32.5,69.0,12.1,95.8,37.8,725,76.7,725,13.8,763,95.9,763,,18,,18,,19,,19
ea44d855708f,31,2007,3000,4.0,4.0,54.1,20.2,99.2,75.1,39.9,143,33.6,143,98.0,247,96.8,247,57.5,40,47.5,40,98.2,55,96.4,55
51146abb4b8e,31,2007,3000,3.0,4.0,96.5,78.4,91.8,17.0,84.3,108,84.3,108,76.0,250,50.4,250,,29,,29,52.7,55,7.3,55
417e8c913f31,31,2007,3000,16.0,2.0,46.2,51.9,54.8,17.0,50.6,690,59.0,690,59.2,736,12.2,736,56.4,312,63.5,312,64.7,331,1.8,331
0a4c5e96d285,31,2007,3000,52.0,2.0,36.6,53.6,46.0,71.8,35.0,534,43.4,534,61.4,549,49.9,549,33.3,318,43.7,318,57.4,326,55.5,326
a69178a343f9,31,2008,3000,32.0,7.0,32.4,29.0,53.5,98.6,34.7,864,25.1,864,65.8,882,98.4,882,33.0,112,24.1,112,76.8,112,100.0,112
7c48b8f9cb13,31,2008,3000,18.0,1.0,16.3,20.9,46.8,56.3,19.8,813,23.5,813,47.7,858,59.6,858,17.4,316,24.4,316,34.9,350,71.4,350
36a623b61079,31,2008,3000,87.0,2.0,42.2,54.6,56.8,90.3,24.8,230,24.8,230,80.2,232,71.1,232,25.5,137,22.6,137,79.7,138,76.1,138
291f9a7a64b1,31,2009,3000,208.0,2.0,47.0,49.1,28.7,99.2,,25,,25,,26,,26,,14,,14,,14,,14
70618903a605,31,2010,3000,17.0,4.0,64.5,46.8,5.8,97.2,76.4,573,58.1,573,5.8,625,98.4,625,82.8,204,60.3,204,8.7,219,96.8,219
eb6b3ca63f6c,31,2010,3000,49.0,7.0,7.1,10.3,27.9,98.7,7.0,672,6.2,672,34.2,688,98.0,688,7.8,77,2.6,77,51.3,78,93.6,78
d43dd3c043cd,31,2011,3000,38.0,6.0,36.4,46.8,12.1,95.8,35.6,853,42.0,853,14.1,879,94.0,879,29.6,159,39.0,159,18.4,163,92.0,163
3974910d85ed,31,2011,3000,17.0,,,,,,,581,,581,,660,,660,,581,,581,,660,,660
f07d611839ce,31,2011,3000,25.0,12.0,41.5,50.2,17.0,93.8,45.8,799,53.2,799,20.8,853,93.8,853,,17,,17,,18,,18
721d06c6711b,31,2011,3000,48.0,7.0,39.9,43.0,18.2,88.1,39.2,693,35.4,693,21.8,714,81.1,714,35.8,81,32.1,81,27.7,83,78.3,83
4a3c6cd0a3b2,31,2012,3000,41.0,7.0,42.0,41.7,3.0,99.6,42.4,838,38.1,838,3.0,866,99.5,866,43.5,115,35.7,115,2.5,118,99.2,118
7d47f7f65c0b,31,2012,3000,21.0,8.0,37.9,41.7,95.2,99.2,47.1,775,49.4,775,98.2,833,99.6,833,39.5,76,42.1,76,96.1,77,98.7,77
55875b781991,31,2012,3000,16.0,12.0,48.6,66.4,94.1,91.9,58.1,599,75.5,599,94.9,665,98.3,665,,12,,12,,12,,12
46954cfa4a96,31,2014,3000,131.0,1.0,,,89.1,57.6,,114,,114,99.2,118,14.4,118,,34,,34,97.4,38,26.3,38
8bb82813d63b,31,2015,3000,9.0,7.0,35.9,23.8,26.4,31.4,39.8,279,38.4,279,21.1,360,61.1,360,25.0,32,34.4,32,28.9,38,34.2,38
42bfe10e2f8e,31,2015,3000,37.0,6.0,53.0,61.7,13.1,89.3,56.8,871,65.3,871,14.8,885,88.7,885,58.9,185,67.6,185,14.5,186,86.6,186
12694fc1f57c,31,2015,3000,18.0,6.0,35.2,66.7,8.9,81.6,44.0,598,79.9,598,9.2,663,94.7,663,43.0,100,91.0,100,16.7,108,92.6,108
e4974ff91c47,31,2016,3000,3.0,0.0,59.7,20.3,69.4,0.0,33.9,56,35.7,56,13.0,138,0.0,138,,27,,27,8.2,73,0.0,73
537dd12c9e19,31,2016,3000,3.0,4.0,89.4,53.5,98.0,23.7,66.1,56,62.5,56,87.0,138,66.7,138,,17,,17,72.7,33,39.4,33
d22f851a67ba,31,2016,3000,35.0,5.0,81.9,69.3,3.2,99.2,87.7,888,74.9,888,2.9,922,99.2,922,90.3,269,81.0,269,4.3,278,99.6,278
6d14350cd432,31,2016,3000,39.0,11.0,16.1,22.2,13.2,98.3,17.2,891,20.9,891,14.5,918,98.0,918,,27,,27,,27,,27
330c974be7cd,31,2017,3000,26.0,6.0,56.6,57.1,8.4,90.2,67.9,800,66.4,800,8.9,845,93.8,845,71.7,166,69.9,166,9.7,176,94.3,176
eecedac52fc4,31,2018,3000,27.0,5.0,61.7,58.3,35.7,46.8,70.3,738,66.7,738,39.3,797,50.4,797,72.7,238,69.3,238,42.4,250,39.6,250
0d830264daab,31,2018,3000,53.0,3.0,9.7,35.2,48.2,82.6,9.3,849,30.5,849,59.4,863,73.8,863,12.0,408,35.8,408,56.6,415,76.6,415
64cc82e127a3,31,2018,3000,44.0,,,,,,,947,,947,,972,,972,,947,,947,,972,,972
fc84ee0d99af,31,2018,3000,15.0,3.0,2.3,2.7,33.9,61.3,3.9,389,4.9,389,28.4,464,83.4,464,3.4,149,6.0,149,36.2,174,80.5,174
5dafa7d353d8,31,2018,3000,14.0,1.0,8.8,2.6,64.4,24.9,12.2,312,5.1,312,44.9,381,42.0,381,11.6,146,6.8,146,28.0,186,67.2,186
00daac7f1163,31,2018,3000,36.0,3.0,43.3,42.5,53.9,56.4,46.8,879,43.8,879,60.5,922,49.9,922,50.3,386,45.6,386,60.8,406,53.4,406
b0cc27e28ca4,31,2019,3000,28.0,2.0,60.4,70.7,65.4,15.4,72.3,694,81.1,694,68.8,744,10.5,744,72.3,282,79.4,282,77.5,298,0.3,298
4be4d8d9a2e3,31,2019,3000,37.0,5.0,0.1,3.7,61.9,15.4,0.1,843,2.8,843,71.4,871,6.3,871,0.0,270,3.0,270,75.4,276,0.0,276
e2975bb03fa9,31,2019,3000,46.0,11.0,44.4,36.6,65.7,43.0,46.1,935,36.4,935,82.5,961,26.8,961,41.5,41,26.8,41,90.2,41,12.2,41
58b63b16623f,31,2019,3000,28.0,,,,,,,694,,694,,744,,744,,694,,694,,744,,744
b8db44443d66,31,2019,3000,52.0,11.0,67.5,62.3,19.1,89.2,68.9,913,61.3,913,20.9,929,85.5,929,71.4,42,73.8,42,35.7,42,71.4,42
d91a49dff2bf,31,2019,3000,16.0,5.0,37.6,40.2,89.0,51.5,51.1,352,56.2,352,82.9,421,76.2,421,53.3,105,54.3,105,76.2,126,67.5,126
f4cf8a1751a1,31,2019,3000,32.0,0.0,,,68.5,0.0,,810,,810,76.3,854,0.0,854,,110,,110,35.2,128,0.0,128
739cc3e7a4c4,31,2020,3000,32.0,5.0,69.1,59.4,34.3,52.5,78.8,826,68.8,826,39.6,845,52.3,845,83.8,253,74.3,253,43.8,256,47.3,256
b2a807d42b60,31,2020,3000,29.0,5.0,73.8,67.1,23.3,88.0,85.1,798,78.6,798,27.1,822,93.6,822,87.9,247,81.8,247,30.3,254,93.7,254
ec00b36d914f,31,2020,3000,31.0,5.0,47.4,59.4,16.4,77.1,57.5,775,70.1,775,21.4,794,80.7,794,63.6,236,75.4,236,21.8,239,80.8,239
948ef8d751d5,31,2020,3000,36.0,6.0,22.7,33.4,32.4,87.3,28.3,859,35.4,859,37.4,872,89.9,872,32.1,190,36.3,190,44.3,192,87.5,192
e520c37a5e2c,31,2020,3000,29.0,5.0,61.8,66.0,18.5,86.3,75.2,798,77.7,798,22.5,822,92.2,822,80.2,247,81.4,247,24.0,254,92.1,254
d608d5ab506d,31,2020,3000,63.0,6.0,36.8,25.4,56.8,32.8,31.3,822,19.2,822,69.1,825,12.8,825,31.5,181,21.5,181,70.2,181,5.5,181
d1611c0113d3,31,2020,3000,43.0,3.0,0.4,11.0,50.1,52.5,0.2,937,9.8,937,57.0,949,43.6,949,0.2,437,10.1,437,59.3,440,44.1,440
91abded8809b,31,2021,3000,28.0,9.0,41.6,21.0,69.2,17.1,51.9,696,24.6,696,64.5,724,14.1,724,54.5,77,19.5,77,75.9,79,0.0,79
f4965e1283d7,31,2021,3000,65.0,6.0,35.0,43.7,9.6,99.2,33.4,883,38.1,883,8.7,893,98.5,893,38.9,226,42.5,226,7.1,226,97.8,226
99212c83a3d7,31,2021,3000,34.0,6.0,77.4,63.9,93.0,66.8,87.8,878,73.9,878,92.0,903,71.2,903,90.5,199,80.4,199,89.7,203,68.5,203
ab48e902e881,31,2021,3000,46.0,9.0,49.9,38.0,57.5,59.7,56.8,1055,40.0,1055,65.4,1073,54.1,1073,57.1,112,43.8,112,75.9,112,34.8,112
eb1d1e40510a,31,2021,3000,48.0,6.0,0.9,30.0,63.2,43.4,0.6,1008,31.6,1008,73.4,1024,32.4,1024,0.8,237,32.5,237,80.3,238,24.8,238
db1c5b1d0988,31,2021,3000,26.0,,,,,,,682,,682,,710,,710,,682,,682,,710,,710
34968a6178b0,31,2022,3000,40.0,7.0,71.3,69.9,34.8,51.0,81.6,1087,79.5,1087,37.4,1106,48.1,1106,86.0,186,86.6,186,42.8,187,32.1,187
369182d11651,31,2022,3000,46.0,11.0,69.4,48.1,64.0,68.0,76.7,1114,51.3,1114,75.2,1129,64.0,1129,78.0,50,46.0,50,82.0,50,46.0,50
834eb990d026,31,2022,3000,54.0,5.0,72.8,71.6,55.4,21.0,77.0,1060,74.7,1060,67.8,1066,7.8,1066,78.0,337,75.1,337,74.0,338,0.0,338
e768b5a29265,31,2022,3000,27.0,3.0,8.2,12.1,93.1,33.1,7.9,737,14.8,737,89.8,765,38.2,765,8.6,269,15.6,269,86.9,274,19.3,274
0ba80a2292fc,31,2022,3000,27.0,5.0,2.2,10.5,66.2,33.1,2.4,737,13.3,737,58.8,765,38.2,765,2.9,173,13.3,173,72.9,177,13.6,177
c3c8ba653e72,31,2022,3000,20.0,4.0,60.1,33.7,15.8,56.9,75.9,519,48.7,519,18.1,548,76.1,548,75.4,130,47.7,130,26.9,134,61.9,134
81fea8954ac5,31,2022,3000,63.0,7.0,69.8,58.8,42.1,86.2,69.7,1000,54.1,1000,49.2,1007,82.5,1007,71.3,164,57.9,164,52.4,164,78.7,164
782fef87cdf1,31,2022,3000,80.0,5.0,5.3,15.1,54.4,94.7,5.6,783,9.6,783,68.8,785,91.2,785,7.2,250,11.6,250,72.8,250,90.8,250
931ba4a1bd27,31,2023,3000,33.0,9.0,40.0,24.5,53.7,31.3,49.7,909,30.5,909,52.9,945,29.7,945,41.4,87,20.7,87,65.9,88,0.0,88
a741b6125efa,31,2023,3000,42.0,4.0,52.0,54.1,44.9,60.5,59.0,1064,61.2,1064,49.5,1090,55.8,1090,58.0,369,61.0,369,63.7,372,39.2,372
2389d6e7b9fe,31,2023,3000,8.0,0.0,46.4,27.1,56.6,0.0,53.0,132,47.7,132,17.2,203,0.0,203,58.4,89,55.1,89,6.7,150,0.0,150
b07c3c3610d2,31,2023,3000,21.0,7.0,84.4,70.6,17.9,60.5,91.5,532,82.7,532,18.8,584,79.3,584,85.2,54,77.8,54,36.7,60,66.7,60
74a274aea889,31,2023,3000,65.0,4.0,39.1,39.5,55.4,60.5,36.1,966,29.4,966,73.8,974,41.4,974,35.3,368,29.3,368,87.0,369,27.9,369
88f4dfffc486,31,2023,3000,45.0,9.0,54.3,50.7,20.3,91.1,59.1,1087,55.5,1087,21.9,1114,91.2,1114,69.2,107,66.4,107,30.6,108,91.7,108
9402d0146f24,31,2024,3000,69.0,12.0,53.3,54.2,9.3,99.1,47.8,1003,47.5,1003,11.1,1045,98.8,1045,,21,,21,,21,,21
fdac5daf6da0,31,2024,3000,121.0,0.0,40.6,50.7,28.8,0.0,17.9,374,18.7,374,52.8,388,0.0,388,18.5,173,19.1,173,7.5,187,0.0,187
f9809bf7d1f6,31,2024,3000,45.0,0.0,57.7,50.3,28.8,0.0,63.8,1063,55.2,1063,29.5,1136,0.0,1136,64.7,692,57.8,692,3.1,763,0.0,763
75de016dc403,31,2024,3000,16.0,0.0,59.3,50.7,28.8,0.0,71.4,311,66.2,311,10.7,374,0.0,374,71.3,258,65.5,258,2.8,319,0.0,319
331e86c52bd7,31,2024,3000,54.0,3.0,21.6,27.8,97.3,65.6,21.7,1058,24.5,1058,97.7,1116,60.4,1116,20.0,195,21.5,195,95.9,195,2.1,195
31784b84dcd9,31,2025,3000,18.0,,,,,,,0,,0,,1,,1,,0,,0,,1,,1
ff2d17396f3b,31,2025,3000,56.0,,,,,,,0,,0,,5,,5,,0,,0,,5,,5
c4011f0156bb,31,2025,3000,79.0,,,,,,,0,,0,,5,,5,,0,,0,,5,,5
955d72de2df6,31,2025,3000,47.0,,,,,,,0,,0,,5,,5,,0,,0,,5,,5
e8fa643c1acd,31,2025,3000,23.0,,,,,,,0,,0,,2,,2,,0,,0,,2,,2
a3fb4b00b493,31,2025,3000,32.0,,,,,,,0,,0,,4,,4,,0,,0,,4,,4
3a19c34d35e3,31,2025,3000,19.0,,,,,,,0,,0,,1,,1,,0,,0,,1,,1
623cb5503b04,31,2026,3000,49.0,,,,,,,0,,0,,0,,0,,0,,0,,0,,0
f4fa752d3ebd,31,2026,3000,32.0,,,,,,,0,,0,,0,,0,,0,,0,,0,,0
e58fc908d349,32,2018,3000,22.0,6.0,84.4,94.1,95.6,56.8,84.9,549,91.8,549,98.3,635,69.9,635,98.7,76,97.4,76,100.0,89,56.2,89
d492ca90aab5,32,2020,3000,29.0,4.0,23.6,52.6,12.3,40.4,28.2,737,59.6,737,13.3,788,35.8,788,31.0,281,62.3,281,18.6,301,18.9,301
286de4654671,33,2022,3000,30.0,3.0,1.0,4.3,8.5,63.1,0.5,563,2.5,563,10.9,613,46.8,613,0.8,240,2.9,240,15.5,251,23.9,251
8b0f90d28408,33,2022,3000,17.0,4.0,82.8,61.7,81.8,44.5,80.5,430,56.0,430,76.8,564,43.1,564,89.8,88,63.6,88,58.4,101,0.0,101
98aa059c2fbc,33,2025,3000,34.0,,,,,,,0,,0,,0,,0,,0,,0,,0,,0
