af_id,affiliation_name,city,country,document_count
60002347,Toyota Motor Corporation,,,5806
60309360,"Toyota Motor North America, Inc.",,,683
60340178,Toyota Motor Europe NV/SA,,,495
119829606,Toyota Motor North America,,,23
60356648,Toyota Motor North America Research & Development,,,18
123470102,Toyota Motor North America,,,17
114179704,Toyota Motor North America Inc.,,,16
100528980,Toyota Motor North America,,,15
122928765,Toyota Motor North America,,,13
125776629,Toyota Motor North America Inc.,,,11
101178716,Toyota Motor Manufacturing Kentucky,,,8
128778439,Toyota Motor North America,,,7
112569492,Toyota Motor Engineering and Manufacturing North America,,,7
117576291,Toyota Motor Europe NV/SA,,,6
119847234,Toyota Motor North America R and D,,,6
125327219,Toyota Motor North America R&d - InfoTech Labs,,,6
110835137,Toyota Motor Engineering and Mfg NA Inc,,,6
117575447,Toyota Motor Engineering and Manufacturing North America,,,5
123187327,Toyota Motor Europe,,,5
117575475,"Toyota Motor Kyushu, Inc",,,5
119787174,Toyota Motor Poland,,,5
113778969,Toyota Motor Sales USA Inc.,,,4
125811609,Toyota Motor Technical Center (China) Co. Ltd.,,,4
121912443,Toyota Motor North America,,,4
117576366,"Toyota Motor East Japan, Inc.",,,4
