author_id,name,first_year,last_year,n_papers_total,h_t1,C_t1,sqrt_C_t1,N_t1,CpN_t1,C_t2,sqrt_C_t2,h_t2
A5036943282,Konstantin Dragomiretskiy,2014,2018,7,4,1120,33.46640106136302,7,160.0,8056,89.7552226892675,5
A5068877955,Stanley Glenn E. Brucal,2016,2025,38,3,26,5.0990195135927845,10,2.6,121,11.0,6
A5101982327,Xuefeng Gu,2013,2020,7,3,76,8.717797887081348,6,12.666666666666666,197,14.035668847618199,4
A5071278251,Manal Tashkandi,2015,2026,18,5,328,18.110770276274835,16,20.5,1181,34.36568055487916,6
A5113493475,Tulika Bose,2014,2019,12,7,88,9.38083151964686,12,7.333333333333333,185,13.601470508735444,7
A5024799302,Nicholas Tzou,2012,2016,17,6,64,8.0,17,3.764705882352941,102,10.099504938362077,7
A5109502966,Jinu Joseph,2012,2021,7,2,7,2.6457513110645907,6,1.1666666666666667,34,5.830951894845301,4
A5038562685,Wahid Nasimzada,2017,2019,6,1,1,1.0,6,0.16666666666666666,2,1.4142135623730951,1
A5100839076,Sarah M. Young,2014,2026,29,5,68,8.246211251235321,22,3.090909090909091,240,15.491933384829668,9
A5018656742,D. M. Klionskiy,2012,2025,59,6,105,10.246950765959598,48,2.1875,322,17.944358444926362,11
A5110788594,R Bharath,2012,2025,49,5,100,10.0,36,2.7777777777777777,426,20.639767440550294,10
A5039053785,Saeid Hedayatrasa,2013,2026,71,7,155,12.449899597988733,37,4.1891891891891895,1155,33.98529093593286,21
A5064997646,Maxwell M. Costa,2012,2017,5,1,9,3.0,5,1.8,18,4.242640687119285,3
A5081520679,Hadjer Ykhlef,2012,2025,19,2,29,5.385164807134504,10,2.9,88,9.38083151964686,5
A5082707477,Lina Abou-Abbas,2015,2026,19,5,51,7.14142842854285,7,7.285714285714286,372,19.28730152198591,11
A5065578882,S. O. Kozeruk,2017,2023,9,1,2,1.4142135623730951,6,0.3333333333333333,28,5.291502622129181,4
A5021015655,Spenser Gilliland,2012,2017,16,4,46,6.782329983125268,16,2.875,61,7.810249675906654,5
A5024897106,Deepak Kumar Sondhiya,2013,2026,25,1,5,2.23606797749979,23,0.21739130434782608,10,3.1622776601683795,2
A5001526098,Sofia B. Amado,2013,2024,33,8,198,14.071247279470288,31,6.387096774193548,300,17.320508075688775,10
A5103637465,Ал. А. Калмыков,2012,2016,9,1,7,2.6457513110645907,9,0.7777777777777778,8,2.8284271247461903,2
A5023012581,Valentyn Tsyporenko,2015,2025,13,1,6,2.449489742783178,7,0.8571428571428571,47,6.855654600401044,4
A5048495064,Dawid Połap,2014,2026,128,12,356,18.867962264113206,59,6.033898305084746,3546,59.54829972383762,30
A5108930696,A Lavanya,2016,2025,20,3,12,3.4641016151377544,9,1.3333333333333333,89,9.433981132056603,5
A5011725471,Wei-Chih Tu,2014,2024,19,5,220,14.832396974191326,14,15.714285714285714,612,24.73863375370596,7
A5030749783,John S. Donnal,2013,2026,54,10,257,16.0312195418814,33,7.787878787878788,944,30.72458299147443,18
A5072022548,Tanushree Sharma,2016,2023,6,3,36,6.0,5,7.2,137,11.704699910719626,4
A5040131308,Jack Munns,2013,2016,6,2,113,10.63014581273465,6,18.833333333333332,209,14.45683229480096,2
A5069284611,Enda Wista Sinuraya,2012,2026,83,3,22,4.69041575982343,29,0.7586206896551724,190,13.784048752090222,7
A5007496599,Bommidi Sridhar,2012,2024,9,1,1,1.0,6,0.16666666666666666,7,2.6457513110645907,1
A5055731114,Alan K. Alimuradov,2015,2025,98,4,64,8.0,40,1.6,210,14.491376746189438,7
A5054633859,Khalil AlSharabi,2016,2025,26,3,23,4.795831523312719,6,3.8333333333333335,1006,31.71750305430741,15
A5034689390,Giuseppe Tuveri,2012,2017,21,8,161,12.68857754044952,21,7.666666666666667,240,15.491933384829668,8
A5000895561,Dipesu Banerjee,2017,2018,6,1,3,1.7320508075688772,6,0.5,11,3.3166247903554,2
A5043717956,Mostafa Rizk,2013,2026,47,2,14,3.7416573867739413,15,0.9333333333333333,308,17.549928774784245,10
A5112277681,Erwin Cano,2017,2019,7,1,1,1.0,7,0.14285714285714285,4,2.0,1
A5018094511,Daniele Guarrera,2015,2018,5,2,6,2.449489742783178,5,1.2,37,6.082762530298219,3
A5076710822,Gökçen Özdemir,2017,2019,9,1,6,2.449489742783178,9,0.6666666666666666,10,3.1622776601683795,1
A5078483147,Yinbin Ma,2016,2026,15,2,24,4.898979485566356,5,4.8,160,12.649110640673518,5
A5054798152,Kushal Virupakshappa,2015,2026,36,5,74,8.602325267042627,19,3.8947368421052633,262,16.186414056238647,9
A5019019981,A. V. Kudryashova,2015,2021,13,3,25,5.0,8,3.125,74,8.602325267042627,4
A5103708756,Tasha Nagamine,2015,2022,11,5,169,13.0,9,18.77777777777778,402,20.049937655763422,9
A5021437502,Elena V. Zharkikh,2017,2026,49,3,44,6.6332495807108,16,2.75,307,17.52141546793523,9
A5036953717,Andreas R. Diewald,2012,2026,75,5,95,9.746794344808963,47,2.021276595744681,300,17.320508075688775,8
A5033378211,Sven Feilner,2012,2016,5,3,14,3.7416573867739413,5,2.8,18,4.242640687119285,3
A5055938660,Тимур Каримов,2013,2026,94,4,58,7.615773105863909,37,1.5675675675675675,740,27.202941017470888,15
A5079051431,Arturas Aleksandrovas,2012,2022,26,4,47,6.855654600401044,19,2.473684210526316,135,11.61895003862225,7
A5021156815,Mishaela DiNino,2013,2026,22,4,36,6.0,12,3.0,208,14.422205101855956,7
A5000432949,Lianfeng Zou,2014,2018,18,5,94,9.695359714832659,18,5.222222222222222,158,12.569805089976535,6
A5069430065,Sitthichok Chaichulee,2017,2026,51,4,59,7.681145747868608,9,6.555555555555555,665,25.787593916455254,14
A5071373414,P. Primiceri,2013,2020,36,8,225,15.0,35,6.428571428571429,536,23.15167380558045,12
A5102329024,Ahmad Saad,2014,2020,12,3,25,5.0,11,2.272727272727273,54,7.3484692283495345,4
A5037462582,Vesna Bogdanović,2012,2017,6,3,34,5.830951894845301,6,5.666666666666667,70,8.366600265340756,4
A5036803297,R.M. Galagan,2012,2025,26,1,1,1.0,12,0.08333333333333333,43,6.557438524302,4
A5108253994,S. Suparshya Babu,2013,2017,5,3,28,5.291502622129181,5,5.6,45,6.708203932499369,3
A5069598114,Dobilas Liaukonis,2014,2024,10,2,13,3.605551275463989,8,1.625,37,6.082762530298219,3
A5042402314,Gabriel Cibira,2012,2024,19,3,18,4.242640687119285,12,1.5,84,9.16515138991168,6
A5055559079,Misael Lopez–Ramirez,2013,2026,31,5,73,8.54400374531753,15,4.866666666666666,384,19.595917942265423,11
A5026771364,Hae Young Rha,2012,2025,18,3,31,5.5677643628300215,11,2.8181818181818183,150,12.24744871391589,8
A5108192232,R. Gaïor,2013,2025,88,18,1606,40.07492981902776,29,55.37931034482759,5288,72.71863585079137,32
A5008099551,Stephan Breitkreutz-von Gamm,2016,2017,5,2,16,4.0,5,3.2,34,5.830951894845301,3
A5058862419,Sofyan Hammad,2012,2024,7,2,11,3.3166247903554,6,1.8333333333333333,13,3.605551275463989,2
