探した名前,title,year,cited,venue
ChemCrow augmenting large language mod,ChemCrow: Augmenting large-language models with chemistry tools,2023,134,arXiv (Cornell University)
The AI Scientist towards fully automat,The AI Scientist: Towards Fully Automated Open-Ended Scientific Discovery,2024,114,arXiv (Cornell University)
Autonomous chemical research with larg,Autonomous chemical research with large language models,2023,981,Nature
Empowering biomedical discovery with A,Empowering biomedical discovery with AI agents,2024,287,Cell
Artificial intelligence tools expand s,Exploring the impact of artificial intelligence on teaching and learning in higher education,2017,1955,Research and Practice in Technology Enhanced Learning
Generative AI enhances individual crea,Generative AI enhances individual creativity but reduces the collective diversity of novel content,2024,702,Science Advances
The rise of self-driving labs in chemi,The rise of self-driving labs in chemical and materials sciences,2023,571,Nature Synthesis
AI agents are aeroplanes for the mind,AI agents are ‘aeroplanes for the mind’: five ways to ensure that scientists are responsible pilots,2026,6,Nature
LAMBDA large model based data agent,Evaluating Large Language Models Trained on Code,2021,1464,arXiv (Cornell University)
