openalex_id,name,sample_group,scopus_author_id,scopus_name,affiliation_current,affiliation_country,document_count,is_toyota_affiliation,name_order_used
A5016998231,Hidenori Kimura,known_noise,AUTHOR_ID:7404269951,"Kimura, Hidenori",Waseda University,Japan,168,False,0
A5016998231,Hidenori Kimura,known_noise,AUTHOR_ID:57209096776,"Kimura, Hidenori",Shiga University of Medical Science,Japan,24,False,0
A5016998231,Hidenori Kimura,known_noise,AUTHOR_ID:57195338640,"Kimura, Hidenori","Sumitomo Dainippon Pharma Co., Ltd.",Japan,10,False,0
A5016998231,Hidenori Kimura,known_noise,AUTHOR_ID:36129401900,"Kimura, Hidenori",Kyoto University,Japan,7,False,0
A5016998231,Hidenori Kimura,known_noise,AUTHOR_ID:59831367600,"Kimura, Hidenori",Chiba University,Japan,3,False,0
A5070627622,Keisuke Hata,known_noise,AUTHOR_ID:55992206100,"Hata, Keisuke",The University of Tokyo Hospital,Japan,270,False,0
A5070627622,Keisuke Hata,known_noise,AUTHOR_ID:7202330117,"Hata, Keisuke",Nippon Telegraph and Telephone Corporation,Japan,4,False,0
A5070627622,Keisuke Hata,known_noise,AUTHOR_ID:7202329682,"Hata, Keisuke",Chiba Polytechnic College,Japan,3,False,0
A5070627622,Keisuke Hata,known_noise,AUTHOR_ID:36981731900,"Hata, Keisuke",Nagaoka University of Technology,Japan,3,False,0
A5070627622,Keisuke Hata,known_noise,AUTHOR_ID:56331475900,"Hata, Keisuke",Doshisha University,Japan,3,False,0
A5111480516,Yukito Hagihara,known_noise,AUTHOR_ID:27169083400,"Hagihara, Yukito",Sophia University,Japan,66,False,0
A5105820724,Tadashi Nakagawa,known_noise,AUTHOR_ID:7404044490,"Nakagawa, Tadashi",Electrotechnical Laboratory,Japan,85,False,0
A5105820724,Tadashi Nakagawa,known_noise,AUTHOR_ID:36857687100,"Nakagawa, Tadashi",Sanyo-Onoda City University,Japan,51,False,0
A5105820724,Tadashi Nakagawa,known_noise,AUTHOR_ID:55923415200,"Nakagawa, Tadashi",National Institute of Advanced Industrial Science and Technology,Japan,42,False,0
A5105820724,Tadashi Nakagawa,known_noise,AUTHOR_ID:35410038900,"Nakagawa, Tadashi",Nara Medical University,Japan,35,False,0
A5105820724,Tadashi Nakagawa,known_noise,AUTHOR_ID:55732411500,"Nakagawa, Tadashi","Center for Adult Diseases, Osaka",Japan,11,False,0
A5110340820,Kiyokazu Imai,known_noise,AUTHOR_ID:7403639443,"Imai, Kiyokazu",Nagaoka University of Technology,Japan,69,False,0
A5110340820,Kiyokazu Imai,known_noise,AUTHOR_ID:57193782158,"Imai, Kiyokazu",,,1,False,0
A5110340820,Kiyokazu Imai,known_noise,AUTHOR_ID:36985596100,"Imai, Kiyokazu","National Institute of Technology, Kisarazu College",Japan,1,False,0
A5101954007,Yasuhiro Ito,known_noise,AUTHOR_ID:35427371100,"Ito, Yashuhiro",Kuma Hospital,Japan,383,False,0
A5101954007,Yasuhiro Ito,known_noise,AUTHOR_ID:58622997100,"Ito, Yasuhiro",Toyota Memorial Hospital,Japan,71,True,0
A5101954007,Yasuhiro Ito,known_noise,AUTHOR_ID:59036718900,"Ito, Yasuhiro","National Agriculture and Food Research Organization, NARO",Japan,52,False,0
A5101954007,Yasuhiro Ito,known_noise,AUTHOR_ID:55307772900,"Ito, Yasuhiro",Saiseikai Yokohamashi Tobu Hospital,Japan,37,False,0
A5101954007,Yasuhiro Ito,known_noise,AUTHOR_ID:56723180000,"Ito, Yasuhiro",Nagoya University,Japan,35,False,0
A5025020143,Norio Yoshida,known_noise,AUTHOR_ID:7403004850,"Yoshida, Norio",Nagoya University,Japan,119,False,0
A5025020143,Norio Yoshida,known_noise,AUTHOR_ID:7403004538,"Yoshida, Norio",University of Toyama,Japan,59,False,0
A5025020143,Norio Yoshida,known_noise,AUTHOR_ID:7403004845,"Yoshida, Norio",Kyushu Institute of Technology,Japan,13,False,0
A5025020143,Norio Yoshida,known_noise,AUTHOR_ID:57199955732,"Yoshida, Norio",Kariya Toyota General Hospital,Japan,12,True,0
A5025020143,Norio Yoshida,known_noise,AUTHOR_ID:57199955727,"Yoshida, Norio",Chinese Academy of Tropical Agricultural Sciences,China,12,False,0
A5021520217,Kenji Iida,known_noise,AUTHOR_ID:36872129500,"Iida, Kenji",Hokkaido University,Japan,42,False,0
A5021520217,Kenji Iida,known_noise,AUTHOR_ID:7202694252,"Iida, Kenji",Tokyo Metropolitan Institute of Public Health,Japan,16,False,0
A5021520217,Kenji Iida,known_noise,AUTHOR_ID:36872129600,"Iida, Kenji",Fukuoka Institute of Technology,Japan,6,False,0
A5021520217,Kenji Iida,known_noise,AUTHOR_ID:36872129200,"Iida, Kenji",Obihiro University of Agriculture and Veterinary Medicine,Japan,5,False,0
A5021520217,Kenji Iida,known_noise,AUTHOR_ID:57203510215,"Iida, Kenji",FICT Limited,Japan,4,False,0
A5006225110,Masashi Kato,known_noise,AUTHOR_ID:56549292500,"Kato, Masashi",Nagoya University,Japan,260,False,0
A5006225110,Masashi Kato,known_noise,AUTHOR_ID:55802372035,"Kato, Masashi",Nagoya Institute of Technology,Japan,158,False,0
A5006225110,Masashi Kato,known_noise,AUTHOR_ID:7406303271,"Kato, Masashi",Japanese Red Cross Nagoya Daiichi Hospital,Japan,128,False,0
A5006225110,Masashi Kato,known_noise,AUTHOR_ID:57075446900,"Kato, Masashi",Mitsubishi Kyoto Hospital,Japan,104,False,0
A5006225110,Masashi Kato,known_noise,AUTHOR_ID:56957502500,"Kato, Masashi",Meijo University,Japan,101,False,0
A5055007427,Madoka Ito,known_noise,AUTHOR_ID:7407818523,"Ito, Madoka",Fujita Health University,Japan,36,False,0
A5055007427,Madoka Ito,known_noise,AUTHOR_ID:56871101100,"Ito, Priscila Madoka M.",Universidade Federal do Rio Grande do Sul,Brazil,7,False,0
A5055007427,Madoka Ito,known_noise,AUTHOR_ID:57197731713,"Ito, Madoka",Graduate School of Medicine,Japan,5,False,0
A5055007427,Madoka Ito,known_noise,AUTHOR_ID:55951571800,"Ito, Madoka",Shizuoka Prefectural Research Institute of Fishery and Ocean,Japan,3,False,0
A5055007427,Madoka Ito,known_noise,AUTHOR_ID:58097226300,"Ito, Madoka",Konan Medical Center,Japan,2,False,0
A5101111238,Yasuhiro Ota,known_noise,AUTHOR_ID:7201423364,"Ota, Yasuhiro","Konica Minolta, Inc.",Japan,10,False,0
A5101111238,Yasuhiro Ota,known_noise,AUTHOR_ID:16550607000,"Ota, Yasuhiro",Toyota Motor Corporation,Japan,7,True,0
A5101111238,Yasuhiro Ota,known_noise,AUTHOR_ID:7201423228,"Ota, Yasuhiro",Yasuhiro Clinic,Japan,6,False,0
A5101111238,Yasuhiro Ota,known_noise,AUTHOR_ID:7201423374,"Ota, Yasuhiro","Hitachi, Ltd.",Japan,5,False,0
A5101111238,Yasuhiro Ota,known_noise,AUTHOR_ID:7201423215,"Ota, Yasuhiro",University of Minnesota Medical School,United States,2,False,0
A5025381766,Tohru Shiga,known_noise,AUTHOR_ID:35481444100,"Shiga, Tohru",Fukushima Medical University,Japan,192,False,0
A5025381766,Tohru Shiga,known_noise,AUTHOR_ID:57546453900,"Shiga, Tohru","Toyota Central R&D Labs., Inc.",Japan,40,True,0
A5025381766,Tohru Shiga,known_noise,AUTHOR_ID:57205686537,"Shiga, Tohru",Toyota Ctrl. Res. and Devmt. Lab.,Japan,28,True,0
A5025381766,Tohru Shiga,known_noise,AUTHOR_ID:57206397314,"Shiga, Tohru",Kadoya Sesame Mills Incorporated,Japan,5,False,0
A5073395104,Hideki Tsuji,known_noise,AUTHOR_ID:8053279200,"Tsuji, Hideki",Cancer Institute Hospital of Japan Foundation for Cancer Research,Japan,57,False,0
A5073395104,Hideki Tsuji,known_noise,AUTHOR_ID:55790257500,"Tsuji, Hideki",National Institute for Environmental Studies of Japan,Japan,34,False,0
A5073395104,Hideki Tsuji,known_noise,AUTHOR_ID:36124369800,"Tsuji, Hideki",Toyota Memorial Hospital,Japan,19,True,0
A5073395104,Hideki Tsuji,known_noise,AUTHOR_ID:36913647100,"Tsuji, Hideki","Komatsu Electronic Metals Co., Ltd.",Japan,11,False,0
A5073395104,Hideki Tsuji,known_noise,AUTHOR_ID:36544644600,"Tsuji, Hideki",Sapporo Medical University School of Medicine,Japan,4,False,0
A5016073476,Kwong Ming Fock,known_noise,AUTHOR_ID:7006721062,"Fock, Kwong Ming",Duke-NUS Medical School,Singapore,185,False,0
A5016073476,Kwong Ming Fock,known_noise,AUTHOR_ID:57200000237,"Fock, Kwong Ming",,,3,False,0
A5015525814,Nobuo Kamiya,known_noise,AUTHOR_ID:7201711732,"Kamiya, Nobuo",Osaka Metropolitan University,Japan,108,False,0
A5015525814,Nobuo Kamiya,known_noise,AUTHOR_ID:24500107800,"Kamiya, Nobuo","Toyota Central R&D Labs., Inc.",Japan,50,True,0
A5015525814,Nobuo Kamiya,known_noise,AUTHOR_ID:56588527900,"Kamiya, Nobuo",Nippon Medical School,Japan,8,False,0
A5015525814,Nobuo Kamiya,known_noise,AUTHOR_ID:59809226100,"Kamiya, Nobuo",RIKEN SPring-8 Center,Japan,1,False,0
A5015525814,Nobuo Kamiya,known_noise,AUTHOR_ID:57041583200,"Kamiya, Nobuo",Nagoya University,Japan,1,False,0
A5102918815,T. Hattori,known_noise,AUTHOR_ID:7403361091,"Hattori, Takamichi",Chiba University School of Medicine,Japan,410,False,0
A5102918815,T. Hattori,known_noise,AUTHOR_ID:35448876500,"Hattori, Takeo","Hitachi, Ltd.",Japan,304,False,0
A5102918815,T. Hattori,known_noise,AUTHOR_ID:7403361261,"Hattori, T.",Shiga University of Medical Science,Japan,268,False,0
A5102918815,T. Hattori,known_noise,AUTHOR_ID:56132879800,"Hattori, Tadashi",Nagoya University,Japan,264,False,0
A5102918815,T. Hattori,known_noise,AUTHOR_ID:7403361171,"Hattori, Takao",Showa Medical University,Japan,233,False,0
A5040200387,S. Nakamura,known_noise,AUTHOR_ID:57194114920,"Nakamura, Shuji","University of California, Santa Barbara",United States,1057,False,0
A5040200387,S. Nakamura,known_noise,AUTHOR_ID:55628545896,"Nakamura, Satoshi","The Chinese University of Hong Kong, Shenzhen",China,801,False,0
A5040200387,S. Nakamura,known_noise,AUTHOR_ID:35323670300,"Nakamura, Shigeo",Nagoya University Hospital,Japan,671,False,0
A5040200387,S. Nakamura,known_noise,AUTHOR_ID:35315778200,"Nakamura, Shota",The University of Osaka,Japan,284,False,0
A5040200387,S. Nakamura,known_noise,AUTHOR_ID:56497345300,"Nakamura, Sunao",Kawasaki Saiwai Hospital,Japan,268,False,0
A5110280118,Yoshihiro Nagai,known_noise,AUTHOR_ID:59548491400,"Nagai, Yoshihiro",Jichi Medical University,Japan,3,False,0
A5110280118,Yoshihiro Nagai,known_noise,AUTHOR_ID:7402580591,"Nagai, Yoshihiro",Toyota Motor Corporation,Japan,2,True,0
A5110280118,Yoshihiro Nagai,known_noise,AUTHOR_ID:59217581300,"Nagai, Yoshihiro",Kyoto Prefectural University of Medicine,Japan,2,False,0
A5110280118,Yoshihiro Nagai,known_noise,AUTHOR_ID:7402580940,"Nagai, Yoshihiro",,,1,False,0
A5110280118,Yoshihiro Nagai,known_noise,AUTHOR_ID:55982088200,"Nagai, Yoshihiro",Nagoya University,Japan,1,False,0
A5053579945,Shozo Yoshida,known_noise,AUTHOR_ID:56643695400,"Yoshida, Shozo",,,71,False,0
A5053579945,Shozo Yoshida,known_noise,AUTHOR_ID:35274128900,"Yoshida, Shozo",Nara Medical University,Japan,41,False,0
A5053579945,Shozo Yoshida,known_noise,AUTHOR_ID:21733875400,"Yoshida, Shozo",Toyota Motor Corporation,Japan,8,True,0
A5053579945,Shozo Yoshida,known_noise,AUTHOR_ID:57849770900,"Yoshida, Shozo",Gifu University School of Medicine,Japan,8,False,0
A5053579945,Shozo Yoshida,known_noise,AUTHOR_ID:57199836345,"Yoshida, Shozo",Kyoto University,Japan,2,False,0
A5067083029,Tomohiro Yokoyama,known_noise,AUTHOR_ID:28168141400,"Yokoyama, Tomohiro",Shibahara,Japan,41,False,0
A5067083029,Tomohiro Yokoyama,known_noise,AUTHOR_ID:37040024400,"Yokoyama, Tomohiro",Yokohama National University,Japan,2,False,0
A5067083029,Tomohiro Yokoyama,known_noise,AUTHOR_ID:57089632200,"Yokoyama, Tomohiro",Kobe University,Japan,2,False,0
A5067083029,Tomohiro Yokoyama,known_noise,AUTHOR_ID:55814887100,"Yokoyama, Tomohiro",Toyota Motor Corporation,Japan,2,True,0
A5067083029,Tomohiro Yokoyama,known_noise,AUTHOR_ID:23053371800,"Yokoyama, Tomohiro",The University of Osaka,Japan,1,False,0
A5101805578,Shigeru Suzuki,known_noise,AUTHOR_ID:35353666200,"Suzuki, Shigeru",Tohoku University,Japan,303,False,0
A5101805578,Shigeru Suzuki,known_noise,AUTHOR_ID:55342336600,"Suzuki, Shigeru",Tokyo Women's Medical University,Japan,157,False,0
A5101805578,Shigeru Suzuki,known_noise,AUTHOR_ID:57202769378,"Suzuki, Shigeru",Totsuka Kyouritsu Daini Hospital,,69,False,0
A5101805578,Shigeru Suzuki,known_noise,AUTHOR_ID:55732270400,"Suzuki, Shigeru",Asahikawa Medical University,Japan,56,False,0
A5101805578,Shigeru Suzuki,known_noise,AUTHOR_ID:57630364200,"Suzuki, Shigeru",The Jikei University School of Medicine,Japan,27,False,0
A5101458160,Hiroshi Harada,known_noise,AUTHOR_ID:34869729600,"Harada, Hiroshi",Graduate School of Informatics,Japan,665,False,0
A5101458160,Hiroshi Harada,known_noise,AUTHOR_ID:36049533200,"Harada, Hiroshi",National Institute for Materials Science,Japan,374,False,0
A5101458160,Hiroshi Harada,known_noise,AUTHOR_ID:55127694300,"Harada, Hiroshi",Graduate School of Biostudies,Japan,99,False,0
A5101458160,Hiroshi Harada,known_noise,AUTHOR_ID:36039157300,"Harada, Hiroshi",University of Tsukuba,Japan,94,False,0
A5101458160,Hiroshi Harada,known_noise,AUTHOR_ID:58863448500,"Harada, Hiroshi",Sapporo City General Hospital,Japan,93,False,0
A5025625340,Kenji Tanaka,known_noise,AUTHOR_ID:55628544225,"Tanaka, Kenji",National Institutes of Natural Sciences - National Institute for Fusion Science,Japan,518,False,0
A5025625340,Kenji Tanaka,known_noise,AUTHOR_ID:8956213500,"Tanaka, Kenji F.",Keio University School of Medicine,Japan,198,False,0
A5025625340,Kenji Tanaka,known_noise,AUTHOR_ID:55628544480,"Tanaka, Kenji",The University of Tokyo,Japan,141,False,0
A5025625340,Kenji Tanaka,known_noise,AUTHOR_ID:55628543894,"Tanaka, Kenji",Nagoya University School of Medicine,Japan,83,False,0
A5025625340,Kenji Tanaka,known_noise,AUTHOR_ID:59099472900,"Tanaka, Kenji",Nagasaki University Hospital,Japan,65,False,0
A5000602137,Yusuke Tanaka,known_noise,AUTHOR_ID:56389801700,"Tanaka, Yusuke",Osaka Rosai Hospital,Japan,52,False,0
A5000602137,Yusuke Tanaka,known_noise,AUTHOR_ID:55736356100,"Tanaka, Yusuke",Setsunan University,Japan,26,False,0
A5000602137,Yusuke Tanaka,known_noise,AUTHOR_ID:57188958927,"Tanaka, Yusuke",RIKEN Center for Advanced Intelligence Project,Japan,26,False,0
A5000602137,Yusuke Tanaka,known_noise,AUTHOR_ID:57224398727,"Tanaka, Yusuke",Shizuoka Cancer Center,Japan,23,False,0
A5000602137,Yusuke Tanaka,known_noise,AUTHOR_ID:57202263757,"Tanaka, Yusuke",Obihiro University of Agriculture and Veterinary Medicine,Japan,21,False,0
A5007157113,Hiroshi Inoue,known_noise,AUTHOR_ID:59006063100,"Inoue, Hiroshi",Saiseikai Toyama Hospital,Japan,493,False,0
A5007157113,Hiroshi Inoue,known_noise,AUTHOR_ID:35310351400,"Inoue, Hiroshi",Osaka Metropolitan University,Japan,218,False,0
A5007157113,Hiroshi Inoue,known_noise,AUTHOR_ID:55191720200,"Inoue, Hiroshi",Akita University,Japan,164,False,0
A5007157113,Hiroshi Inoue,known_noise,AUTHOR_ID:55733154900,"Inoue, Hiroshi",Kyushu University,Japan,149,False,0
A5007157113,Hiroshi Inoue,known_noise,AUTHOR_ID:58841539300,"Inoue, Hiroshi",Iwate Medical University,Japan,148,False,0
A5100654015,Takashi Matsuura,known_noise,AUTHOR_ID:36048717100,"Matsuura, Takeshi",University of Ottawa,Canada,751,False,0
A5100654015,Takashi Matsuura,known_noise,AUTHOR_ID:7402488623,"Matsuura, Takashi",Tohoku University,Japan,63,False,0
A5100654015,Takashi Matsuura,known_noise,AUTHOR_ID:7402488835,"Matsuura, Takashi",Fukuoka Dental College,Japan,36,False,0
A5100654015,Takashi Matsuura,known_noise,AUTHOR_ID:57196845243,"Matsuura, Takashi",Hamanomachi Hospital,Japan,17,False,0
A5100654015,Takashi Matsuura,known_noise,AUTHOR_ID:57201684987,"Matsuura, Takashi",Graduate School of Biomedical Sciences,Japan,13,False,0
A5113461930,Toshio Takiguchi,known_noise,AUTHOR_ID:16059486300,"Takiguchi, Toshio",Gunma University,Japan,12,False,0
A5113461930,Toshio Takiguchi,known_noise,AUTHOR_ID:59858793200,"Takiguchi, Toshio",,,4,False,0
A5113461930,Toshio Takiguchi,known_noise,AUTHOR_ID:57193782369,"Takiguchi, Toshio",,,3,False,0
A5113461930,Toshio Takiguchi,known_noise,AUTHOR_ID:12777306900,"Takiguchi, Toshio",,,2,False,0
A5113461930,Toshio Takiguchi,known_noise,AUTHOR_ID:7005058515,"Takiguchi, Toshio","Lotte Co., Ltd.",Japan,1,False,0
A5036535606,Shinji Inagaki,known_noise,AUTHOR_ID:35448765100,"Inagaki, Shinji",National Institute of Advanced Industrial Science and Technology,Japan,250,False,0
A5036535606,Shinji Inagaki,known_noise,AUTHOR_ID:58823921800,"Inagaki, Shinji",Aichi Institute of Technology,Japan,11,False,0
A5036535606,Shinji Inagaki,known_noise,AUTHOR_ID:55112080800,"Inagaki, Shinji",The University of Osaka,Japan,4,False,0
A5036535606,Shinji Inagaki,known_noise,AUTHOR_ID:57196817291,"Inagaki, Shinji",Nagoya University,Japan,3,False,0
A5036535606,Shinji Inagaki,known_noise,AUTHOR_ID:57196817293,"Inagaki, Shinji",Nagoya University,Japan,2,False,0
A5101648993,Hiroaki Tanaka,known_noise,AUTHOR_ID:55628563123,"Tanaka, Hiroaki",Fukuoka University,Japan,188,False,0
A5101648993,Hiroaki Tanaka,known_noise,AUTHOR_ID:55628563555,"Tanaka, Hiroaki",Osaka Metropolitan University Graduate School of Medicine,Japan,172,False,0
A5101648993,Hiroaki Tanaka,known_noise,AUTHOR_ID:57199879578,"Tanaka, Hiroki",Hamamatsu University School of Medicine,Japan,165,False,0
A5101648993,Hiroaki Tanaka,known_noise,AUTHOR_ID:7406600711,"Tanaka, Hiroaki",Research Center for Environmental Quality Management,Japan,146,False,0
A5101648993,Hiroaki Tanaka,known_noise,AUTHOR_ID:56088269700,"Tanaka, Hiroaki",Kumamoto General Hospital,Japan,134,False,0
A5087391386,Hiroaki Takahashi,known_noise,AUTHOR_ID:58848654000,"Takahashi, Hiroaki",Osaka Medical and Pharmaceutical University,Japan,112,False,0
A5087391386,Hiroaki Takahashi,known_noise,AUTHOR_ID:57226214488,"Takahashi, Hiroaki",Hokkaido University,Japan,81,False,0
A5087391386,Hiroaki Takahashi,known_noise,AUTHOR_ID:57201254288,"Takahashi, Hiroaki",Waseda University,Japan,78,False,0
A5087391386,Hiroaki Takahashi,known_noise,AUTHOR_ID:57192071855,"Takahashi, Hiroaki","Mayo Clinic in Rochester, Minnesota",United States,65,False,0
A5087391386,Hiroaki Takahashi,known_noise,AUTHOR_ID:58956930000,"Takahashi, Hiroaki",Graduate School of Medicine,Japan,44,False,0
A5027564757,Ercan Dede,current_swiss,AUTHOR_ID:23469364000,"Dede, Ercan M.",Toyota Research Institute of North America,United States,172,True,0
A5027564757,Ercan Dede,current_swiss,AUTHOR_ID:57218123114,"Dede, Ercan",Recep Tayyip Erdogan University,Turkey,3,False,0
A5071881576,Katsumi Samada,current_swiss,AUTHOR_ID:55815058000,"Samada, Katsumi","Toyota Central R&D Labs., Inc.",Japan,1,True,0
A5004593705,Noboru KOMATU,current_swiss,AUTHOR_ID:57194924770,"Komatu, Noboru",,,1,False,0
A5078309456,Naoya Ishizaki,current_swiss,AUTHOR_ID:7005657398,"Ishizaki, Naoya",Hiroshima University,Japan,4,False,0
A5078309456,Naoya Ishizaki,current_swiss,AUTHOR_ID:55890967000,"Ishizaki, Naoya",Toyota Motor Corporation,Japan,2,True,0
A5078309456,Naoya Ishizaki,current_swiss,AUTHOR_ID:57220185122,"Ishizaki, Naoya",Chiba Institute of Technology,Japan,1,False,0
A5025089356,Satoshi Nagahama,current_swiss,AUTHOR_ID:16027016100,"Nagahama, Satoshi",Tohoku University,Japan,3,False,0
A5025089356,Satoshi Nagahama,current_swiss,AUTHOR_ID:56135954200,"Nagahama, Satoshi",Toyota Motor Corporation,Japan,1,True,0
A5025089356,Satoshi Nagahama,current_swiss,AUTHOR_ID:7005895302,"Nagahama, Satoshi",,,1,False,0
A5025089356,Satoshi Nagahama,current_swiss,AUTHOR_ID:36617753500,"Nagahama, Satoshi","NEC Mobiling, Ltd",Singapore,1,False,0
A5088418509,Mark Jakstis,current_swiss,AUTHOR_ID:55677342300,"Jakstis, Mark W.",GITAI USA Inc.,United States,5,False,0
A5087641978,Yoshio Tazima,current_swiss,AUTHOR_ID:23058720300,"Tazima, Yoshio",The University of Tokyo,Japan,2,False,0
A5050188757,Shin-ichi Ishivama,current_swiss,AUTHOR_ID:55679596500,"Ishivama, Shin Ichi","Toyota Central R&D Labs., Inc.",Japan,1,True,0
A5059456518,H. Okamoto,current_swiss,AUTHOR_ID:35285807800,"Okamoto, Hiroaki",Jichi Medical University,Japan,586,False,0
A5059456518,H. Okamoto,current_swiss,AUTHOR_ID:20135441300,"Okamoto, Hiroshi",Graduate School of Medicine,Japan,340,False,0
A5059456518,H. Okamoto,current_swiss,AUTHOR_ID:58503666600,"Okamoto, Hiroshi",Nihon University,Japan,329,False,0
A5059456518,H. Okamoto,current_swiss,AUTHOR_ID:56972291400,"Okamoto, Hiroaki",Asahi University,Japan,308,False,0
A5059456518,H. Okamoto,current_swiss,AUTHOR_ID:7403533522,"Okamoto, Hiroaki",The University of Osaka,Japan,281,False,0
A5021463311,Keiko Shimazaki,current_swiss,AUTHOR_ID:7103260901,"Shimazaki, Keiko",National Hospital Organization Kyushu Cancer Center,Japan,5,False,0
A5021463311,Keiko Shimazaki,current_swiss,AUTHOR_ID:7103260670,"Shimazaki, Keiko",Fujita Health University School of Medicine,Japan,4,False,0
A5021463311,Keiko Shimazaki,current_swiss,AUTHOR_ID:56460928200,"Shimazaki, Keiko",Toyota InfoTechnology Center,Japan,3,True,0
A5021463311,Keiko Shimazaki,current_swiss,AUTHOR_ID:60028353200,"Shimazaki, Keiko",Kanazawa University Graduate School of Medical Sciences,Japan,1,False,0
A5049708411,Hirohisa Takeuchi,current_swiss,AUTHOR_ID:8712278000,"Takeuchi, Hirohisa",Kyorin University Faculty of Medicine,Japan,32,False,0
A5049708411,Hirohisa Takeuchi,current_swiss,AUTHOR_ID:35090348100,"Takeuchi, Hirohisa","Toyota Central R&D Labs., Inc.",Japan,7,True,0
A5049708411,Hirohisa Takeuchi,current_swiss,AUTHOR_ID:36678166900,"Takeuchi, Hirohisa",Takeda Pharmaceutical Company Limited,Japan,6,False,0
A5049708411,Hirohisa Takeuchi,current_swiss,AUTHOR_ID:55007397000,"Takeuchi, Hirohisa",International Goodwill Hospital,Japan,1,False,0
A5046537576,Makoto Kusakabe,current_swiss,AUTHOR_ID:7102300605,"Kusakabe, Makoto",Shizuoka University,Japan,41,False,0
A5046537576,Makoto Kusakabe,current_swiss,AUTHOR_ID:57212478306,"Kusakabe, Makoto","Toyota Central R&D Labs., Inc.",Japan,4,True,0
A5046537576,Makoto Kusakabe,current_swiss,AUTHOR_ID:57209577018,"Kusakabe, Makoto",Nippon Medical School Tama Nagayama Hospital,Japan,3,False,0
A5112217155,Yuichi Miyake,current_swiss,AUTHOR_ID:55111582600,"Miyake, Yuichi",Yokohama National University,Japan,58,False,0
A5112217155,Yuichi Miyake,current_swiss,AUTHOR_ID:14045773700,"Miyake, Yuichi",Kagawa University Faculty of Medicine,Japan,12,False,0
A5112217155,Yuichi Miyake,current_swiss,AUTHOR_ID:55679615500,"Miyake, Yuichi",Toyota Motor Corporation,Japan,5,True,0
A5112217155,Yuichi Miyake,current_swiss,AUTHOR_ID:36785819300,"Miyake, Yuichi",Nagoya Institute of Technology,Japan,2,False,0
A5112217155,Yuichi Miyake,current_swiss,AUTHOR_ID:57225762833,"Miyake, Yuichi",Higashifuji Technical Center,Japan,1,False,0
A5027018237,Masaaki Uechi,current_swiss,AUTHOR_ID:23981393300,"Uechi, Masaaki",Toyota Motor Corporation,Japan,5,True,0
A5027018237,Masaaki Uechi,current_swiss,AUTHOR_ID:58510224500,"Uechi, Masaaki",Institute of Science Tokyo,Japan,1,False,0
A5027018237,Masaaki Uechi,current_swiss,AUTHOR_ID:7006017203,"Uechi, Masaaki",Nippon Telegraph and Telephone Corporation,Japan,1,False,0
A5027018237,Masaaki Uechi,current_swiss,AUTHOR_ID:57201654967,"Uechi, Masaaki",National Health Security Office,Thailand,1,False,0
A5098549672,Nishibe,current_swiss,AUTHOR_ID:57190647375,"Nishibe, Sansei",Health Sciences University of Hokkaido,Japan,191,False,0
A5098549672,Nishibe,current_swiss,AUTHOR_ID:7005984158,"Nishibe, Toshiya",Hokkaido Information University,Japan,171,False,0
A5098549672,Nishibe,current_swiss,AUTHOR_ID:36739534000,"Nishibe, Koichi",Tokyo City University,Japan,58,False,0
A5098549672,Nishibe,current_swiss,AUTHOR_ID:6603843325,"Nishibe, Masayasu",Eniwa Midorino Clinic,Japan,45,False,0
A5098549672,Nishibe,current_swiss,AUTHOR_ID:7006368602,"Nishibe, Yuichiro",The University of Tokyo,Japan,39,False,0
A5057944268,Keiko Toi,current_swiss,AUTHOR_ID:55671216900,"Toi, Keiko",ESPEC Corp.,Japan,1,False,0
A5101118700,Miura Shinichi,current_swiss,AUTHOR_ID:7402112863,"Miura, Shin'ichi",Kanazawa University,Japan,57,False,1
A5101118700,Miura Shinichi,current_swiss,AUTHOR_ID:57203275420,"Miura, Shin'ichi N.Ichi",University of Tsukuba,Japan,17,False,1
A5101118700,Miura Shinichi,current_swiss,AUTHOR_ID:7402113171,"Miura, Shinichi",Faculty of Medicine,Japan,12,False,1
A5101118700,Miura Shinichi,current_swiss,AUTHOR_ID:36822585900,"Miura, Shinichi",Tohoku University,Japan,10,False,1
A5101118700,Miura Shinichi,current_swiss,AUTHOR_ID:55481710900,"Miura, Shinichi",JFE Steel Corporation,Japan,9,False,1
A5052989433,Y. Hiei,current_swiss,AUTHOR_ID:6701394430,"Hiei, Yukoh",Japan Tobacco Inc.,Japan,26,False,0
A5052989433,Y. Hiei,current_swiss,AUTHOR_ID:6701394429,"Hiei, Yoshiko",Central Research Institute of Electric Power Industry,Japan,19,False,0
A5052989433,Y. Hiei,current_swiss,AUTHOR_ID:56480477700,"Hiei, Yusuke",Fujita Health University School of Medicine,Japan,3,False,0
A5052989433,Y. Hiei,current_swiss,AUTHOR_ID:57188837279,"Hiei, Y.",Toyota Technological Institute,Japan,1,True,0
A5052989433,Y. Hiei,current_swiss,AUTHOR_ID:26023165300,"Hiei, Yu",Nara Institute of Science and Technology,Japan,1,False,0
A5028192997,Yoshiaki Miyazaki,current_swiss,AUTHOR_ID:55223585500,"Miyazaki, Yoshiaki",The Jikei University School of Medicine,Japan,5,False,0
A5028192997,Yoshiaki Miyazaki,current_swiss,AUTHOR_ID:8396247900,"Miyazaki, Yoshiaki",The Dow Chemical Company,United States,3,False,0
A5028192997,Yoshiaki Miyazaki,current_swiss,AUTHOR_ID:57226253164,"Miyazaki, Yoshiaki",National Cancer Center Japan,Japan,3,False,0
A5028192997,Yoshiaki Miyazaki,current_swiss,AUTHOR_ID:51562260700,"Miyazaki, Yoshiaki",NEC Corporation,Japan,2,False,0
A5028192997,Yoshiaki Miyazaki,current_swiss,AUTHOR_ID:57207019703,"Miyazaki, Yoshiaki",Kagoshima University,Japan,1,False,0
A5092326820,Yoshio TAKAEDA,current_swiss,AUTHOR_ID:6602296305,"Takaeda, Yoshio","Mitsubishi Research Institute, Inc.",Japan,8,False,0
A5000002339,Naohisa Nishino,current_swiss,AUTHOR_ID:7102764214,"Nishino, Naohisa","Toyota Central R&D Labs., Inc.",Japan,7,True,0
A5000002339,Naohisa Nishino,current_swiss,AUTHOR_ID:7102764215,"Nishino, Naohisa","Toyota Central R&D Labs., Inc.",Japan,2,True,0
A5071253144,Shigenobu Miyachi,current_swiss,AUTHOR_ID:7004557420,"Miyachi, Shigenobu",Toyota Motor Corporation,Japan,1,True,0
A5016404455,Claudia Brasse,current_swiss,AUTHOR_ID:6507230597,"Brasse, Claudia C.",Arrhenius Laboratory,Sweden,4,False,0
A5040907279,Katsutoshi Abiko,current_swiss,AUTHOR_ID:57200826473,"Abiko, Katsutoshi","Toyota Central R&D Labs., Inc.",Japan,5,True,0
A5040907279,Katsutoshi Abiko,current_swiss,AUTHOR_ID:59429565900,"Abiko, Katsutoshi",Iwate University,Japan,1,False,0
A5110350793,Shozo Wada,current_swiss,AUTHOR_ID:20435180700,"Wada, Shozo",Ashikaga University,Japan,8,False,0
A5110350793,Shozo Wada,current_swiss,AUTHOR_ID:57192880552,"Wada, Shozo",Toa Nenryo Kogyo Co. Ltd.,Japan,6,False,0
A5110350793,Shozo Wada,current_swiss,AUTHOR_ID:35133347200,"Wada, Shozo",Takeda Pharmaceutical Company Limited,Japan,2,False,0
A5008505743,Scott Gordon,current_swiss,AUTHOR_ID:56884953600,"Gordon, Scott D.",QIMR Berghofer Medical Research Institute,Australia,217,False,0
A5008505743,Scott Gordon,current_swiss,AUTHOR_ID:7401828766,"Gordon, Scott E.",The University of North Carolina at Charlotte,United States,75,False,0
A5008505743,Scott Gordon,current_swiss,AUTHOR_ID:24474680600,"Gordon, Scott M.",University of Kentucky College of Medicine,United States,57,False,0
A5008505743,Scott Gordon,current_swiss,AUTHOR_ID:6603103224,"Gordon-Wylie, Scott W.",Flow Aluminum,United States,33,False,0
A5008505743,Scott Gordon,current_swiss,AUTHOR_ID:56637166300,"Gordon, Scott M.",University of Pennsylvania Perelman School of Medicine,United States,27,False,0
A5009485582,Madhan Ramaswami,current_swiss,AUTHOR_ID:55574630300,"Ramaswami, Madhan",Toyota Motor Engineering and Mfg NA Inc,United States,1,True,0
A5017431821,Aya Fukumoto,current_swiss,AUTHOR_ID:24472698900,"Fukumoto, Aya",Tokushima University,Japan,4,False,0
A5017431821,Aya Fukumoto,current_swiss,AUTHOR_ID:59512769400,"Fukumoto, Aya",Mitsui Sumitomo Insurance,Japan,1,False,0
A5017431821,Aya Fukumoto,current_swiss,AUTHOR_ID:55322572000,"Fukumoto, Aya",Toyota Housing Corporation,Japan,1,True,0
A5130904368,İftihar KÖKSAL,current_swiss,AUTHOR_ID:7004280132,"Köksal, Iftíhar",Karadeniz Technical University,Turkey,178,False,0
A5114020528,Ken Laberteaux,current_swiss,AUTHOR_ID:23028014200,"Laberteaux, Kenneth P.","Toyota Motor North America, Inc.",United States,54,True,0
A5114020528,Ken Laberteaux,current_swiss,AUTHOR_ID:60761280300,"Laberteaux, Kenneth P.",Tellabs Research Cent,United States,7,False,0
A5101836797,Kazuya Okada,current_other,AUTHOR_ID:57217252476,"Okada, Kazuya",Japan Community Health Care Organization Gunma Central Hospital,Japan,31,False,0
A5101836797,Kazuya Okada,current_other,AUTHOR_ID:55819279600,"Okada, Kazuya",Toyota Motor Corporation,Japan,22,True,0
A5101836797,Kazuya Okada,current_other,AUTHOR_ID:55413437000,"Okada, Kazuya",Nagasaki Kouseikai Hospital,Japan,19,False,0
A5101836797,Kazuya Okada,current_other,AUTHOR_ID:57193153261,"Okada, Kazuya",Saitama Institute of Technology,Japan,19,False,0
A5101836797,Kazuya Okada,current_other,AUTHOR_ID:55356139700,"Okada, Kazuya",Kurashiki Central Hospital,Japan,10,False,0
A5102424311,Cinzia De Marco,current_other,AUTHOR_ID:60502900600,"Marco, Cinzia De","Fondazione IRCCS Istituto Nazionale dei Tumori, Milan",Italy,1,False,0
A5102240028,Jun Sato,current_other,AUTHOR_ID:36089156900,"Sato, Jun",Nagoya Institute of Technology,Japan,137,False,0
A5102240028,Jun Sato,current_other,AUTHOR_ID:56682503900,"Sato, Jun",Hokkaido University,Japan,111,False,0
A5102240028,Jun Sato,current_other,AUTHOR_ID:14421821800,"Sato, Jun'Ichi",IHI Corporation,Japan,98,False,0
A5102240028,Jun Sato,current_other,AUTHOR_ID:7402601396,"Sato, Jun",Chubu University,Japan,75,False,0
A5102240028,Jun Sato,current_other,AUTHOR_ID:55794085300,"Sato, Jun",Graduate School of Medicine,Japan,69,False,0
A5086929006,Rihito Kaneko,current_other,AUTHOR_ID:57208405723,"Kaneko, Rihito",Toyota Motor Corporation,Japan,1,True,0
A5017402300,Seiji HIROSHIMA,current_other,AUTHOR_ID:57101746500,"Hiroshima, Seiji",Mitutoyo Corporation,Japan,1,False,0
A5111378384,Amane Shimura,current_other,AUTHOR_ID:15073566500,"Shimura, Amane",Toyota Motor Corporation,Japan,2,True,0
A5012622882,Nagisa Shimasaki,current_other,AUTHOR_ID:57190371984,"Shimasaki, Nagisa",Toyota Motor Corporation,Japan,3,True,0
A5088432765,Atsushi Tanida,current_other,AUTHOR_ID:35488957100,"Tanida, Atsushi",Tottori University Faculty of Medicine,Japan,21,False,0
A5088432765,Atsushi Tanida,current_other,AUTHOR_ID:57205044416,"Tanida, Atsushi",Toyota Motor Corporation,Japan,2,True,0
A5088432765,Atsushi Tanida,current_other,AUTHOR_ID:57189845418,"Tanida, Atsushi",Kyoto University,Japan,1,False,0
A5058669715,Hiroshi Abe,current_other,AUTHOR_ID:55708256700,"Abe, Hiroshi",The University of Osaka Faculty of Medicine,Japan,748,False,0
A5058669715,Hiroshi Abe,current_other,AUTHOR_ID:56301966100,"Abe, Hideki",RIKEN Center for Sustainable Resource Science,Japan,222,False,0
A5058669715,Hiroshi Abe,current_other,AUTHOR_ID:57084421600,"Abe, Hiroshi",Nagoya University,Japan,190,False,0
A5058669715,Hiroshi Abe,current_other,AUTHOR_ID:57770395100,"Abe, Hiroshi",Fukuoka University,Japan,150,False,0
A5058669715,Hiroshi Abe,current_other,AUTHOR_ID:55793186950,"Abe, Hiroshi",Faculty of Medicine,Japan,141,False,0
A5042314825,Fumiaki Kawaii,current_other,AUTHOR_ID:57207195715,"Kawaii, Fumiaki",Toyota Motor Corporation,Japan,1,True,0
A5014142958,Toshihiko Yanagisawa,current_other,AUTHOR_ID:57211774815,"Yanagisawa, Toshihiko",Tsumura and Co.,Japan,22,False,0
A5063518740,Tomoyoshi Ishimaru,current_other,AUTHOR_ID:57190300071,"Ishimaru, Tomoyoshi",Toyota Motor Corporation,Japan,1,True,0
A5000986211,Yuji Nagasaka,current_other,AUTHOR_ID:7103229887,"Nagasaka, Yuchi Ji",Keio University,Japan,177,False,0
A5000986211,Yuji Nagasaka,current_other,AUTHOR_ID:7103230614,"Nagasaka, Yuji",Yamaguchi Prefectural University,Japan,24,False,0
A5000986211,Yuji Nagasaka,current_other,AUTHOR_ID:59267971500,"Nagasaka, Yuji",Keio University,Japan,2,False,0
A5000986211,Yuji Nagasaka,current_other,AUTHOR_ID:57460523000,"Nagasaka, Yuji",Toyota Motor Corporation,Japan,1,True,0
A5000986211,Yuji Nagasaka,current_other,AUTHOR_ID:60344172700,"Nagasaka, Yuji",Keio University,Japan,1,False,0
A5023910965,Takahiro Kitamura,current_other,AUTHOR_ID:55902880500,"Kitamura, Takahiro",Yao Municipal Hospital,Japan,22,False,0
A5023910965,Takahiro Kitamura,current_other,AUTHOR_ID:54926058400,"Kitamura, Takahiro",Japanese Red Cross Karatsu Hospital,Japan,11,False,0
A5023910965,Takahiro Kitamura,current_other,AUTHOR_ID:57218270065,"Kitamura, Takahiro",The University of Osaka,Japan,5,False,0
A5023910965,Takahiro Kitamura,current_other,AUTHOR_ID:55626551200,"Kitamura, Takahiro","Daiichi Sankyo Company, Limited",Japan,5,False,0
A5023910965,Takahiro Kitamura,current_other,AUTHOR_ID:55141879700,"Kitamura, Takahiro",National Institute of Fitness and Sports in Kanoya,Japan,4,False,0
A5135957788,Masahiro Kuwahara,current_other,AUTHOR_ID:56460872200,"Kuwahara, Masahiro",Toyota Motor Corporation,Japan,21,True,0
A5135957788,Masahiro Kuwahara,current_other,AUTHOR_ID:25639961900,"Kuwahara, Masahiro","Mitsui Chemicals, Inc.",Japan,2,False,0
A5135957788,Masahiro Kuwahara,current_other,AUTHOR_ID:57192774272,"Kuwahara, Masahiro","Mitsui Chemicals, Inc.",Japan,1,False,0
A5135957788,Masahiro Kuwahara,current_other,AUTHOR_ID:60113281800,"Kuwahara, Masahiro",Fukuoka University,Japan,1,False,0
A5067949786,Kenichi Anmi,current_other,AUTHOR_ID:57214119008,"Anmi, Kenichi",Manufacturing Study Department,Japan,1,False,0
A5000205888,Kimi Kaneko,current_other,AUTHOR_ID:56367172500,"Kaneko, Kimi",Ochanomizu University,Japan,2,False,0
A5000205888,Kimi Kaneko,current_other,AUTHOR_ID:57429591300,"Kaneko, Kimi",Toyota Motor Corporation,Japan,1,True,0
A5010499198,Junichi Yoshimi,current_other,AUTHOR_ID:6504221518,"Yoshimi, Junichi",Toyota Motor Corporation,Japan,2,True,0
A5101004421,Yu Hoshino,current_other,AUTHOR_ID:12752326300,"Hoshino, Yu",Kyushu University,Japan,154,False,0
A5101004421,Yu Hoshino,current_other,AUTHOR_ID:23492695100,"Hoshino, Yu",Jichi Medical University,Japan,11,False,0
A5101004421,Yu Hoshino,current_other,AUTHOR_ID:60579172000,"Hoshino, Yu",Kyushu University,Japan,2,False,0
A5101004421,Yu Hoshino,current_other,AUTHOR_ID:36817363800,"Hoshino, Yu",Tohoku University,Japan,2,False,0
A5101004421,Yu Hoshino,current_other,AUTHOR_ID:59947187300,"Hoshino, Yu",Toyota Motor Corporation,Japan,1,True,0
A5058977244,Shogo Tsuge,current_other,AUTHOR_ID:58243216100,"Tsuge, Shogo",Faculty of Medicine,Japan,3,False,0
A5058977244,Shogo Tsuge,current_other,AUTHOR_ID:57234471000,"Tsuge, Shogo",Toyota Motor Corpolation,Japan,1,True,0
A5044495339,Yasuhiro Nonobe,current_other,AUTHOR_ID:22035632400,"Nonobe, Yasuhiro",Toyota Motor Corporation,Japan,13,True,0
A5076312844,Ai Yatsuhashi,current_other,AUTHOR_ID:55200291800,"Yatsuhashi, Ai",Toyota Motor Corporation,Japan,4,True,0
A5103576829,Nobuyuki Ishihara,current_other,AUTHOR_ID:53863504100,"Ishihara, Nobuyuki",Toyota Motor Corporation,Japan,1,True,0
A5050136292,Shunsuke Iwamatsu,current_other,AUTHOR_ID:17434387100,"Iwamatsu, Shunsuke",Chiba University,Japan,2,False,0
A5068309376,Ryohji Matsubara,current_other,AUTHOR_ID:7004553617,"Matsubara, Ryohji","Toyota Central R&D Labs., Inc.",Japan,1,True,0
A5070735718,Isamu Hachisuwa,current_other,AUTHOR_ID:57194034039,"Hachisuwa, Isamu",Toyota Motor Corporation,Japan,1,True,0
A5025591364,Takuya Suganuma,current_other,AUTHOR_ID:57203239800,"Suganuma, Takuya",Hirosaki University Hospital,Japan,6,False,0
A5025591364,Takuya Suganuma,current_other,AUTHOR_ID:55511824200,"Suganuma, Takuya",Sophia University,Japan,4,False,0
A5025591364,Takuya Suganuma,current_other,AUTHOR_ID:57208205745,"Suganuma, Takuya",Toyota Motor Corporation,Japan,2,True,0
A5025591364,Takuya Suganuma,current_other,AUTHOR_ID:55971365700,"Suganuma, Takuya",Tokyo University of Science,Japan,2,False,0
A5025591364,Takuya Suganuma,current_other,AUTHOR_ID:35171449800,"Suganuma, Takuya",Tokyo City University,Japan,1,False,0
A5019469541,Shigeki Kinomura,current_other,AUTHOR_ID:55815240800,"Kinomura, Shigeki",Toyota Motor Corporation,Japan,2,True,0
A5032312045,Takeshi Maekawa,current_other,AUTHOR_ID:24470289200,"Maekawa, Takeshi",Osaka Institute of Technology,Japan,4,False,0
A5032312045,Takeshi Maekawa,current_other,AUTHOR_ID:56944308200,"Maekawa, Takeshi",Hosei University,Japan,4,False,0
A5032312045,Takeshi Maekawa,current_other,AUTHOR_ID:36134741800,"Maekawa, Takeshi",Toyota Motor Corporation,Japan,4,True,0
A5032312045,Takeshi Maekawa,current_other,AUTHOR_ID:36958592600,"Maekawa, Takeshi",Soka University,Japan,2,False,0
A5032312045,Takeshi Maekawa,current_other,AUTHOR_ID:57201528119,"Maekawa, Takeshi",,,1,False,0
A5084677352,Toru Furusawa,current_other,AUTHOR_ID:56439068400,"Furusawa, Toru","Honda R and D Co., Ltd.",Japan,12,False,0
A5084677352,Toru Furusawa,current_other,AUTHOR_ID:57821564600,"Furusawa, Toru",Toyota Motor Corporation,Japan,7,True,0
A5084677352,Toru Furusawa,current_other,AUTHOR_ID:57193017988,"Furusawa, Toru",Vvestern Division Of Japan Sea-farming Association,Japan,1,False,0
A5084677352,Toru Furusawa,current_other,AUTHOR_ID:59787699500,"Furusawa, Toru",Nippon Telegraph and Telephone Corporation,Japan,1,False,0
