openalex_id,name,wos_query_name,sample_group,wos_hits_name_only,wos_hits_toyota_motor,wos_hits_toyota_group
A5016998231,Hidenori Kimura,"Kimura, Hidenori",known_noise,86,7,7
A5070627622,Keisuke Hata,"Hata, Keisuke",known_noise,241,0,0
A5111480516,Yukito Hagihara,"Hagihara, Yukito",known_noise,38,0,0
A5105820724,Tadashi Nakagawa,"Nakagawa, Tadashi",known_noise,78,0,0
A5110340820,Kiyokazu Imai,"Imai, Kiyokazu",known_noise,1,0,0
A5101954007,Yasuhiro Ito,"Ito, Yasuhiro",known_noise,479,0,0
A5025020143,Norio Yoshida,"Yoshida, Norio",known_noise,167,0,0
A5021520217,Kenji Iida,"Iida, Kenji",known_noise,58,0,1
A5006225110,Masashi Kato,"Kato, Masashi",known_noise,681,0,4
A5055007427,Madoka Ito,"Ito, Madoka",known_noise,13,0,0
A5101111238,Yasuhiro Ota,"Ota, Yasuhiro",known_noise,12,2,2
A5025381766,Tohru Shiga,"Shiga, Tohru",known_noise,303,7,36
A5073395104,Hideki Tsuji,"Tsuji, Hideki",known_noise,63,0,0
A5016073476,Kwong Ming Fock,"Fock, Kwong Ming",known_noise,174,0,0
A5015525814,Nobuo Kamiya,"Kamiya, Nobuo",known_noise,85,0,5
A5102918815,T. Hattori,"Hattori, T.",known_noise,6228,15,25
A5040200387,S. Nakamura,"Nakamura, S.",known_noise,19785,13,14
A5110280118,Yoshihiro Nagai,"Nagai, Yoshihiro",known_noise,6,0,0
A5053579945,Shozo Yoshida,"Yoshida, Shozo",known_noise,112,5,5
A5067083029,Tomohiro Yokoyama,"Yokoyama, Tomohiro",known_noise,41,0,0
A5101805578,Shigeru Suzuki,"Suzuki, Shigeru",known_noise,323,0,7
A5101458160,Hiroshi Harada,"Harada, Hiroshi",known_noise,944,2,2
A5025625340,Kenji Tanaka,"Tanaka, Kenji",known_noise,676,1,1
A5000602137,Yusuke Tanaka,"Tanaka, Yusuke",known_noise,479,4,4
A5007157113,Hiroshi Inoue,"Inoue, Hiroshi",known_noise,856,0,0
A5100654015,Takashi Matsuura,"Matsuura, Takashi",known_noise,66,0,0
A5113461930,Toshio Takiguchi,"Takiguchi, Toshio",known_noise,0,0,0
A5036535606,Shinji Inagaki,"Inagaki, Shinji",known_noise,142,0,133
A5101648993,Hiroaki Tanaka,"Tanaka, Hiroaki",known_noise,1084,1,1
A5087391386,Hiroaki Takahashi,"Takahashi, Hiroaki",known_noise,338,2,2
A5027564757,Ercan Dede,"Dede, Ercan",current_swiss,152,143,143
A5071881576,Katsumi Samada,"Samada, Katsumi",current_swiss,0,0,0
A5004593705,Noboru KOMATU,"KOMATU, Noboru",current_swiss,0,0,0
A5078309456,Naoya Ishizaki,"Ishizaki, Naoya",current_swiss,2,0,0
A5025089356,Satoshi Nagahama,"Nagahama, Satoshi",current_swiss,0,0,0
A5088418509,Mark Jakstis,"Jakstis, Mark",current_swiss,0,0,0
A5095884693,Chiaki Ohkuma,"Ohkuma, Chiaki",current_swiss,0,0,0
A5087641978,Yoshio Tazima,"Tazima, Yoshio",current_swiss,0,0,0
A5050188757,Shin-ichi Ishivama,"Ishivama, Shin-ichi",current_swiss,0,0,0
A5059456518,H. Okamoto,"Okamoto, H.",current_swiss,7212,5,41
A5021463311,Keiko Shimazaki,"Shimazaki, Keiko",current_swiss,1,0,0
A5049708411,Hirohisa Takeuchi,"Takeuchi, Hirohisa",current_swiss,37,1,6
A5046537576,Makoto Kusakabe,"Kusakabe, Makoto",current_swiss,36,0,3
A5112217155,Yuichi Miyake,"Miyake, Yuichi",current_swiss,69,1,1
A5027018237,Masaaki Uechi,"Uechi, Masaaki",current_swiss,4,3,3
A5098549672,Nishibe,Nishibe,current_swiss,780,3,15
A5049509329,Kazuya Nakauji,"Nakauji, Kazuya",current_swiss,0,0,0
A5057944268,Keiko Toi,"Toi, Keiko",current_swiss,0,0,0
A5078870532,Reina Kai,"Kai, Reina",current_swiss,0,0,0
A5101118700,Miura Shinichi,"Shinichi, Miura",current_swiss,0,0,0
A5119766622,Teoman Tilki,"Tilki, Teoman",current_swiss,0,0,0
A5052989433,Y. Hiei,"Hiei, Y.",current_swiss,47,0,0
A5028192997,Yoshiaki Miyazaki,"Miyazaki, Yoshiaki",current_swiss,4,0,0
A5092326820,Yoshio TAKAEDA,"TAKAEDA, Yoshio",current_swiss,0,0,0
A5000002339,Naohisa Nishino,"Nishino, Naohisa",current_swiss,1,1,1
A5071253144,Shigenobu Miyachi,"Miyachi, Shigenobu",current_swiss,0,0,0
A5016404455,Claudia Brasse,"Brasse, Claudia",current_swiss,0,0,0
A5040907279,Katsutoshi Abiko,"Abiko, Katsutoshi",current_swiss,5,0,4
A5110350793,Shozo Wada,"Wada, Shozo",current_swiss,2,0,0
A5125728080,Gris Iscomeback,"Iscomeback, Gris",current_swiss,0,0,0
A5008505743,Scott Gordon,"Gordon, Scott",current_swiss,383,0,0
A5009485582,Madhan Ramaswami,"Ramaswami, Madhan",current_swiss,0,0,0
A5017431821,Aya Fukumoto,"Fukumoto, Aya",current_swiss,3,0,0
A5130904368,İftihar KÖKSAL,"KÖKSAL, İftihar",current_swiss,104,0,0
A5114020528,Ken Laberteaux,"Laberteaux, Ken",current_swiss,10,5,5
A5101836797,Kazuya Okada,"Okada, Kazuya",current_other,121,1,1
A5102424311,Cinzia De Marco,"Marco, Cinzia De",current_other,0,0,0
A5102240028,Jun Sato,"Sato, Jun",current_other,667,1,1
A5072708018,Nobutaka Hanai,"Hanai, Nobutaka",current_other,0,0,0
A5086929006,Rihito Kaneko,"Kaneko, Rihito",current_other,0,0,0
A5017402300,Seiji HIROSHIMA,"HIROSHIMA, Seiji",current_other,0,0,0
A5111378384,Amane Shimura,"Shimura, Amane",current_other,0,0,0
A5012622882,Nagisa Shimasaki,"Shimasaki, Nagisa",current_other,3,1,1
A5088432765,Atsushi Tanida,"Tanida, Atsushi",current_other,16,0,0
A5058669715,Hiroshi Abe,"Abe, Hiroshi",current_other,947,2,2
A5042314825,Fumiaki Kawaii,"Kawaii, Fumiaki",current_other,1,1,1
A5014142958,Toshihiko Yanagisawa,"Yanagisawa, Toshihiko",current_other,0,0,0
A5063518740,Tomoyoshi Ishimaru,"Ishimaru, Tomoyoshi",current_other,0,0,0
A5000986211,Yuji Nagasaka,"Nagasaka, Yuji",current_other,57,1,1
A5023910965,Takahiro Kitamura,"Kitamura, Takahiro",current_other,40,0,0
A5097735635,Takahiko Kozuka,"Kozuka, Takahiko",current_other,0,0,0
A5135957788,Masahiro Kuwahara,"Kuwahara, Masahiro",current_other,13,8,8
A5067949786,Kenichi Anmi,"Anmi, Kenichi",current_other,1,0,0
A5000205888,Kimi Kaneko,"Kaneko, Kimi",current_other,0,0,0
A5010499198,Junichi Yoshimi,"Yoshimi, Junichi",current_other,0,0,0
A5101004421,Yu Hoshino,"Hoshino, Yu",current_other,177,0,0
A5058977244,Shogo Tsuge,"Tsuge, Shogo",current_other,4,0,0
A5044495339,Yasuhiro Nonobe,"Nonobe, Yasuhiro",current_other,1,1,1
A5076312844,Ai Yatsuhashi,"Yatsuhashi, Ai",current_other,3,1,1
A5039163419,Shigeki OTSUKA,"OTSUKA, Shigeki",current_other,0,0,0
A5103576829,Nobuyuki Ishihara,"Ishihara, Nobuyuki",current_other,1,1,1
A5050136292,Shunsuke Iwamatsu,"Iwamatsu, Shunsuke",current_other,0,0,0
A5068309376,Ryohji Matsubara,"Matsubara, Ryohji",current_other,0,0,0
A5070735718,Isamu Hachisuwa,"Hachisuwa, Isamu",current_other,0,0,0
A5025591364,Takuya Suganuma,"Suganuma, Takuya",current_other,9,2,2
A5019469541,Shigeki Kinomura,"Kinomura, Shigeki",current_other,0,0,0
A5032312045,Takeshi Maekawa,"Maekawa, Takeshi",current_other,7,1,1
A5090588189,Yoshihiro KAWARAZAKI,"KAWARAZAKI, Yoshihiro",current_other,0,0,0
A5084677352,Toru Furusawa,"Furusawa, Toru",current_other,9,6,6
A5031162331,Keisuke Sugaz,"Sugaz, Keisuke",current_other,0,0,0
