source_org,title,authors_raw,venue,year,link,toyota_affiliated_authors,doi,row_id,doi_norm,openalex_id,match_method,match_score,review_status,matched_title,matched
トヨタ自動車未来創成センター,Jump Amplification of a Legged Jumping Robot with a Series Driven Catapult,"Itsuno, T., Takakuwa, R., Ito, F., Doi, M., Kondo, H., & Nakamura, T.",SII2026,2026.0,#,"Doi, M.; Kondo, H.",,4,,,,,,,False
トヨタ自動車未来創成センター,Where Do We Look When We Teach? Analyzing Human Gaze Behavior Across Demonstration Devices in Robot Imitation Learning,"Ishida, Y., Matsubara, T., Kanai, T., Shintani, K., & Bito, H.",H2R@CoRL 2025,2025.0,https://sites.google.com/view/h2r-corl2025/home,"Ishida, Y.; Kanai, T.; Shintani, K.; Bito, H.",,15,,,,,,,False
トヨタ自動車未来創成センター,Metropolis-Hastings Sampling of Individual Schedules,"Araki, M.",The 7th Bridging Transportation Researchers (BTR) Conference,2025.0,#,"Araki, M.",,19,,,,,,,False
トヨタ自動車未来創成センター,Using Relational and Causality Context for Tasks with Specialized Vocabularies that are Challenging for LLMs,"Nakanishi, R., Chen, Y., Chen, F., Klenk, M., Wu, C. C.",Causality and Large Models (NeurIPS2024 Workshop),2024.0,https://openreview.net/forum?id=pAWrQEdlxq,"Nakanishi, R.",,39,,,,,,,False
トヨタ自動車未来創成センター,CHG-DAgger: Interactive Imitation Learning with Human-Policy Cooperative Control,"Takahashi, T., Ishida, Y., Kanai, T., Kuppuswamy, N.",CoRoboLearn: Advancing Learning for Human-Centered Collaborative Robots (CoRL2024 Workshop),2024.0,https://openreview.net/forum?id=nWiHRy3ZXy,"Takahashi, T.; Ishida, Y.; Kanai, T.",,41,,,,,,,False
トヨタ自動車未来創成センター,Dirichlet Logistic Gaussian Process for Evaluation of Black-Box Stochastic Systems under Complex Specifications,"Oura, R., & Ito, Y.",27th European Conference on Artificial Intelligence (pp. 2027 - 2033),2024.0,https://ebooks.iospress.nl/volumearticle/69814,"Oura, R.",,42,,,,,,,False
トヨタ自動車未来創成センター,Matrix-variate Gaussian Processes with Structured Kernels for Multi-step-ahead Driving Behavior Prediction,"Takano, S., & Jimbo, T.",SICE Festival 2024 with Annual Conference,2024.0,https://ieeexplore.ieee.org/abstract/document/10805202,"Takano, S.; Jimbo, T.",,49,,,,,,,False
トヨタ自動車未来創成センター,Exploration of Factors for Over-dependence on AI and Crisis Scenarios,"Kaji, H., Kuribayashi, J., & Ema, A.",9th International Conference on Robot Ethics and Standards (ICRES2024),2024.0,https://clawar.org/icres24/,"Kaji, H.",,52,,,,,,,False
トヨタ自動車未来創成センター,Mobile Manipulation System with Cyclic Whole-body Trajectory Planning,"Takeshita, K., & Yamamoto, T.",The 28th Robotics Symposia,2023.0,http://www.robotics-symposia.org/28th/,"Takeshita, K.; Yamamoto, T.",,67,,,,,,,False
トヨタ自動車未来創成センター,Online Scheduling on Identical Machines with a Metric State Space,"Goko, H., Kawamura A., Kawase, Y., Makino, K., & Sumita, H.","39th International Symposium on Theoretical Aspects of Computer Science (STACS 2022), 219, 32:1-32:21.",2022.0,https://drops.dagstuhl.de/opus/volltexte/2022/15842/,"Goko, H.",,77,,,,,,,False
トヨタ自動車未来創成センター,実用/社会インフラ (モビリティコネ～クティッド・シティ),増田 泰造,"応用物理 90 (12), 758-762",2021.0,https://www.jstage.jst.go.jp/article/oubutsu/90/12/90_758/_article/-char/ja/,増田 泰造,,81,,,,,,,False
トヨタ自動車未来創成センター,Static Low-concentrator Photovoltaic Combined with Luminescent Solar Concentrator,"Tomizawa, R., Sato, D., Yamada, N., Masuda, T.",11th SORALIS 2021,2021.0,http://www.solaris2021.com/pdf/Program_20210915_Final.pdf,"Tomizawa, R.; Masuda, T.",,85,,,,,,,False
トヨタ自動車未来創成センター,Environmentally friendly thermoelectric sulphide Cu2ZnSnS4 single crystals achieving a 1.6 dimensionless figure of merit ZT,"Nagaoka, A., Yoshino, K., Masuda, T., Sparks, T. D., Scarpulla, M. A., & Nishioka, K.","JOURNAL OF MATERIALS CHEMISTRY A 9 (28), 15595-15604",2021.0,https://pubs.rsc.org/en/content/articlelanding/2021/ta/d1ta02978a,"Masuda, T.",,88,,,,,,,False
トヨタ自動車未来創成センター,Well-being を目指した Genki 空間® 研究の取り組み,池内 暁紀,新都市 5月号,2021.0,https://www.tokeikyou.or.jp/books/shintoshi.html,池内 暁紀,,90,,,,,,,False
トヨタ自動車未来創成センター,光吸収膜による干渉効果を活用した着色太陽電池,増田 泰造,"応用物理 90 (2), 107-111",2021.0,https://www.jstage.jst.go.jp/article/oubutsu/90/2/90_107/_article/-char/ja/,増田 泰造,,91,,,,,,,False
トヨタ自動車未来創成センター,Well-beingを目指したバイオフィリア空間の研究,片平 悟史,ビルと環境170号,2020.0,https://www.jahmec.or.jp/shoseki/kikan/kikanshi170.html,片平 悟史,,97,,,,,,,False
トヨタ自動車未来創成センター,Friction Modelling of Strain Wave Gear by Deep Learning with Multi Sampling Data for Torque Sensor-less Impedance Control,"Takahashi, T., Okumatsu, Y., Itozawa, Y., Iwamoto, K., Oikawa, S., Kosaka, Y.& Bito, H.","The 6th IEEJ International Workshop on Sensing, Actuation, Motion Control, and Optimization(SAMCON), TT-4, 2020",2020.0,https://www.bookpark.ne.jp/cm/ieej/detail/IEEJ-SAMCON2020TT-4-PDF/,"Takahashi, T.; Okumatsu, Y.; Itozawa, Y.; Iwamoto, K.; Oikawa, S.; Kosaka, Y.; Bito, H.",,107,,,,,,,False
トヨタ自動車未来創成センター,Towards multi-person motion forecasting: IMU based motion capture approach,"Katsuhara, Y., & Kaji, H.", In Adjunct Proceedings of the 2019 ACM International Joint Conference on Pervasive and Ubiquitous Computing and Proceedings of the 2019 ACM International Symposium on Wearable Computers (pp. 97-100).,2019.0,https://dl.acm.org/doi/abs/10.1145/3341162.3343776,"Katsuhara, Y.; Kaji, H.",,114,,,,,,,False
トヨタ自動車未来創成センター,Design of low‐concentration static III‐V/Si partial CPV module with 27.3% annual efficiency for car‐roof application,"Sato, D., Lee, K. H., Araki, K., Masuda, T., Yamaguchi, M., & Yamada, N.","Progress in Photovoltaics: Research and Applications, 27(6), 501--510",2019.0,https://onlinelibrary.wiley.com/doi/abs/10.1002/pip.3124,"Masuda, T.",,123,,,,,,,False
トヨタ自動車未来創成センター,Two-mass DOB Robust to Elastic Coefficient Variation for Collaborative Robot Joint Using Joint Torque Sensor and Encoders,"Hasegawa, A., Fujimoto, H., & Takahashi, T.","The 5th IEEJ International Workshop on Sensing, Actuation, Motion Control, and Optimization(SAMCON), TT3-3, 2019",2019.0,http://hfpublication.k.u-tokyo.ac.jp/20184-20193/SAMCON2019_Hasegawa.pdf,"Takahashi, T.",,125,,,,,,,False
トヨタ自動車未来創成センター,Predicting Signs of Drowsiness from Driver's Blinking and Driving Behavior,"Moon, J., Morita, J., Enokibori, Y., Hirayama, T., Salah, A.A., Mase, K., Hatakeyama Y., & Kaji, H.",In 8th Biennial Workshop on DSP for In-Vehicle and Mobile Systems,2018.0,#,"Hatakeyama Y.; Kaji, H.",,134,,,,,,,False
トヨタ自動車未来創成センター,"Colorful, Flexible, and Lightweight Cu(In,Ga)Se2Solar Cell by Lift-Off Process With Automotive Painting","Masuda, T., Hirai, S., Inoue, M., Chantana, J., Kudo, Y., & Minemoto, T.","IEEE Journal of Photovoltaics, 8(5), 1326--1330",2018.0,https://ieeexplore.ieee.org/abstract/document/8430528,"Masuda, T.",,142,,,,,,,False
トヨタ自動車未来創成センター,生きた植物から可溶性糖を取り出す：糖輸送体SWEETと排水液による採取方法の検討,"米倉円佳,青木直大,廣瀬竜郎,大杉 立,近藤 聡,大音徳","生物工学会誌 (2018) 96, 129-136",2018.0,https://www.sbj.or.jp/wp-content/uploads/file/sbj/9802/9802_ronbun_7.pdf,大音徳,,150,,,,,,,False
豊田中央研究所,Takeoff of a 2.1g Fully Untethered Tailless Flapping-Wing Micro Aerial Vehicle with Integrated Battery,"Ozaki, T., Ohta, N., Jimbo, T., Hamaguchi, K.",IEEE International Conference on Robotics and Automation,2024.0,,,,233,,,,,,,False
豊田中央研究所,Impact of Ridehailing Platforms’ Strategic Partnership with Charging Station Operators on Consumer Surplus and Electric Vehicle Driver Surplus,"Kataoka, R., Hidaka, K.",Transportation Research Board Annual Meeting,2023.0,,,,295,,,,,,,False
豊田中央研究所,Simplified Analysis of the Relationships between the Prices and Optimal Capacities of PV systems and Batteries,"Hara, T.",42nd International Association for Energy Economics (IAEE) Annual Conference,2019.0,https://www.iaee.org/proceedings/article/16164,,,480,,,,,,,False
AISIN IMRA(日本・aisin.com),"High-Pressure Synthesis of Ca-Free Hg-Based Cuprate (Hg,M)(Sr,Ba)2SrCu2Oy","Hiroki Ninomiya, Kenji Kawashima, Hiroshi Fujihisa, Yoshito Gotoh, Shigeyuki Ishida, Hiraku Ogino, Yoshiyuki Yoshida, Akira Iyo, and Hiroshi Eisaki","29th International Conference on Low temperature Physics (LT-29),",,https://www.lt29.jp/index.html,,,529,,,,,,,False
AISIN IMRA(日本・aisin.com),Unique interplay between local moments and vortices in the high-Tc magnetic superconductor EuRbFe4As4,"Shigeyuki Ishida, Daniel Kagerbauer, Sigrid Holleis, Kazuki Iida, Koji Munakata, Akiko Nakao, Akira Iyo, Hiraku Ogino, Kenji Kawashima, Michael Eisterer, and Hiroshi Eisaki","29th International Conference on Low temperature Physics (LT-29),",,https://www.lt29.jp/index.html,,,530,,,,,,,False
AISIN IMRA(日本・aisin.com),Superconductivity in the Laves phase BaIr2 crystallized under high pressure,"Terunari Koshinuma, Hiroki Ninomiya, Izumi Hase, Hiroshi Fujihisa, Yoshito Gotoh, Shigeyuki Ishida, Yoshiyuki Yoshida, Hiroshi Eisaki, Kenji Kawashima, Taichiro Nishio, and Akira Iyo","29th International Conference on Low temperature Physics (LT-29),",,https://www.lt29.jp/index.html,,,531,,,,,,,False
AISIN IMRA(日本・aisin.com),白色光源を用いた表面プラズモン共鳴式光検出器による分光の研究,"金田裕喜, 大下　雅昭, 山岡　詩菜, 齋藤　史郎, 菅　哲朗","ロボティクス・メカトロニクス 講演会 2022,",2022.0,,,,532,,,,,,,False
AISIN IMRA(日本・aisin.com),プラズモニック分光素子による連続スペクトルの分光の研究,"金田 裕喜, 大下 雅昭, 山岡 詩菜, 齋藤 史郎, 菅 哲朗","第13回マイクロ・ナノ工学シンポジウム,",,,,,533,,,,,,,False
AISIN IMRA(日本・aisin.com),"RECONFIGURABLE PLASMONIC PHOTODETECTOR INTEGRATED WITH ELECTROSTATIC ACTUATOR FOR SPECTROMETRY” Masaaki Oshita, Shiro Saito, and Tetsuo Kan",The 35th International Conference on Micro Electro Mechanical Systems(IEEE MEMS 2022),,,,,,534,,,,,,,False
AISIN IMRA(日本・aisin.com),プラズモニック光検出器を用いた分光法による複数種のガス計測,"山岡　詩菜, 金田　裕喜, 齋藤史朗, 大下　雅昭, 菅　哲朗","第13回マイクロ・ナノ工学シンポジウム,",,,,,535,,,,,,,False
AISIN IMRA(日本・aisin.com),"Near-Infrared Spectroscopic Gas Detection Using a Surface Plasmon Resonance Photodetector with 20 nm Resolution” Yosuke Yamamoto, Masaaki Oshita, Shiro Saito, and Tetsuo Kan",ACS Applied Nano Materials,,,https://pubs.acs.org/doi/10.1021/acsanm.1c02925,,,541,,,,,,,False
AISIN IMRA(日本・aisin.com),"酵素トランスデューサーと酵素技術展開―酵素センサ&バイオ電池,そして酵素処理応用(食品,医薬,修復)(Enzyme Transducers and Evolutions of Enzymatic Technology―Enzyme Sensors, Bio Batteries and Novel Enzymatic Approaches (Food, Medicine, Restoring) ―s)” 監修： 三林浩二,シーエムシー出版(2020/03/11) ISBN 978-4-7813-1488-4",第12章　酵素を担持した薄膜のバイオセンサー電極と電流変換素子への応用,重森 康司（110-121）,,,,,550,,,,,,,False
AISIN IMRA(日本・aisin.com),"Superconductivity in New 122- and 1144-type Fe-based Compounds” Kenji Kawashima, Hiroshi Fujihisa, Yoshito Gotoh, Izumi Hase, Shigeyuki Ishida, Hiraku Ogino, Hiroki Ninomiya, Yoshiyuki Yoshida, Hiroshi Eisaki, and Akira Iyo,","10th Asian Conference on Applied Superconductivity and Cryogenics (ACASC), 2nd International Cryogenic Materials Conference in Asia (Asian-ICMC), and the CSSJ meeting as a joint conference,",7D1-4 (7th January 2020).,2020.0,https://csj.or.jp/conference/10thACASC-2ndAsianICMC-CSSJ/index.html,,,551,,,,,,,False
AISIN IMRA(日本・aisin.com),"High-performance enzymatic biofuel cell based on flexible carbon cloth modified with MgO-templated porous carbon.” Niiyama, A., Murata, K., Shigemori, Y., Zebda, A., & Tsujimura, S.","Journal of Power Sources,","2019, 427:49-55.",2019.0,,,,552,,,,,,,False
AISIN IMRA(日本・aisin.com),"Superconducting state in (La,Na,K)Fe2As2 and (La,Na)AFe4As4 (A=Rb,Cs)” Kenji Kawashima, Shigeyuki Ishida, Hiroshi Fujihisa, Yoshito Gotoh, Hiraku Ogino, Hiroshi Eisaki, Yoshiyuki Yoshida, Akira Iyo,","14th European Conference on Applied Superconductivity,",3-MP-FM-S16 (4th September 2019).,2019.0,https://www.eucas2019.org,,,556,,,,,,,False
AISIN IMRA(日本・aisin.com),"Conversion of Cellulose and Amino Acids to High-Value-Added Chemicals Using Saturated Steam” Seiichiro Yoshida, Keiichiro Matsushima, Tohru Joboji. 2019","AIChE Annual Meeting,","November 11, 2019",2019.0,https://www.aiche.org/conferences/aiche-annual-meeting/2019/proceeding/paper/197a-conversion-cellulose-and-amino-acids-high-value-added-chemicals-using-saturated-steam,,,558,,,,,,,False
AISIN IMRA(日本・aisin.com),"Superconductivity on Hole-Doping Side of (La0.5–xNa0.5+x)Fe2As2”. Akira Iyo, Kenji Kawashima, Shigeyuki Ishida, Hiroshi Fujihisa, Yoshito Gotoh, Hiroshi Eisaki, and Yoshiyuki Yoshida,",Journal of the American Chemical Society,"2018, 140, 369-374.",2018.0,,,,563,,,,,,,False
AISIN IMRA(日本・aisin.com),"鉄系超電導体EuAFe4As4(A = Rb, Cs)の超電導状態”, 川島健司, 石田茂之, 竹下直, 鬼頭聖, 岡邦彦, 木方邦宏, 後藤義人, 藤久裕司, 永崎洋, 吉田良行, 伊豫彰, 第78回応用物理学会秋季学術講演会, 6a-PB1-36 (2017年9月6日).",,,,https://confit.atlas.jp/guide/event/jsap2017a/top,,,564,,,,,,,False
AISIN IMRA(日本・aisin.com),"A Glucose / O2 Biofuel Cell Using Recombinant Thermophilic Enzymes.” Wang X, Li D, Watanabe T, Shigemori Y, Mikawa T, Okajima T, Mao L, Ohsaka T",Int. J. Electrochem.,"Sci., 2012, 7: 1071-8.",2012.0,http://www.electrochemsci.org/papers/vol7/7021071.pdf,,,575,,,,,,,False
AISIN IMRA(日本・aisin.com),"Ruthenium(II) bipyridyl with extended Pi system: Improved thermo-stable sensitizer for efficient and long term durable dye-sensitized solar cells,” Rajkumar G, Paidi Yella Reddy, Rao CS, Soujanya Y and , Malapaka Chandrasekharam","Journal of chemical sciences, Volume 123, Issue","5, 2011, Pages 555-565",2011.0,http://www.ias.ac.in/article/fulltext/jcsc/123/05/0555-0565,,,578,,,,,,,False
AISIN IMRA(日本・aisin.com),"A molecularly engineered fluorene-substituted Ru-complex for efficient mesoscopic dye sensitized solar cells:”   Malapaka Chandrasekharam, Ganugula Rajkumar, Chikkam Srinivasa Rao, Thogiti Suresh, Paidi Yella Reddy, Jun-Ho Yum, Mahammad Khaja Nazeeruddin, Michael Graetzel Advances in Natural Sciences:",Nanoscience and Nanotechnology.,08/2011; 2(3):035016.,2011.0,http://iopscience.iop.org/article/10.1088/2043-6262/2/3/035016,,,583,,,,,,,False
AISIN IMRA(日本・aisin.com),"Specific terminal labeling of DNA molecules.”Shigemori Y, Oishi　M.",Biotechniques.,"2007, 42(5):622-6.",2007.0,http://www.biotechniques.com/article/000112418,,,592,,,,,,,False
AISIN IMRA(日本・aisin.com),"Conjugated Organic Dyes for Dye-Sensitized Solar Cells,” Giribabu, L.; Chandrasekharam, M.; Lakshmikantam, M.; Reddy, V.G.; Satyanaraya, D.; Rao, O.S.; Reddy, P.Y. Ind.",J. Chem. Sec.A.,"45A, 629-634, (2006).",2006.0,http://nopr.niscair.res.in/bitstream/123456789/17958/1/IJCA%2045A(3)%20629-634.pdf,,,599,,,,,,,False
AISIN IMRA(米国・imra.com),Substrate patterning of organic light-emitting diodes for the simultaneous enhancement of the outcoupling efficiency and reduction of spectral shifting,,"Proc. SPIE PC12149, Organic Electronics and Photonics: Fundamentals and Devices III, PC1214913",,,,,638,,,,,,,False
AISIN IMRA(米国・imra.com),Rovibrational quantum state resolution of the C60fullerene,,"Science, Vol. 363, Issue 6422, pp. 49-54",,https://science.sciencemag.org/content/363/6422/49.abstract,,,656,,,,,,,False
AISIN IMRA(米国・imra.com),High accuracy line positions of the ν1fundamental band of14N216O,,"Journal of Quantitative Spectroscopy and Radiative Transfer, Vol. 211, pp. 172-178",,https://www.sciencedirect.com/science/article/abs/pii/S002240731830058X,,,659,,,,,,,False
AISIN IMRA(米国・imra.com),Ultra-broadband dual-branch optical frequency comb with 10−18instability,,"Optica, Vol. 5, Issue 9, pp. 1070-1077",,https://www.osapublishing.org/optica/abstract.cfm?uri=optica-5-9-1070,,,661,,,,,,,False
AISIN IMRA(米国・imra.com),Optical Frequency Comb Spectroscopy at 3.3 and 5.2 μm by a TM:fiber-Laser-Pumped Optical Parametric Oscillator,,"CLEO 2016, Paper JF2K.6",,https://www.osapublishing.org/abstract.cfm?uri=CLEO_SI-2016-JF2K.6,,,670,,,,,,,False
AISIN IMRA(米国・imra.com),ER comb fiber laser with fceo noise below 0.2 rad,,"CLEOPR 2015, Paper 25A2_2",,https://www.osapublishing.org/abstract.cfm?uri=cleopr-2015-25A2_2&origin=search,,,678,,,,,,,False
AISIN IMRA(米国・imra.com),Midinfrared frequency combs from coherent supercontinuum in chalocogenide and optical parametric oscillation,,"Optics Letters, Vol. 39, No. 7, p. 2056 – 2059",,http://www.opticsinfobase.org/ol/abstract.cfm?URI=ol-39-7-2056&origin=search,,,680,,,,,,,False
AISIN IMRA(米国・imra.com),Phase Locked System for Dual Comb Molecular Spectroscopy at 2-6 &micro;m Based on Tm-fiber Laser,,"CLEO 2014, Paper SM2E.6",,https://www.osapublishing.org/abstract.cfm?uri=cleo_si-2014-SM2E.6&origin=search,,,681,,,,,,,False
AISIN IMRA(米国・imra.com),"Carrier Envelope Offset Frequency of Doubly-Resonant, Non-Degenerate, mid-infrared GaAs Optical Parametric Oscillator",,"Optics Letters, Vol. 38, No. 8, pp. 1191-1193",,http://www.opticsinfobase.org/ol/abstract.cfm?uri=ol-38-8-1191,,,683,,,,,,,False
AISIN IMRA(米国・imra.com),Mid-infrared Supercontinuum Generation in As2S3-silica “nano-spike” Step-index Waveguide,,"Optics Express, Vol. 21, Issue 9, pp. 10969-10977",,https://www.osapublishing.org/oe/abstract.cfm?uri=oe-21-9-10969,,,687,,,,,,,False
AISIN IMRA(米国・imra.com),Precision spectroscopy of NH3 at 9.1 μm by a comb-referenced quantum cascade laser,,"CLEO 2013, Paper JM3K.3",,http://www.opticsinfobase.org/abstract.cfm?uri=CLEO_AT-2013-JM3K.3,,,688,,,,,,,False
AISIN IMRA(米国・imra.com),Coherent transfer over 1.1 spectral octave with a fiber frequency comb,,2011 CLEOE Tech. Digest p. 1,,http://ieeexplore.ieee.org/document/5943515/,,,699,,,,,,,False
AISIN IMRA(米国・imra.com),Electrophoretic deposition of Cu-In composite nanoparticle thin films for fabrication of CuInSe2 solar cells,,"Proc. SPIE Vol. 8104, p. 81040W",,http://proceedings.spiedigitallibrary.org/proceeding.aspx?articleid=1272781,,,700,,,,,,,False
AISIN IMRA(米国・imra.com),Power optimization of XUV frequency combs for spectroscopy applications,,"Opt. Exp. Vol. 19, No. 23, pp. 23483-23493",,https://www.osapublishing.org/oe/abstract.cfm?uri=oe-19-23-23483,,,704,,,,,,,False
AISIN IMRA(米国・imra.com),Pulse train amplitude modulation due to continuum resonances in GHz soliton fiber lasers,,2011 CLEOE Tech. Digest p. 1,,http://ieeexplore.ieee.org/document/5942875/,,,705,,,,,,,False
AISIN IMRA(米国・imra.com),Self frequency shift near 2 μm in periodically poled Lithium Niobate waveguides,,2011 CLEOE Tech. Digest p. 1,,http://ieeexplore.ieee.org/document/5942802/,,,706,,,,,,,False
AISIN IMRA(米国・imra.com),Supercontinuum generation in quasi-phasematched waveguides,,"Opt. Exp. Vol. 19, No. 20, pp. 18754-18773",,https://www.osapublishing.org/oe/abstract.cfm?uri=oe-19-20-18754,,,707,,,,,,,False
AISIN IMRA(米国・imra.com),Synthesis and electrophoretic deposition of composite metal nanoparticles and non-vacuum fabrication of CuInSe2 solar cells,,"Proc. SPIE Vol. 8110, p. 811009",,http://proceedings.spiedigitallibrary.org/proceeding.aspx?articleid=1341169,,,708,,,,,,,False
AISIN IMRA(米国・imra.com),Ultrabroadband coherent supercontinuum frequency comb,,"Phys. Rev. A Vol. 84, p. 011806",,https://journals.aps.org/pra/abstract/10.1103/PhysRevA.84.011806,,,709,,,,,,,False
AISIN IMRA(米国・imra.com),"80 W, 120 fs Yb-fiber frequency comb",,"Opt. Lett. Vol. 35, No. 18, pp. 3015-3017",,https://www.osapublishing.org/ol/abstract.cfm?uri=ol-35-18-3015,,,710,,,,,,,False
AISIN IMRA(米国・imra.com),Epitaxial Zn1-xMGxO films grown on (1 1 1) Si by pulsed laser deposition,,"Chem. Phys. Lett. Vol. 485, No. 4-6, pp. 363-366",,http://www.sciencedirect.com/science/article/pii/S0009261409015590,,,711,,,,,,,False
AISIN IMRA(米国・imra.com),Extending bandgap of air-core photonic bandgap fibers,,"Proc. SPIE Vol. 7839, p. 78390S",,http://proceedings.spiedigitallibrary.org/proceeding.aspx?articleid=726562,,,712,,,,,,,False
AISIN IMRA(米国・imra.com),Mid-infrared Fourier transform spectroscopy with a broadband frequency comb,,"Opt. Exp. Vol. 18, No. 21, pp. 21862-21872",,https://www.osapublishing.org/oe/abstract.cfm?uri=oe-18-21-21861,,,713,,,,,,,False
AISIN IMRA(米国・imra.com),Specialty fibers and their applications in fiber lasers,,"Proc. SPIE Vol. 7839, p. 783902",,http://proceedings.spiedigitallibrary.org/proceeding.aspx?articleid=726648,,,714,,,,,,,False
AISIN IMRA(米国・imra.com),Ultrafast pulsed laser micro-deposition printing on transparent media,,"Proc. SPIE Vol. 7590, p. 759002",,http://proceedings.spiedigitallibrary.org/proceeding.aspx?articleid=782754,,,715,,,,,,,False
AISIN IMRA(米国・imra.com),"200-fs, 2-mJ pulses from 1-kHz Yb3+ ,Na+ :CaF2 cryogenic amplifier",,2009 CLEOE-EQEC Tech. Digest p. 1,,http://ieeexplore.ieee.org/document/5192882/,,,716,,,,,,,False
AISIN IMRA(米国・imra.com),All-glass large-core leakage channel fibers,,"IEEE J. Select. Top. Quant. Elect. Vol. 15, No. 1, pp. 47 – 53",,http://ieeexplore.ieee.org/document/4773300/,,,717,,,,,,,False
AISIN IMRA(米国・imra.com),Diffraction-limited output from multi-core fibers using coherent beam combination and a diffractive optical element,,2009 CLEOE-EQEC Tech. Digest p. 1,,http://ieeexplore.ieee.org/document/5194556/,,,718,,,,,,,False
AISIN IMRA(米国・imra.com),Epitaxial ZnO films on (111) Si substrates with Sc2O3 buffer layers,,"Appl. Phys. Lett. Vol. 94, p. 122107",,http://aip.scitation.org/doi/10.1063/1.3095506,,,719,,,,,,,False
AISIN IMRA(米国・imra.com),Extending effective area of fundamental mode in optical fibers,,"J. Lightwave Tech. Vol. 27, No. 11, pp.1565-1570",,http://ieeexplore.ieee.org/document/4957561/,,,720,,,,,,,False
AISIN IMRA(米国・imra.com),Extremely large mode area optical fibers formed by thermal stress,,"Opt. Exp. Vol. 17, No. 14, pp. 11782-11793",,https://www.osapublishing.org/oe/abstract.cfm?uri=oe-17-14-11782,,,721,,,,,,,False
AISIN IMRA(米国・imra.com),Highly Ytterbium-doped Silica fibers with low photo-darkening,,"Opt. Exp. Vol. 17, No. 12, pp. 9924-9932",,https://www.osapublishing.org/oe/abstract.cfm?uri=oe-17-12-9924,,,722,,,,,,,False
AISIN IMRA(米国・imra.com),Large effective mode area optical fibers for high-power lasers,,"Proc. SPIE Vol. 7195, p. 71950N",,http://proceedings.spiedigitallibrary.org/proceeding.aspx?articleid=807433,,,723,,,,,,,False
AISIN IMRA(米国・imra.com),Latest developments of ultrafast fiber laser and its material applications,,"Proc. SPIE Vol. 7214, p. 72140R",,http://proceedings.spiedigitallibrary.org/proceeding.aspx?articleid=809537,,,724,,,,,,,False
AISIN IMRA(米国・imra.com),"Multi-mJ, 200-fs, cw-pumped, cryogenically cooled, Yb,Na:CaF2 amplifier",,"Opt. Lett. Vol. 34, No. 13, pp.2075-2077",,https://www.osapublishing.org/ol/abstract.cfm?uri=ol-34-13-2075,,,725,,,,,,,False
AISIN IMRA(米国・imra.com),"Phase-stabilized, 1.5 W frequency comb at 2.8 to 4.8 μm",,"Opt. Lett. Vol. 34, No. 9, pp.1330-1332",,https://www.osapublishing.org/ol/abstract.cfm?uri=ol-34-9-1330,,,726,,,,,,,False
AISIN IMRA(米国・imra.com),"Rapidly scanning, high resolution Yb fiber based comb-Fourier transform spectrometer",,2009 CLEOE-EQEC Tech. Digest p. 1,,http://ieeexplore.ieee.org/document/5191943/,,,727,,,,,,,False
AISIN IMRA(米国・imra.com),"Spectroscopy and lasing of cryogenically cooled Yb, Na:CaF2",,"Appl. Phys. B Vol. 97, No. 2, pp. 339-350",,http://link.springer.com/article/10.1007%2Fs00340-009-3740-4,,,728,,,,,,,False
AISIN IMRA(米国・imra.com),Ultrafast fiber laser technology,,"IEEE Sel. Top. Quant. Elect. Vol. 15, No. 1, pp. 191-206",,http://ieeexplore.ieee.org/document/4773318/,,,729,,,,,,,False
AISIN IMRA(米国・imra.com),Ultrashort pulse laser processing of transparent materials,,"JLMN Vol. 4, No. 3, pp. 212-217",,http://www.jlps.gr.jp/jlmn/upload/015f4dde29be069d048680af7c5cbfd4.pdf,,,730,,,,,,,False
AISIN IMRA(米国・imra.com),Ytterbium-doped all glass leakage fibers with highly Fluorine-doped silica pump cladding,,"Opt. Exp. Vol. 17, No. 11, pp. 8962-8969",,https://www.osapublishing.org/oe/abstract.cfm?uri=oe-17-11-8962,,,731,,,,,,,False
AISIN IMRA(米国・imra.com),All-glass endless single-mode photonic crystal fibers,,"Opt. Lett. Vol. 33, No. 21, pp.2440-2442",,https://www.osapublishing.org/ol/abstract.cfm?uri=ol-33-21-2440,,,732,,,,,,,False
AISIN IMRA(米国・imra.com),Terahertz near-field microscopy,,"Adv. Solid State Phys. Vol. 47, pp. 203-222",,http://link.springer.com/chapter/10.1007/978-3-540-74325-5_17,,,745,,,,,,,False
AISIN IMRA(米国・imra.com),Amphoteric Phosphorus doping for stable p-type ZnO,,"Adv. Mat. Vol. 19, no. 20, pp. 3333-3337",,http://onlinelibrary.wiley.com/doi/10.1002/adma.200700083/abstract,,,746,,,,,,,False
AISIN IMRA(米国・imra.com),Cavity-enhanced similariton Yb-fiber laser frequency comb: 3×1014 W/cm2 peak intensity at 136 MHz,,"Opt. Lett. Vol. 32, No. 19, pp.2870-2872",,https://www.osapublishing.org/ol/abstract.cfm?uri=ol-32-19-2870,,,747,,,,,,,False
AISIN IMRA(米国・imra.com),Er- and Yb-doped fiber laser frequency combs and their applications,,2007 LEOS Tech. Digest pp. 161-162,,http://ieeexplore.ieee.org/document/4288382/,,,749,,,,,,,False
AISIN IMRA(米国・imra.com),Fabrication of Sb-doped p-type ZnO thin films by pulsed laser deposition,,"Appl. Surf. Sci. Vol. 253, No. 11, pp. 5067-5069",,http://www.sciencedirect.com/science/article/pii/S0169433206014723,,,750,,,,,,,False
AISIN IMRA(米国・imra.com),Fabrication of p-type ZnMgO films via pulsed laser deposition method by using Li as dopant source,,"Appl. Surf. Sci. Vol. 253, No. 14, pp. 6060-6062",,http://www.sciencedirect.com/science/article/pii/S0169433207000220,,,751,,,,,,,False
AISIN IMRA(米国・imra.com),Novel ultrashort pulse fiber lasers for micromachining applications,,"RIKEN Rev. Vol. 43, pp. 23-27",,http://www.riken.go.jp/lab-www/library/publication/review/conts/conts43.html,,,818,,,,,,,False
AISIN IMRA(米国・imra.com),High-power compact ultrafast fiber laser,,"Proc. SPIE Vol. 3942, pp. 194-200",,http://proceedings.spiedigitallibrary.org/proceeding.aspx?articleid=918260,,,835,,,,,,,False
AISIN IMRA(米国・imra.com),Narrow-band THz waveforms from optical rectification of femtosecond optical pulses in periodically poled Lithium Niobate,,2000 CLEO Tech. Digest pp. 656-657,,http://ieeexplore.ieee.org/document/907490/,,,836,,,,,,,False
AISIN IMRA(米国・imra.com),Propagation and compression of high power parabolic pulses generating a high gain Yb:doped fiber amplifier,,2000 LEOE Tech. Digest p. 1,,http://ieeexplore.ieee.org/document/909949/,,,837,,,,,,,False
AISIN IMRA(米国・imra.com),Self-similar propagation and amplification of Parabolic pulses in optical fibers,,"Phys Rev. Lett. Vol. 84, No. 26, pp. 6010-6013",,https://journals.aps.org/prl/abstract/10.1103/PhysRevLett.84.6010,,,838,,,,,,,False
AISIN IMRA(米国・imra.com),Temperature dependence of narrow-band terahertz generation from periodically poled Lithium Niobate,,"Appl. Phys. Lett. Vol. 77, No. 9, pp. 1244-1246",,http://aip.scitation.org/doi/10.1063/1.1290046,,,839,,,,,,,False
AISIN IMRA(米国・imra.com),THz generation and detection using 1550-nm pulses from a fiber laser,,2000 CLEO Tech. Digest pp. 559-560,,http://ieeexplore.ieee.org/document/907386/,,,840,,,,,,,False
AISIN IMRA(米国・imra.com),Ultrafast fiber lasers: alternative light sources for industrial material processing,,"Proc. SPIE Vol. 4088, pp. 201-204",,http://proceedings.spiedigitallibrary.org/proceeding.aspx?articleid=914582,,,841,,,,,,,False
AISIN IMRA(米国・imra.com),Ultrafast pulse sources based on multi-mode optical fibers,,"Appl. Phys. B Vol. 70, No. 7, pp. 13-23",,http://link.springer.com/article/10.1007%2Fs003400000287,,,842,,,,,,,False
AISIN IMRA(米国・imra.com),Ultrashort-pulse second-harmonic generation with longitudinally nonuniform quasi-phase-matching gratings: pulse compression and shaping,,"JOSA B Vol. 17, No. 2, pp. 304-318",,https://www.osapublishing.org/josab/abstract.cfm?uri=josab-17-2-304,,,843,,,,,,,False
AISIN IMRA(米国・imra.com),Amplification in 1.2 – 1.7 μm communication window using OPA in PPLN waveguides,,"Elect. Lett. Vol. 35, No. 9, pp. 731-733",,http://dx.doi.org/10.1049/el:1999501,,10.1049/el:1999501,845,10.1049/el:1999501,,,,,,False
AISIN IMRA(米国・imra.com),Broad-area diode-pumped 1 W femtosecond fiber system,,"1996 CLEO Tech. Digest, pp. 495-496",,http://ieeexplore.ieee.org/document/864974/,,,884,,,,,,,False
