page,category,title,authors_raw,venue,link
1,センシング,Exploiting broad incident angle ranges in diffraction grating SPR spectroscopy,"Hironori Suzuki, Eslam Abubakr, Shiro Saito, Tetsuo Kan","Proc. SPIE 13902, Silicon Photonics XXI, 139020P (4 Mar 2026)",https://doi.org/10.1117/12.3075489
1,超電導,Superconductivity in Ba5Ir7Ge4 derived from MgCu2-type Laves phase BaIr2,"Terunari Koshinuma, Hiroshi Fujihisa, Yoshito Gotoh, Izumi Hase, Kenji Kawashima, Shigeyuki Ishida, Hiroshi Eisaki, Hiraku Ogino, Taichiro Nishio, and Akira Iyo","Intermetallics, Volume 181, 2025, 108748",https://doi.org/10.1016/j.intermet.2025.108748
1,超電導,100 K級の転移温度を有するカルシウムフリー二層構造銅酸化物超伝導体の高圧合成性,"川島 健司, 二宮 博樹, 藤久 裕司, 伊豫 彰","高圧力の科学と技術, 2025 年 35 巻 2 号 p. 85-92",https://doi.org/10.4131/jshpreview.35.85
1,超電導,Rapid and scalable synthesis of alkali metal-intercalated C60 superconductors,"A. Iyo, H. Fujihisa, Y. Gotoh, S. Ishida, H. Eisaki, H. Ogino and K. Kawashima","Supercond. Sci. Technol., 38, 2025, 055013",https://doi.org/10.1088/1361-6668/adcc63
1,超電導,Superconductivity of Sc20BC27 at ambient and under applied Pressure conditions,"G. Lamura, H. Ninomiya, R. Khasanov, K. Kawashima, N. Takeshita, H. Ogino, and T. Shiroka","Phys. Rev. B, 111, 2025, 214513",https://doi.org/10.1103/3w8q-c26h
1,センシング,Modifying interface properties for advanced self-powered refractory NIR plasmonic photodetection and broadband spectroscopy,"Eslam Abubakr, Ashenafi Abadi, Shiro Saito, Hironori Suzuki, and Tetsuo Kan","Materials Science in Semiconductor Processing, 197, 2025, 109712",https://doi.org/10.1016/j.mssp.2025.109712
1,センシング,"In Silico Exfoliation of ReaxFF Graphite -Temperature, Speed, Angle Dependence, and the Effect of Gold Overlayer","Teruki Ando, Seiya Yokokura, Hiroki Waizumi, Hironori Suzuki, Kenji Kawashima, and Toshihiro Shimada","C, 11(3), 2025, 59",https://doi.org/10.3390/c11030059
1,センシング,Advanced self-powered NIR plasmonic photodetection and photoelectron spectroscopy,"Eslam Abubakr, Shiro Saito, Hironori Suzuki, and Tetsuo Kan","MRS Commun., 15, 2025, 1440-1444",https://doi.org/10.1557/s43579-025-00812-y
1,センシング,Optimizing geometry and metal-dependent performance of Si-based Schottky plasmonic photodetectors,"Eslam Abubakr, Ashenafi Abadi, Masaaki Oshita, Shiro Saito, Tetsuo Kan","Optical Materials, 2024, Apr, 150 115175-115175",https://doi.org/10.1016/j.optmat.2024.115175
1,センシング,Near-infrared gas spectroscopy based on plasmonic photodetector applied for multiple gas species,"Utana Yamaoka, Yuuki Kaneda, Masaaki Oshita, Shiro Saito, Tetsuo Kan","Japanese Journal of Applied Physics, 2024, 63, 012004",https://doi.org/10.35848/1347-4065/ad1699
1,超電導,Na-catalyzed rapid synthesis and characterization of intercalated graphite CaC6,"Akira Iyo, Hiroshi Fujihisa, Yoshito Gotoh, Shigeyuki Ishida, Hiroshi Eisaki, Hiraku Ogino, Kenji Kawashima","Carbon, Volume 215, 2023, 118381, ISSN 0008-6223",https://doi.org/10.1016/j.carbon.2023.118381
1,超電導,Improved critical current properties and irreversibility lines by metal substitution in Ca-free Hg-based double-layered cuprates,"Hiroki Ninomiya, Kenji Kawashima, Shigeyuki Ishida, Hiraku Ogino, Hiroshi Fujihisa, Yoshito Gotoh, Yoshiyuki Yoshida, Akira Iyo, and Hiroshi Eisaki","Supercond. Sci. Technol. 36, 2023, 115014",https://iopscience.iop.org/article/10.1088/1361-6668/acfa28
1,超電導,Flat band ferromagnetism in Pb2Sb2O7 via a self-doped mechanism,"I. Hase, Y. Higashi, H. Eisaki & K. Kawashima","Sci Rep 13, 4743",https://doi.org/10.1038/s41598-023-31917-w
1,超電導,Electronic structure and anharmonic phonon mode in BaIr2Ge7 with two-dimensional Ba-Ge networks studied by photoemission Spectroscopy,"Tatsuhiro Ishida, Daiki Ootsuki, Shigeyuki Ishida, Miho Kitamura, Koji Horiba, Yasumasa Takagi, Akira Yasui, Eiji Ikenaga, Kenji Kawashima, Yousuke Yanagi, Akira Iyo, Hiroshi Eisaki, and Teppei Yoshida","Phyical. Review B, 2023 107 045116",https://doi.org/10.1103/PhysRevB.107.045116
1,超電導,Development of 50-kW-Class High-Temperature Superconducting Induction/Synchronous Motor With Continuous Drive Characteristics from Room Temperature,"Taketsune Nakamura, Masaaki Yoshikawa, Toshihisa Terazawa, Kenjiro Matsuki, Yunfei Gao, and Takanobu Kiss","IEEE Transactions on Applied Superconductivity, 2023 33(5) 5200205",https://doi.org/10.1109/TASC.2023.3238293
1,超電導,Noncontact Evaluation of HTS Cylinder for Compact Cryogen-Free NMR,"Jun Ogawa, Satoshi Fukui, Tomohiro Nabeya, Kazuhiko Toshima, Yosuke Yanagi, and Kenji Kawashima","IEEE Transactions on Applied Superconductivity, 2023 33(5) 4400904",https://doi.org/10.1109/TASC.2023.3244118
1,センシング,UNIQUE DISPERSION RELATION FOR PLASMONIC PHOTODETECTORS WITH SUBMICRON GRATING,"Yuki Kaneda, Masaaki Oshita, Utana Yamaoka, Shiro Saito,and Tetsuo Kan","The 36th International Conference on Micro Electro Mechanical Systems (IEEE MEMS 2023), T75-h, January 15-19, 2023.(accepted as poster)",
2,センシング,Electromechanically reconfigurable plasmonic photodetector with a distinct shift of resonant wavelength,"Masaaki Oshita, Shiro Saito, and Tetsuo Kan","Microsyst Nanoeng 9, 26 (2023).",https://doi.org/10.1038/s41378-023-00504-4
2,超電導,High-pressure synthesis and superconductivity of the novel Laves phase BaIr2,"Terunari Koshinuma, Hiroki Ninomiya, Izumi Hase, Hiroshi Fujihisa, Yoshito Gotoh, Kenji Kawashima, Shigeyuki Ishida, Yoshiyuki Yoshida, Hiroshi Eisaki, Taichiro Nishio, and Akira Iyo","Intermetallics, 2022 148 107643",https://doi.org/10.1016/j.intermet.2022.107643
2,超電導,Hidden structural and superconducting phase induced in antiperovskite arsenide SrPd3As,"Akira Iyo, Hiroshi Fujihisa, Yoshito Gotoh, Shigeyuki Ishida, Hiroki Ninomiya, Yoshiyuki Yoshida, Hiroshi Eisaki, and Kenji Kawashima","Inorganic Chemistry, 2022 61(31) 12149–12154",https://doi.org/10.1021/acs.inorgchem.2c00960
2,超電導,"High-Pressure Synthesis of Ca-Free Hg-Based Cuprate (Hg,M)(Sr,Ba)2SrCu2Oy","Hiroki Ninomiya, Kenji Kawashima, Hiroshi Fujihisa, Yoshito Gotoh, Shigeyuki Ishida, Hiraku Ogino, Yoshiyuki Yoshida, Akira Iyo, and Hiroshi Eisaki","29th International Conference on Low temperature Physics (LT-29), P20-SF2A-06",https://www.lt29.jp/index.html
2,超電導,Unique interplay between local moments and vortices in the high-Tc magnetic superconductor EuRbFe4As4,"Shigeyuki Ishida, Daniel Kagerbauer, Sigrid Holleis, Kazuki Iida, Koji Munakata, Akiko Nakao, Akira Iyo, Hiraku Ogino, Kenji Kawashima, Michael Eisterer, and Hiroshi Eisaki","29th International Conference on Low temperature Physics (LT-29), 3P-SF2A-03",https://www.lt29.jp/index.html
2,超電導,Superconductivity in the Laves phase BaIr2 crystallized under high pressure,"Terunari Koshinuma, Hiroki Ninomiya, Izumi Hase, Hiroshi Fujihisa, Yoshito Gotoh, Shigeyuki Ishida, Yoshiyuki Yoshida, Hiroshi Eisaki, Kenji Kawashima, Taichiro Nishio, and Akira Iyo","29th International Conference on Low temperature Physics (LT-29), P23-SF2B-37",https://www.lt29.jp/index.html
2,センシング,白色光源を用いた表面プラズモン共鳴式光検出器による分光の研究,"金田裕喜, 大下 雅昭, 山岡 詩菜, 齋藤 史郎, 菅 哲朗","ロボティクス・メカトロニクス 講演会 2022, 2P2-K01, June 1-4, 2022",
2,センシング,プラズモニック分光素子による連続スペクトルの分光の研究,"金田 裕喜, 大下 雅昭, 山岡 詩菜, 齋藤 史郎, 菅 哲朗","第13回マイクロ・ナノ工学シンポジウム, 15P2-PN-28, November 14-16, 2022.",
2,センシング,RECONFIGURABLE PLASMONIC PHOTODETECTOR INTEGRATED WITH ELECTROSTATIC ACTUATOR FOR SPECTROMETRY,"Masaaki Oshita, Shiro Saito, and Tetsuo Kan",The 35th International Conference on Micro Electro Mechanical Systems(IEEE MEMS 2022),
2,センシング,プラズモニック光検出器を用いた分光法による複数種のガス計測,"山岡 詩菜, 金田 裕喜, 齋藤史朗, 大下 雅昭, 菅 哲朗","第13回マイクロ・ナノ工学シンポジウム, 14P3-PN-28, November 14-16, 2022.若手優秀講演表彰",
2,超電導,Superconductivity-driven ferromagnetism and spin manipulation using vortices in the magnetic superconductor EuRbFe4As4,"Shigeyuki Ishida, Daniel Kagerbauer, Sigrid Holleis, Kazuki Iida, Koji Munakata, Akiko Nakao, Akira Iyo, Hiraku Ogino, Kenji Kawashima, Michael Eisterer, and Hiroshi Eisaki","Proceedings of the National Academy of Sciences (PNAS), 2021 118(37) 118 (37) e2101101118",https://doi.org/10.1073/pnas.2101101118
2,超電導,Intrinsic defect structures of polycrystalline CaKFe4As4 superconductors,"Pavan Kumar Naik Sugali, Shigeyuki Ishida, Koji Kimoto, Keiichi Yanagisawa, Yoshihisa Kamiya, Yoshinori Tsuchiya, Kenji Kawashima, Yoshiyuki Yoshida, Akira Iyo, Hiroshi Eisaki, Taichiro Nishio, and Hiraku Ogino","Physical Chemistry Chemical Physics, 2021 23(35) 19827-19833",https://doi.org/10.1039/D1CP02613E
2,超電導,Antiperovskite Superconductor LaPd3P with Noncentrosymmetric Cubic Structure,"Akira Iyo, Izumi Hase, Hiroshi Fujihisa, Yoshito Gotoh, Shigeyuki Ishida, Hiroki Ninomiya, Yoshiyuki Yoshida, Hiroshi Eisaki, Hishiro T. Hirose, Taichi Terashima, and Kenji Kawashima","Inorganic Chemistry, 2021 60 18017-18023",https://doi.org/10.1021/acs.inorgchem.1c02604
2,超電導,Posttreatment Effects on the Crystal Structure and Superconductivity of Ca-Free Double-Layered Cuprate Sr2SrCu2O4+yF2–y,"Hiroki Ninomiya, Kenji Kawashima, Hiroshi Fujihisa, Shigeyuki Ishida, Hiraku Ogino, Yoshiyuki Yoshida, Hiroshi Eisaki, Yoshito Gotoh, and Akira Iyo","Chemistry of Materials, 2021 33(24) 9690-9697",https://doi.org/10.1021/acs.chemmater.1c03343
2,センシング,A Fabry-Pérot cavity coupled surface plasmon photodiode for electrical biomolecular sensing,"Giles Allison, Amrita Kumar Sana, Yuta Ogawa, Hidemi Kato, Kosei Ueno, Hiroaki Misawa, Koki Hayashi & Hironori Suzuki","Nat Commun, 12, 6483 (2021)",https://doi.org/10.1038/s41467-021-26652-7
2,センシング,Near-Infrared Spectroscopic Gas Detection Using a Surface Plasmon Resonance Photodetector with 20 nm Resolution,"Yosuke Yamamoto, Masaaki Oshita, Shiro Saito, and Tetsuo Kan",ACS Applied Nano Materials,https://pubs.acs.org/doi/10.1021/acsanm.1c02925
2,ライフサイエンス,Editing of DNA methylation using CRISPR/Cas9 and a ssDNA template in human cells,"Shota Katayama, Masao Andou","Biochemical and Biophysical Research Communications, Volume 581, December 2021, 20-24.",https://doi.org/10.1016/j.bbrc.2021.10.018
3,センシング,Local reaction fields on a CMOS sensor array utilizing a magneto-Archimedes levitation based magnetic particle-arrangement method,"E. Ushijima, S. Fujimoto, and K. Nakazato","Sens.Actuator A Phys., (2021)",https://doi.org/10.1016/j.sna.2021.112655
3,ライフサイエンス,A CRISPR/Cas9-based method for targeted DNA methylation enables cancer initiation in B lymphocytes.,"Shota Katayama, Koichi Shiraishi, Naoki Gorai, Masao Andou.","Advanced Genetics, Volume 2, Issue 1, March 2021, e10040.",https://doi.org/10.1002/ggn2.10040
3,超電導,"Superconductivity of centrosymmetric and non-centrosymmetric phases in antiperovskite (Ca,Sr)Pd3P","Akira Iyo, Izumi Hase, Hiroshi Fujihisa, Yoshito Gotoh, Nao Takeshita, Shigeyuki Ishida, Hiroki Ninomiya, Yoshiyuki Yoshida, Hiroshi Eisaki, Hishiro T. Hirose, Taichi Terashima, Kenji Kawashima","Journal of Alloys and Compounds, 2021, 882, 160733.",https://doi.org/10.1016/j.jallcom.2021.160733
3,超電導,Calcium-free double-layered cuprate superconductors with critical temperature above 100 K,"Hiroki Ninomiya, Kenji Kawashima, Akira Iyo, Hiroshi Fujihisa, Shigeyuki Ishida, Hiraku Ogino, Yoshiyuki Yoshida, Yoshito Gotoh, and Hiroshi Eisaki","Communications Materials, 2021, 2, 13.",https://doi.org/10.1038/s43246-020-00116-9
3,超電導,Experimental and Computational Determination of Optimal Boron Content in Layered Superconductor Sc20C8–xBxC20,"Hiroki Ninomiya, Terunari Koshinuma, Taichiro Nishio, Hiroshi Fujihisa, Kenji Kawashima, Izumi Hase, Shigeyuki Ishida, Hiraku Ogino, Akira Iyo, Yoshiyuki Yoshida, Yoshito Gotoh, and Hiroshi Eisaki","Inorganic Chemistry, 2020, 59(19), 14290-14295.",https://doi.org/10.1021/acs.inorgchem.0c02090
3,センシング,Arranging Diamagnetic Particles in a Modulated Magnetic Field Originating in Microelectromechanical Systems Compatible with an Integrated Circuit upon Halbach Array Magnet,"E. Ushijima, S. Fujimoto, and K. Nakazato","ACS Omega 5, 23157 (2020).",https://dx.doi.org/10.1021/acsomega.0c02933
3,超電導,Structural Phase Transitions and Superconductivity Induced in Antiperovskite Phosphide CaPd3P,"Akira Iyo, Hiroshi Fujihisa, Yoshito Gotoh, Shigeyuki Ishida, Hiroki Ninomiya, Yoshiyuki Yoshida, Hiroshi Eisaki, Hishiro T. Hirose, Taichi Terashima, and Kenji Kawashima","Inorganic Chemistry, 2020, 59(17), 12397-12403.",https://doi.org/10.1021/acs.inorgchem.0c01482
3,燃料電池,"酵素トランスデューサーと酵素技術展開―酵素センサ&バイオ電池,そして酵素処理応用(食品,医薬,修復)(Enzyme Transducers and Evolutions of Enzymatic Technology―Enzyme Sensors, Bio Batteries and Novel Enzymatic Approaches (Food, Medicine, Restoring) ―s)","監修： 三林浩二,シーエムシー出版(2020/03/11) ISBN 978-4-7813-1488-4 第12章 酵素を担持した薄膜のバイオセンサー電極と電流変換素子への応用",重森 康司（110-121）,
3,超電導,Superconductivity in New 122- and 1144-type Fe-based Compounds,"Kenji Kawashima, Hiroshi Fujihisa, Yoshito Gotoh, Izumi Hase, Shigeyuki Ishida, Hiraku Ogino, Hiroki Ninomiya, Yoshiyuki Yoshida, Hiroshi Eisaki, and Akira Iyo","10th Asian Conference on Applied Superconductivity and Cryogenics (ACASC), 2nd International Cryogenic Materials Conference in Asia (Asian-ICMC), and the CSSJ meeting as a joint conference, 7D1-4 (7th January 2020).",https://csj.or.jp/conference/10thACASC-2ndAsianICMC-CSSJ/index.html
3,燃料電池,High-performance enzymatic biofuel cell based on flexible carbon cloth modified with MgO-templated porous carbon.,"Niiyama, A., Murata, K., Shigemori, Y., Zebda, A., & Tsujimura, S.","Journal of Power Sources, 2019, 427:49-55.",
3,超電導,Superconductivity in Uncollapsed Tetragonal LaFe2As2,"Akira Iyo, Hiroshi Fujihisa, Yoshito Gotoh, Shigeyuki Ishida, Yoshiyuki Yoshida, Hiroshi Eisaki, and Kenji Kawashima","Journal of Physical Chemistry Letters, 2019, 10(5), 1018–1023.",https://doi.org/10.1021/acs.jpclett.9b00321
3,超電導,Superconductivity induced by Mg deficiency in noncentrosymmetric phosphide Mg2Rh3P,"Akira Iyo, Izumi Hase, Hiroshi Fujihisa, Yoshito Gotoh, Nao Takeshita, Shigeyuki Ishida, Hiroki Ninomiya, Yoshiyuki Yoshida, Hiroshi Eisaki, and Kenji Kawashima","Physical Review Materials, 2019, 3, 124802.",https://doi.org/10.1103/PhysRevMaterials.3.124802
3,超電導,Superconductivity in a Scandium Borocarbide with a Layered Crystal Structure,"Hiroki Ninomiya, Kunihiko Oka, Izumi Hase, Kenji Kawashima, Hiroshi Fujihisa, Yoshito Gotoh, Shigeyuki Ishida, HIraku Ogino, Akira Iyo, Yoshiyuki Yoshida, and Hiroshi Eisaki","Inorganic Chemistry, 2019, 58(22), 15629–15636.",https://doi.org/10.1021/acs.inorgchem.9b02709
3,超電導,"Superconducting state in (La,Na,K)Fe2As2 and (La,Na)AFe4As4 (A=Rb,Cs)","Kenji Kawashima, Shigeyuki Ishida, Hiroshi Fujihisa, Yoshito Gotoh, Hiraku Ogino, Hiroshi Eisaki, Yoshiyuki Yoshida, Akira Iyo","14th European Conference on Applied Superconductivity, 3-MP-FM-S16 (4th September 2019).",https://www.eucas2019.org
3,超電導,Unique defect structure and advantageous vortex pinning properties in superconducting CaKFe4As4,"Shigeyuki Ishida, Akira Iyo, Hiraku Ogino, Hiroshi Eisaki, Nao Takeshita, Kenji Kawashima, Keiichi Yanagisawa, Yuuga Kobayashi, Koji Kimoto, Hideki Abe, Motoharu Imai, Jun-ichi Shimoyama, and Michael Eisterer","npj Quantum Materials, 2019, 4, 27.",https://doi.org/10.1038/s41535-019-0165-0
3,ライフサイエンス,Conversion of Cellulose and Amino Acids to High-Value-Added Chemicals Using Saturated Steam,"Seiichiro Yoshida, Keiichiro Matsushima, Tohru Joboji. 2019","AIChE Annual Meeting, November 11, 2019",https://www.aiche.org/conferences/aiche-annual-meeting/2019/proceeding/paper/197a-conversion-cellulose-and-amino-acids-high-value-added-chemicals-using-saturated-steam
3,太陽電池,Improved Conversion Efficiency of 10% for Solid-State Dye-Sensitized Solar Cells Utilizing P-type Semiconducting CuI and Multi-Dye Consisting of Novel Porphyrin Dimer and Organic Dyes,,"J.Mater.Chem.A, 2018,6,22508-22512",https://pubs.rsc.org/en/content/articlelanding/2018/ta/c8ta06418k
4,超電導,"Superconductivity in a 122-type Fe-based compound (La,Na,K)Fe2As2","Kenji Kawashima, Shigeyuki Ishida, Hiroshi Fujihisa, Yoshito Gotoh, Yoshiyuki Yoshida, Hiroshi Eisaki, Hiraku Ogino, and Akira Iyo","Scientific reports, 2018, 8, 16827.",https://doi.org/10.1038/s41598-018-34265-2
4,超電導,"Fe-based Superconductors of (Ln0.5-xNa0.5+x)Fe2As2 (Ln = Ce, Pr)",". Akira Iyo, Kenji Kawashima, Shigeyuki Ishida, Hiroshi Fujihisa, Yoshito Gotoh, Yoshiyuki Yoshida and Hiroshi Eisaki","Inorganic Chemistry, 2018, 57(15), 9223-9229.",https://doi.org/10.1021/acs.inorgchem.8b01247
4,超電導,"Superconductivity in a New 1144-Type Family of (La,Na)AFe4As4 (A = Rb or Cs)","Kenji Kawashima, Shigeyuki Ishida, Hiroshi Fujihisa, Yoshito Gotoh, Kunihiro Kihou, Yoshiyuki Yoshida, Hiroshi Eisaki, Hiraku Ogino, and Akira Iyo","Journal of Physical Chemistry Letters, 2018, 9, 868-873.",https://doi.org/10.1021/acs.jpclett.8b00162
4,超電導,Superconductivity on Hole-Doping Side of (La0.5–xNa0.5+x)Fe2As2,". Akira Iyo, Kenji Kawashima, Shigeyuki Ishida, Hiroshi Fujihisa, Yoshito Gotoh, Hiroshi Eisaki, and Yoshiyuki Yoshida","Journal of the American Chemical Society, 2018, 140, 369-374.",
4,超電導,"鉄系超電導体EuAFe4As4(A = Rb, Cs)の超電導状態","川島健司, 石田茂之, 竹下直, 鬼頭聖, 岡邦彦, 木方邦宏, 後藤義人, 藤久裕司, 永崎洋, 吉田良行, 伊豫彰, 第78回応用物理学会秋季学術講演会, 6a-PB1-36 (2017年9月6日).",,https://confit.atlas.jp/guide/event/jsap2017a/top
4,超電導,Synthesis and Superconductivity of a New Strontium Digermanide SrGe2 with the ThSi2 structure,"Akira Iyo, Izumi Hase, Kenji Kawashima, Shigeyuki Ishida, Hijiri Kito, Nao Takeshita, Kunihiko Oka, Hiroshi Fujihisa, Yoshito Gotoh, Yoshiyuki Yoshida, and Hiroshi Eisaki","Inorganic Chemistry, 2017, 56, 8590-8595.",https://doi.org/10.1021/acs.inorgchem.7b01446
4,ライフサイエンス,Interplay of hot electrons from localized and propagating plasmons,"Chung V. Hoang, Koki Hayashi, Yasuo Ito, Naoki Gorai, Giles Allison, Xu Shi, Quan Sun, Zhenzhou Cheng, Kosei Ueno, Keisuke Goda and Hiroaki Misawa.","Nature Communications volume 8, Article number, 771 (2017)",https://doi.org/10.1038/s41467-017-00815-x
4,太陽電池,An efficient perovskite solar cell with symmetrical Zn(II) phthalocyanine infiltrated buffering porous Al2O3 as the hyblid interfacial hole-transporting layer,"P. Gao, K. T. Cho, A. Abate, G. Grancini, P. Y. Redd, M. Srinivas, M. Adachi, A. Suzuki, K. Tsuchimoto, M. Gratzel and Mohammed Khaja Nazeeruddin","Phys. Chem. Chem. Phys., 2016, 18, 27083-27089.",https://dx.doi.org/10.1039/C6CP03396B
4,燃料電池,Amphiphilic polymer mediators promoting electron transfer on bioanodes with PQQ-dependent glucose dehydrogenase.,"Nakashima Y, Mizoshita N, Tanaka H, Nakaoki Y.","Langmuir, 2016, 32 (49), 12986–12994",http://dx.doi.org/10.1021/acs.langmuir.6b03145
4,超電導,Superconductivity in Fe-Based Compound EuAFe4As4 (A = Rb and Cs),"Kenji Kawashima, Tatsuya Kinjo, Taichiro Nishio, Shigeyuki Ishida, Hiroshi Fujihisa, Yoshito Gotoh, Kunihiro Kihou, Hiroshi Eisaki, Yoshiyuki Yoshida, and Akira Iyo","Journal of the Physical Society of Japan, 2016, 85, 064710.",https://doi.org/10.7566/JPSJ.85.064710
4,超電導,"New-Structure-Type Fe-Based Superconductors: CaAFe4As4 (A = K, Rb, Cs) and SrAFe4As4 (A = Rb, Cs)","Akira Iyo, Kenji Kawashima, Tatsuya Kinjo, Taichiro Nishio, Shigeyuki Ishida, Hiroshi Fujihisa, Yoshito Gotoh, Kunihiro Kihou, Hiroshi Eisaki, and Yoshiyuki Yoshida","Journal of the American Chemical Society, 2016, 138, 3410-3415.",https://doi.org/10.1021/jacs.5b12571
4,燃料電池,"Electrochemical activation of a novel laccase, MELAC, isolated from compost.","Murata K, Shigemori Y, Tsujimura","S.Chem. Lett., 2015, 44:654-5.",http://dx.doi.org/10.1246/cl.150057
4,ライフサイエンス,Recovery and separation of rare earth elements using salmon milt.,"Takahashi Y, Kondo K, Miyaji A, Watanabe Y, Fan Q, Honma T, Tanaka","K.PloS one, 2014, 9:e114858",http://dx.doi.org/10.1371/journal.pone.0114858
4,太陽電池,Novel ruthenium sensitizer with multiple butadiene equivalent thienyls as conjugation on ancillary ligand for dye-sensitized solar cells,"Thogiti Suresh, Ganugula Rajkumar, Surya Prakash Singh, Paidi Yella Reddy, Ashraful Islam, Liyuan Han, Malapaka Chandrasekharam","Organic Electronics, Volume, 14, Issue 9, September 2013, Pages 2243-2248",https://doi.org/10.1016/j.orgel.2013.04.048
4,太陽電池,Substitution of ethynyl-Thiophene chromophores on Ruthenium sensitzers: Influence on thermal and photovoltaic performance of dye sensitized solar cells,". Malapaka chendrasekharam, Gangula Raj Kumar, Thogoti Suresh, Paidi Yella Reddy.","Advances in Otoelectronics, Vol 2012,doi 10.1155/2012/482074.",http://dx.doi.org/10.1155/2012/482074
4,燃料電池,A Glucose / O2 Biofuel Cell Using Recombinant Thermophilic Enzymes.,"Wang X, Li D, Watanabe T, Shigemori Y, Mikawa T, Okajima T, Mao L, Ohsaka T","Int. J. Electrochem., Sci., 2012, 7: 1071-8.",http://www.electrochemsci.org/papers/vol7/7021071.pdf
4,ライフサイエンス,Recovery and separation of rare earth elements using columns loaded with DNA-filter hybrid.,"Takahashi Y, Kondo K, Miyaji A, Umeo M, Honma T., Asaoka S.","Analytical Sciences, 2012, 28:985-992",http://doi.org/10.2116/analsci.28.985
5,太陽電池,High spectral response heteroleptic ruthenium(II) complexes as sensitizers for dye sensitized solar cells,"Rajkumar G, Reddy PY, Srinivasa Rao C, Reddy MA, Raghavender M, Sreenivasu M, Suresh T and , Malapaka Chandrasekharam","Journal of chemical sciences, Volume 123, Issue, 1, 2011, Pages 37-4.",http://dx.doi.org/10.1007/s12039-011-0066-7
5,太陽電池,Ruthenium(II) bipyridyl with extended Pi system: Improved thermo-stable sensitizer for efficient and long term durable dye-sensitized solar cells,"Rajkumar G, Paidi Yella Reddy, Rao CS, Soujanya Y and , Malapaka Chandrasekharam","Journal of chemical sciences, Volume 123, Issue, 5, 2011, Pages 555-565",http://www.ias.ac.in/article/fulltext/jcsc/123/05/0555-0565
5,太陽電池,Polypyridyl Ru(II)-sensitizers with extended -system enhances the performance of dye sensitized solar cells,"Malapaka Chandrasekharam, Ganugula Rajkumar, Chikkam Srinivasa Rao, Thogiti Suresh, Marri Anil Reddy, Paidi Yella Reddy, Yarasi Soujanya, B. Takeru, Yum Jun-Ho, Mahammad Khaja Nazeeruddin, Michael Graetzel.","Syntheic Metals, 2011;161(11);1098-1104.",https://doi.org/10.1016/j.synthmet.2011.03.022
5,太陽電池,"“Change of Dye Bath for Sensitization of Nano crystalline TiO2 Films Enhances Performance of Dye-Sensitized Solar Cells: Malapaka Chandrasekharam, Ganugula Rajkumar, Chikkam Srinivasa Rao, Paidi Yella Reddy, Mannepalli Lakshmi Kantam",,"Advances in Opto Electronics, 01/2011; 376369(9)",http://dx.doi.org/10.1155/2011/376369
5,太陽電池,Phenothiazine conjugated bipyridine as ancillary ligand in Ru(II) -complexes for application in dye sensitized solar cell,". Malapaka Chandrasekharam, Ganugula Rajkumar, Chikkam Srinivasa Rao, Thogiti Suresh, Paidi Yella Reddy","Synthetic Metals, 08/2011; 161:1469-1476",https://doi.org/10.1016/j.synthmet.2011.04.001
5,太陽電池,Substitution of Carbazole Modified Fluorenes as π-Extension in Ru(II) Complex-Influence on Performance of Dye-Sensitized Solar Cells,". Malapaka chendrasekharam, Gangula Raj Kumar, Thogoti Suresh, Chikkam srinivasa Rao, Paidi Yella Reddy, Jun-Ho Yum, Mohammad Khaja Nazeeruddin and Michael Graetzel.","Advances in Otoelectronics, Vol 2011",https://doi.org/10.1155/2011/963068
5,太陽電池,A molecularly engineered fluorene-substituted Ru-complex for efficient mesoscopic dye sensitized solar cells,"Malapaka Chandrasekharam, Ganugula Rajkumar, Chikkam Srinivasa Rao, Thogiti Suresh, Paidi Yella Reddy, Jun-Ho Yum, Mahammad Khaja Nazeeruddin, Michael Graetzel Advances in Natural Sciences","Nanoscience and Nanotechnology., 08/2011; 2(3):035016.",http://iopscience.iop.org/article/10.1088/2043-6262/2/3/035016
5,太陽電池,Synthesis and Photoelectrochemical Characterization of a High Molar Extinction Coefficient Heteroleptic Ruthenium(II) complex,"Giribabu, L.; Singh, V. K.; Sreenivasu, M.; Kumar, Ch. V.; Soujanya, Y.; Reddy, P. Y.","J. Chem. Sci., 123, 371-378, (2011).",https://doi.org/10.1007/s12039-011-0096-1
5,太陽電池,Organic-Ruthenium(II) Polypyridyl Complex Based Sensitizer for Dye-Sensitized Solar cells Applications,"Giribabu, L.; Singh, V. K.; Kumar, Ch. V.; Soujanya, Y.; Reddy, V. G.; Reddy, P. Y. Adv.","Optoelectronics. Article, ID 294353 (2011).",http://dx.doi.org/10.1155/2011/294353
5,太陽電池,Triphenylamine-Phthalocyanine Based Sensitizer for Sensitization of Nanocrystalline TiO2 Films,"Giribabu, L.; Singh, V. K.; Kumar, Ch. V.; Soujanya, Y.; Reddy, P. Y.; Kantam, M. L.","Solar Energy, 85, 1204-1212, (2011).",https://doi.org/10.1016/j.solener.2011.02.027
5,太陽電池,A New Family of Heteroleptic Ruthenium(II) Polypyridyl complexes for Sensitization of Nanocrystalline TiO2 Films,"Giribabu, L.; Bessho, T.; Srinivasu, M.; VijayKumar, Ch.; Soujanya, Y.; Reddy, V. G.; Reddy, P. Y.; Yum, J. –H.; Gratzel, M.; Nazeeruddin, M.","Dalton Trans., 40, 4497-4504, (2011).",https://doi.org/10.1039/c0dt01417f
5,ライフサイエンス,Enhancement of thermal stabilization of formaldehyde dehydrogenase from Pseudomonas putida by directed evolution.,"Imamura C, Shigemori Y.","Biosci Biotechnol Biochem., 2010, 74:1462-5.",http://dx.doi.org/10.1271/bbb.100026 
5,ライフサイエンス,Single-stranded DNA binding protein facilitates specific enrichment of circular DNA molecules using rolling circle amplification.,"Mikawa T, Inoue J, Shigemori Y.","Anal Biochem., 2009, 391:81-4.",http://dx.doi.org/10.1016/j.ab.2009.05.013
5,ライフサイエンス,Alkali-tolerant high-activity catalase from a thermophilic bacterium and its overexpression in Escherichia coli.,"Ebara S, Shigemori Y.","Protein Expr Purif., 2008, 57:255-60.",http://dx.doi.org/10.1016/j.pep.2007.09.015
5,ライフサイエンス,New Infrared reflection absorption spectroscopy (IRRAS) system for observation of solid-solution interface biomaterials,"Sayed M A, Uno H, Harada K, Tanaka K, Kim Y-H, Nakaoki Y, Okumura K, Tero R, Urisu T.","Chem Phys. Lett., 2008, 466:235-239.",http://dx.doi.org/10.1016/j.cplett.2008.10.039
5,ライフサイエンス,Specific terminal labeling of DNA molecules.,"Shigemori Y, Oishi M.","Biotechniques., 2007, 42(5):622-6.",http://www.biotechniques.com/article/000112418
5,ライフサイエンス,Identification of strain specific genes in Rhodococcus erythropolis using a modified HiCEP method.,"Mitani Y, Watanabe T, Kondo K, Tamura T.","Open Biotechnol. J., 2007, 1: 66-71.",http://dx.doi.org/10.2174/1874070700701010066
6,太陽電池,Efficient Sensitization of Nanocrystalline TiO2 Films by a Near Infrared Absorbing Unsymmetrical Zinc Phthalocyanine,"Reddy, P.Y.; Giribabu, L.; Lyness, C.; Snaith, H.J.; Vijaykumar, Ch.; Chendrasekheram, M.; Lakshmikantam, M.; Hum, J.;, Kalyanasundaram, K.; Gratzel M.; Nazeeruddin, M.K. Angew.","Chem. Int. Ed. Eng., 46, 373-376, (2007).",https://doi.org/10.1002/anie.200603098
6,ライフサイエンス,Advances in the development of genetic tools for the genus Rhodococcus.,"Mitani Y, Nakashima N, Sallam K I, Toriyabe T, Kondo K, Tamura T.","ACTINOMYCETOLOGICA, 2006, 20: 55-61",http://doi.org/10.3209/saj.20.55
6,ライフサイエンス,Gene expression analysis using a modified HiCEP method applicable to prokaryotes: a study of the response of Rhodococcus to isoniazid and ethambutol.,"Mitani Y, Suzuki K, Kondo K, Okumura K, Tamura T.","J Biotechnol., 2006, 123:259-72",http://dx.doi.org/10.1016/j.jbiotec.2005.11.004
6,ライフサイエンス,Improvements of rolling circle amplification (RCA) efficiency and accuracy using Thermus thermophilus SSB mutant protein.,"Inoue J, Shigemori Y, Mikawa T.","Nucleic Acids Res., 2006, 34:e6933",http://dx.doi.org/10.1093/nar/gkl350
6,太陽電池,Functionalized Porphyrins for Dye Sensitized Solar Cells,"Giribabu, L.; Vijaykumar, Ch.; Reddy, P.Y.","J. Porphyrins Phthalocyanines, 10, 1007-1016, (2006).",http://dx.doi.org/10.1142/S1088424606000351
6,太陽電池,Conjugated Organic Dyes for Dye-Sensitized Solar Cells,"Giribabu, L.; Chandrasekharam, M.; Lakshmikantam, M.; Reddy, V.G.; Satyanaraya, D.; Rao, O.S.; Reddy, P.Y. Ind.","J. Chem. Sec.A., 45A, 629-634, (2006).",http://nopr.niscair.res.in/bitstream/123456789/17958/1/IJCA%2045A(3)%20629-634.pdf
6,ライフサイエンス,Stable triple-stranded DNA formation and its application to the SNP detection.,"Shigemori Y, Oishi M.","DNA Res., 2005, 12:441-9",http://dx.doi.org/10.1093/dnares/dsi022
6,ライフサイエンス,Multiplex PCR: use of heat-stable Thermus thermophilus RecA protein to minimize non-specific PCR products.,"Shigemori Y, Mikawa T, Shibata T, Oishi M.Nucleic","Acids Res., 2005, 33:e126",http://dx.doi.org/10.1093/nar/gni111
6,ライフサイエンス,”RecA-mediated multistrand formation for cloning PCR products into vectors: simplified process for 5'-rapid amplification of cDNA ends. Shigemori Y.,,"Anal Biochem., 2005, 341:141-7.",http://dx.doi.org/10.1016/j.ab.2005.03.016
6,ライフサイエンス,“A novel means of asymmetric linker attachment to DNA molecule by RecA-mediated multistranded DNA formation. Shigemori Y.,,"Anal Biochem., 2005, 338:143-50.",http://dx.doi.org/10.1016/j.ab.2004.10.045 
6,ライフサイエンス,Specific cleavage of DNA molecules at RecA-mediated triple-strand structure.,"Shigemori Y, Oishi M. Nucl.","Acids Res., 2004, 32 : e4.",http://dx.doi.org/10.1093/nar/gnh004
6,ライフサイエンス,Marking of specific sequences in double-stranded DNA molecules—SNP detection and direct observation.,"Shigemori Y, Haruta H, Okada T, Oishi","M.Genome Res., 2004, 14: 2478-2485",http://dx.doi.org/10.1101/gr.2789604 
