title,authors_raw,authors_display,toyota_affiliated_authors,n_toyota_affiliated_authors,category_id,category_name,source,year,published_at,link,note,recommend
"Towards the Development of a Robot for Well-Being: Applying the Motivation, Engagement, and Thriving in User Experience (METUX) Model","Obata, M., *Iwanaga, Y.*, *Tsuchinaga, M.*, Mizutani, A., Downes, D., & Lee, S.","Obata, M., Iwanaga, Y., Tsuchinaga, M., Mizutani, A., Downes, D., & Lee, S.","Iwanaga, Y.; Tsuchinaga, M.",2,2,ロボティクス,The 2026 ACM/IEEE International Conference on Human-Robot Interaction (HRI2026) LBR,2026,2026/03/16,https://dl.acm.org/doi/10.1145/3776734.3794360,,
Surface vs. Structural Similarity: Aligning Computational Metrics with Human Judgments,"Sone, Y., Ninomiya, Y., Miwa, K., *Sumi, Y.*, *Nakanishi, R.*, *Mitsuda, E.*, *Sato, K.* & *Odashima, T.*","Sone, Y., Ninomiya, Y., Miwa, K., Sumi, Y., Nakanishi, R., Mitsuda, E., Sato, K. & Odashima, T.","Sumi, Y.; Nakanishi, R.; Mitsuda, E.; Sato, K.; Odashima, T.",5,4,数理AI,"21st The International Conference on Computer Graphics, Interaction, Visualization Theory and Applications",2026,2026/03/09,#,Full Paper Acceptance Rate 21.9%,1
VDoF-MPC: Variable Degrees-of-Freedom Whole-Body Model Predictive Control,"Jin, T., Kobayashi, T., & *Doi, M*.","Jin, T., Kobayashi, T., & Doi, M.","Doi, M",1,2,ロボティクス,IEEE Access,2026,2026/01/21,https://ieeexplore.ieee.org/document/11359690,,
A Graph-Based Heuristic for Bus Route Planning Using Taxi Origin-Destination Data,"Yu, Z., Lim, B. G. S., Tan, R. R. P., *Kaji, H.*, & Ikeda, K.","Yu, Z., Lim, B. G. S., Tan, R. R. P., Kaji, H., & Ikeda, K.","Kaji, H.",1,4,数理AI,IEEE Access,2026,2026/01/12,https://ieeexplore.ieee.org/abstract/document/11345100,,
Jump Amplification of a Legged Jumping Robot with a Series Driven Catapult,"Itsuno, T., Takakuwa, R., Ito, F., *Doi, M.*, *Kondo, H.*, & Nakamura, T.","Itsuno, T., Takakuwa, R., Ito, F., Doi, M., Kondo, H., & Nakamura, T.","Doi, M.; Kondo, H.",2,2,ロボティクス,SII2026,2026,2026/01/11,#,,
Black-Box Optimization of the Storage Location Assignment Problem in Logistics Centers Using an Annealing Algorithm,"*Kigure, H.*, *Baba, T.*, *Taniguchi, M.*, & *Kaji, H.*","Kigure, H., Baba, T., Taniguchi, M., & Kaji, H.","Kigure, H.; Baba, T.; Taniguchi, M.; Kaji, H.",4,4,数理AI,IEEE Transactions on Quantum Engineering,2025,2025/12/19,https://ieeexplore.ieee.org/document/11304740,IF 4.6,1
Visual robot navigation adaptive to directional cues using vision-language models and conditional diffusion models,"*Nakaoka, S.*, *Tanada, K.*, *Tanaka, K.*, *Sugino, T.*, *Kondo, Y.*, & *Matsuzaki, S.*","Nakaoka, S., Tanada, K., Tanaka, K., Sugino, T., Kondo, Y., & Matsuzaki, S.","Nakaoka, S.; Tanada, K.; Tanaka, K.; Sugino, T.; Kondo, Y.; Matsuzaki, S.",6,2,ロボティクス,Advanced Robotics,2025,2025/12/14,https://www.tandfonline.com/doi/full/10.1080/01691864.2025.2599950,,
"Taxonomic Distribution of Alkane Synthesizing Aldehyde Dehydrogenases across Bacteria, Fungi, Plants, and Animals","*Ito, M.*, Sui, Y. A., Okada, N., Kitamura, N., Kishino, S., *Muramatsu, M.*, & Ogawa, J.","Ito, M., Sui, Y. A., Okada, N., Kitamura, N., Kishino, S., Muramatsu, M., & Ogawa, J.","Ito, M.; Muramatsu, M.",2,1,バイオヒューマン,Biotechnology for Biofuels and Bioproducts,2025,2025/12/12,https://link.springer.com/article/10.1186/s13068-025-02721-7,,
Identification and Characterization of Aldehyde-Producing Acyl-CoA Reductase Derived from Klebsiella Pneumoniae,"*Ito, M.*, Nakatani, Y., *Muramatsu, M.*, Ando, A., Kishino, S., & Ogawa, J.","Ito, M., Nakatani, Y., Muramatsu, M., Ando, A., Kishino, S., & Ogawa, J.","Ito, M.; Muramatsu, M.",2,1,バイオヒューマン,"Bioscience, Biotechnology, and Biochemistry",2025,2025/12/04,https://academic.oup.com/bbb/article-abstract/90/1/17/8314056?redirectedFrom=fulltext#544677827,,
A Class-E Direct AC–AC Converter with a Novel Pulse Modulation Strategy for Induction Heating,"Tsung, T.-H., *Dong, G.*, Lai, C.-M., Liu, S., Ying, Y., Luo, T., & Omori, H.","Tsung, T.-H., Dong, G., Lai, C.-M., Liu, S., Ying, Y., Luo, T., & Omori, H.","Dong, G.",1,2,ロボティクス,"2025 IEEE Transportation Electrification Conference and Expo, Asia-Pacific (ITEC Asia-Pacific)",2025,2025/11/25,https://ieeexplore.ieee.org/document/11345051,,
A Zero-Voltage Switching Approach for Low-Voltage Fully Gan-Based DC-Link Inverters in Robotic Brushless Motor Applications,"*Dong, G.*, *Sato, Y.*, & *Okumatsu, Y.*","Dong, G., Sato, Y., & Okumatsu, Y.","Dong, G.; Sato, Y.; Okumatsu, Y.",3,2,ロボティクス,"2025 IEEE Transportation Electrification Conference and Expo, Asia-Pacific (ITEC Asia-Pacific)",2025,2025/11/25,https://ieeexplore.ieee.org/document/11345038,,
A Multi-Input High-Gain DC-DC Converter with Hybrid Fuel Cell/Battery Generation for DC-MGs,"Lai, C.-M., Pan, M.-H., Chen, M.-Z., *Dong, G.*, & Omori, H.","Lai, C.-M., Pan, M.-H., Chen, M.-Z., Dong, G., & Omori, H.","Dong, G.",1,2,ロボティクス,2025 International Future Energy Electronics Conference (IFEEC),2025,2025/11/21,https://ieeexplore.ieee.org/abstract/document/11301572,,
D-CLING: Prior-Preserving Depth-Conditioned Fine-Tuning for Navigation Foundation Models,"*Nakaoka, S.*, *Kanai, T.*, & *Tanaka, K.*","Nakaoka, S., Kanai, T., & Tanaka, K.","Nakaoka, S.; Kanai, T.; Tanaka, K.",3,2,ロボティクス,Open World Navigation in Human-centric Environments@IEEE/RSJ International Conference on Intelligent Robots and Systems,2025,2025/10/20,https://openreview.net/forum?id=5EyugQdLCA,,
Self-Supervised Geometry-Guided Initialization for Robust Monocular Visual Odometry,"*Kanai, T.*, Vasiljevic, I., Guizilini, V., & *Shintani, K*","Kanai, T., Vasiljevic, I., Guizilini, V., & Shintani, K","Kanai, T.; Shintani, K",2,2,ロボティクス,2025 IEEE/RSJ International Conference on Intelligent Robots and Systems (IROS 2025),2025,2025/10/19,https://ieeexplore.ieee.org/document/11247022,Acceptance Rate 46%,1
Development of the Leg Structure with Concentrated Liquid-Cooling Actuators for Long-Term Operation,"Jin, T., Kobayashi, T., & *Doi, M.*","Jin, T., Kobayashi, T., & Doi, M.","Doi, M.",1,2,ロボティクス,2025 IEEE-RAS 24th International Conference on Humanoid Robots (Humanoids),2025,2025/09/30,https://ieeexplore.ieee.org/abstract/document/11203109,,
Where Do We Look When We Teach? Analyzing Human Gaze Behavior Across Demonstration Devices in Robot Imitation Learning,"*Ishida, Y.*, Matsubara, T., *Kanai, T.*, *Shintani, K.*, & *Bito, H.*","Ishida, Y., Matsubara, T., Kanai, T., Shintani, K., & Bito, H.","Ishida, Y.; Kanai, T.; Shintani, K.; Bito, H.",4,2,ロボティクス,H2R@CoRL 2025,2025,2025/09/27,https://sites.google.com/view/h2r-corl2025/home,,
Determinants of Users' Chance-Seeking Behavior in Search-Based Recommendation,"Ninomiya, Y., Sone, Y., Miwa, K., *Sumi, Y.*, *Nakanishi, R.*, *Mitsuda, E.*, *Sato, K.*, & *Odashima, T.*","Ninomiya, Y., Sone, Y., Miwa, K., Sumi, Y., Nakanishi, R., Mitsuda, E., Sato, K., & Odashima, T.","Sumi, Y.; Nakanishi, R.; Mitsuda, E.; Sato, K.; Odashima, T.",5,4,数理AI,The 19th ACM Conference on Recommender Systems,2025,2025/09/23,https://dl.acm.org/doi/10.1145/3705328.3748019,Acceptance Rate 20%,1
Scalable Multi-Agent Path Finding for Delivery Robot Systems with Temporal and Edge Capacity Constraints on Weighted Graphs,"*Yamaguchi, T.*, *Nishitani, I.*, *Ota, Y.*, Hoxha, B., & Fainekos, G.","Yamaguchi, T., Nishitani, I., Ota, Y., Hoxha, B., & Fainekos, G.","Yamaguchi, T.; Nishitani, I.; Ota, Y.",3,2,ロボティクス,2025 IEEE 21st International Conference on Automation Science and Engineering (CASE),2025,2025/08/18,https://ieeexplore.ieee.org/abstract/document/11164139,,
Scheduling on Identical Machines with Setup Time and Unknown Execution Time,"Kawase, Y.,Makino, K., *Phan, V.L.*, & Sumita, H.","Kawase, Y.,Makino, K., Phan, V.L., & Sumita, H.","Phan, V.L.",1,4,数理AI,The 19th International Symposium on Algorithms and Data Structures (WADS 2025),2025,2025/08/12,https://doi.org/10.4230/LIPIcs.WADS.2025.41,,
Metropolis-Hastings Sampling of Individual Schedules,"*Araki, M.*","Araki, M.","Araki, M.",1,4,数理AI,The 7th Bridging Transportation Researchers (BTR) Conference,2025,2025/08/06,#,,
Probability-Raising Causality for Uncertain Parametric Markov Decision Processes with PAC Guarantees,"*Oura, R.*, & Ito, Y.","Oura, R., & Ito, Y.","Oura, R.",1,4,数理AI,The 41st Conference on Uncertainty in Artificial Intelligence,2025,2025/07/22,https://dl.acm.org/doi/10.5555/3762387.3762529,Acceptance Rate 30.7%,1
A Forecasting Method Based on a Dynamical Approach and Time Series Data for Vehicle Service Parts Demand,"*Phan, V.L.*, *Taniguchi,M.*, ＆*Yabushita, H.*","Phan, V.L., Taniguchi,M., ＆Yabushita, H.","Phan, V.L.; Taniguchi,M.; Yabushita, H.",3,4,数理AI,The 11th International Conference on Time Series and Forecasting,2025,2025/07/16,https://www.mdpi.com/2673-4591/101/1/3,Recommended for the Springer’s Contributions to Statistics series,1
Hiding Structure of Reconstructed Network from Subgraphs Using Evolutionary Multi-Objective Optimization,"*Kaji, H.*, & Tanizawa, T.","Kaji, H., & Tanizawa, T.","Kaji, H.",1,4,数理AI,ACM GECCO2025 (Poster),2025,2025/07/14,https://dl.acm.org/doi/abs/10.1145/3712255.3726763,,
Robot Local Planner: A Periodic Sampling-Based Motion Planner with Minimal Waypoints for Home Environments,"*Takeshita, K.*, *Yamazaki, T.*, *Ono, T.*, & Yamamoto, T.","Takeshita, K., Yamazaki, T., Ono, T., & Yamamoto, T.","Takeshita, K.; Yamazaki, T.; Ono, T.",3,2,ロボティクス,2025 IEEE International Conference on Robotics and Automation (ICRA),2025,2025/05/19,https://ieeexplore.ieee.org/abstract/document/11128102,Acceptance Rate 39%,1
Sketch-MoMa: Teleoperation for Mobile Manipulator via Interpretation of Hand-Drawn Sketches,"*Tanada, K.*, *Iwanaga, Y.*, *Tsuchinaga, M.*, *Nakamura, Y.*, *Mori, T.*, Sakai, R., & Yamamoto, T.","Tanada, K., Iwanaga, Y., Tsuchinaga, M., Nakamura, Y., Mori, T., Sakai, R., & Yamamoto, T.","Tanada, K.; Iwanaga, Y.; Tsuchinaga, M.; Nakamura, Y.; Mori, T.",5,2,ロボティクス,2025 IEEE International Conference on Robotics and Automation (ICRA),2025,2025/05/19,https://ieeexplore.ieee.org/document/11128261,Acceptance Rate 39%,1
Improving Orb-Slam3 Performance in Textureless Environments: Mapping and Localization in Hospital Corridors,"*Sha, Z.*, Shiro, S., Shibamiya, K., *Shintani, K.*, & *Tanaka, K.*","Sha, Z., Shiro, S., Shibamiya, K., Shintani, K., & Tanaka, K.","Sha, Z.; Shintani, K.; Tanaka, K.",3,2,ロボティクス,The IEEE Conference on Artificial Intelligence,2025,2025/05/05,https://www.computer.org/csdl/proceedings-article/cai/2025/240000a723/289JleFPvr2,,
Performance or Governance? Serious Game and Workshop as a Tool for Fostering Awareness of Responsible AI,"*Kaji, H.*, Kuribayashi, J., Ohtani, H., & Ema, A.","Kaji, H., Kuribayashi, J., Ohtani, H., & Ema, A.","Kaji, H.",1,4,数理AI,ACM CHI2025 (Late Breaking Work),2025,2025/04/26,https://dl.acm.org/doi/full/10.1145/3706599.3719951,Acceptance Rate 32.8%,1
Wasserstein Non-Negative Matrix Factorization for Multi-Layered Graphs and its Application to Mobility Data,"*Kaji, H.*, & Ikeda, K.","Kaji, H., & Ikeda, K.","Kaji, H.",1,4,数理AI,IEEE Open Journal of Signal Processing,2025,2025/04/06,https://ieeexplore.ieee.org/abstract/document/10840315,,
Simultaneous Control of Cost Dynamics and Transport in Network Systems,"Oishi, K., Jimbo, T., *Kikuchi, S.*, *Date, Y.*, *Kaji H.*, & Kashima K.","Oishi, K., Jimbo, T., Kikuchi, S., Date, Y., Kaji H., & Kashima K.","Kikuchi, S.; Date, Y.; Kaji H.",3,4,数理AI,IEEE Access,2025,2025/03/17,https://ieeexplore.ieee.org/document/10928984,,
Subjective mapping of indoor plants based on leaf shape measurements to select suitable plants for indoor landscapes,"Tokuhiro, K., Sugimoto, H., Ikeuchi, A., Tsujie, T., Wada, E., *Muramatsu, M.*, *Ohto, C.*","Tokuhiro, K., Sugimoto, H., Ikeuchi, A., Tsujie, T., Wada, E., Muramatsu, M., Ohto, C.","Muramatsu, M.; Ohto, C.",2,1,バイオヒューマン,Building and Environment,2025,2025/03/06,https://www.sciencedirect.com/science/article/pii/S0360132325003105?via%3Dihub,IF 7.1,1
Comprehensive Modeling of Energy Transport Systems for Mooring-less Offshore Wind Power Considering Seasonal Oceanic Variations,"Sagawa, D., Tanaka, K., & *Kimura, K.*","Sagawa, D., Tanaka, K., & Kimura, K.","Kimura, K.",1,3,エネルギ,Complex Adaptive Systems (CAS2025),2025,2025/03/05,https://sites.mit.edu/cas2025/schedule/paper-index/,,
A Comparative Analysis of Offshore Wind Power Generation System Design Methods Based on Various Evaluation Metrics,"*Obata, K.*, *Kimura, K.*, Hiekata, K., & Nakashima, T.","Obata, K., Kimura, K., Hiekata, K., & Nakashima, T.","Obata, K.; Kimura, K.",2,3,エネルギ,Complex Adaptive Systems (CAS2025),2025,2025/03/05,https://sites.mit.edu/cas2025/schedule/paper-index/,,
Sketch Interface for Teleoperation of Mobile Manipulator to Enable Intuitive and Intended Operation: A Proof of Concept,"*Iwanaga, Y.*, *Tsuchinaga, M.*, *Tanada, K.*, *Nakamura, Y.*, *Mori, T.*, & Yamamoto T.","Iwanaga, Y., Tsuchinaga, M., Tanada, K., Nakamura, Y., Mori, T., & Yamamoto T.","Iwanaga, Y.; Tsuchinaga, M.; Tanada, K.; Nakamura, Y.; Mori, T.",5,2,ロボティクス,The 2025 ACM/IEEE International Conference on Human-Robot Interaction (HRI2025),2025,2025/03/01,https://dl.acm.org/doi/10.5555/3721488.3721516,"acceptance rate 25%, Sustainability Theme Recognition",1
Imitation-Regularized Optimal Transport on Networks: Provable Robustness and Application to Logistics Planning,"Oishi, K., Hashizume, Y.,*Jimbo, T.*, *Kaji, H.*,  & Kashima, K.","Oishi, K., Hashizume, Y.,Jimbo, T., Kaji, H.,  & Kashima, K.","Jimbo, T.; Kaji, H.",2,4,数理AI,IEEE Control Systems Letters,2025,2025/02/27,https://ieeexplore.ieee.org/document/10907921,,
Reinforcement Learning of Multi-robot Task Allocation for Multi-object Transportation with Infeasible Tasks,"*Shida, Y.*, *Jimbo, T.*, *Odashima, T.*, & Matsubara, T.","Shida, Y., Jimbo, T., Odashima, T., & Matsubara, T.","Shida, Y.; Jimbo, T.; Odashima, T.",3,4,数理AI,2025 IEEE/SICE International Symposium on System Integration (SII2025),2025,2025/01/24,https://ieeexplore.ieee.org/document/10870902,,
Task-priority Intermediated Hierarchical Distributed Policies: Reinforcement Learning of Adaptive Multi-robot Cooperative Transport,"Naito, Y., *Jimbo, T.*, *Odashima, T.*, & Matsubara, T.","Naito, Y., Jimbo, T., Odashima, T., & Matsubara, T.","Jimbo, T.; Odashima, T.",2,4,数理AI,2025 IEEE/SICE International Symposium on System Integration (SII2025),2025,2025/01/24,https://ieeexplore.ieee.org/document/10870944,,
Warped matrix-variate Gaussian processes with structured kernels for multi-step-ahead driving behaviour prediction,"*Takano, S.*, Jimbo, T.","Takano, S., Jimbo, T.","Takano, S.",1,4,数理AI,"SICE Journal of Control, Measurement, and System Integration",2025,2025/01/24,https://www.tandfonline.com/doi/full/10.1080/18824889.2025.2455222,,
Task and Motion Planning of Fetch-and-Carry Including Push-Aside Action Using Mixed Integer Linear Programming,"Kuribayashi, Y., Sowa, S., *Takeshita, K.*, & Yamazaki, K.","Kuribayashi, Y., Sowa, S., Takeshita, K., & Yamazaki, K.","Takeshita, K.",1,2,ロボティクス,2025 IEEE/SICE International Symposium on System Integration (SII2025),2025,2025/01/21,https://ieeexplore.ieee.org/abstract/document/10871037,,
Wasserstein Non-Negative Matrix Factorization for Multi-Layered Graphs and Its Application to Mobility Data,"*Kaji, H*. & Ikeda, K","Kaji, H. & Ikeda, K","Kaji, H",1,4,数理AI,IEEE Open Journal of Signal Processing,2025,2025/01/14,https://ieeexplore.ieee.org/document/10840315,,
Using Relational and Causality Context for Tasks with Specialized Vocabularies that are Challenging for LLMs,"*Nakanishi, R.*, Chen, Y., Chen, F., Klenk, M., Wu, C. C.","Nakanishi, R., Chen, Y., Chen, F., Klenk, M., Wu, C. C.","Nakanishi, R.",1,4,数理AI,Causality and Large Models (NeurIPS2024 Workshop),2024,2024/12/14,https://openreview.net/forum?id=pAWrQEdlxq,,
Real-time Detailed Self-collision Avoidance in Whole-body Model Predictive Control,"Jin, T., Kobayashi, T., & *Doi, M.*","Jin, T., Kobayashi, T., & Doi, M.","Doi, M.",1,2,ロボティクス,The 2024 IEEE-RAS International Conference on Humanoid Robots (Humanoids2024),2024,2024/11/22,https://ieeexplore.ieee.org/document/10769958,,
CHG-DAgger: Interactive Imitation Learning with Human-Policy Cooperative Control,"*Takahashi, T.*, *Ishida, Y.*, *Kanai, T.*, Kuppuswamy, N.","Takahashi, T., Ishida, Y., Kanai, T., Kuppuswamy, N.","Takahashi, T.; Ishida, Y.; Kanai, T.",3,2,ロボティクス,CoRoboLearn: Advancing Learning for Human-Centered Collaborative Robots (CoRL2024 Workshop),2024,2024/11/06,https://openreview.net/forum?id=nWiHRy3ZXy,,
Dirichlet Logistic Gaussian Process for Evaluation of Black-Box Stochastic Systems under Complex Specifications,"*Oura, R.*, & Ito, Y.","Oura, R., & Ito, Y.","Oura, R.",1,4,数理AI,27th European Conference on Artificial Intelligence (pp. 2027 - 2033),2024,2024/10/19,https://ebooks.iospress.nl/volumearticle/69814,acceptance rate 23%,1
Robust Imitation Learning for Mobile Manipulator Focusing on Task-Related Viewpoints and Regions,"*Ishida, Y.*, *Noguchi, Y.*, *Kanai, T.*, *Shintani, K.*, & *Bito, H.*","Ishida, Y., Noguchi, Y., Kanai, T., Shintani, K., & Bito, H.","Ishida, Y.; Noguchi, Y.; Kanai, T.; Shintani, K.; Bito, H.",5,2,ロボティクス,2024 IEEE/RSJ International Conference on Intelligent Robots and Systems (IROS),2024,2024/10/14,https://arxiv.org/abs/2410.01292,acceptance rate 47.5%,1
User Clustering for Pairwise Comparison with Missing Values Using Bradley-Terry Model and Consensus Clustering,"*Kaji, H.*","Kaji, H.","Kaji, H.",1,4,数理AI,"IEEE International Conference on Systems, Man, and Cybernetics (SMC2024)",2024,2024/10/06,https://www.ieeesmc2024.org/home,,
CLIP-Clique: Graph-Based Correspondence Matching Augmented by Vision Language Models for Object-Based Global Localization,"*Matsuzaki, S.*, *Tanaka, K.*, & *Shintani, K.*","Matsuzaki, S., Tanaka, K., & Shintani, K.","Matsuzaki, S.; Tanaka, K.; Shintani, K.",3,2,ロボティクス,IEEE Robotics and Automation Letters,2024,2024/10/03,https://ieeexplore.ieee.org/document/10705086,IF 4.6,1
Proposal for a Series-driven Catapult Using Soft Actuators to Increase the Jumping Height of Hyper Jumping Humanoid Robots,"Itsuno, T., Ishii, Y., *Doi, M.*, *Kondo, H.*, Ito, F., & Nakamura, T.","Itsuno, T., Ishii, Y., Doi, M., Kondo, H., Ito, F., & Nakamura, T.","Doi, M.; Kondo, H.",2,2,ロボティクス,Walking Robots into Real World. pp266-277,2024,2024/09/26,https://link.springer.com/chapter/10.1007/978-3-031-70722-3_27,,
Visual Properties and Perceived Restorativeness in Green Offices: A Photographic Evaluation of Office Environments with Varying Degrees of Greening,"Shibata, S., Tokuhiro, K., Ikeuchi, A., *Ito, M.*, *Kaji, H.*, & *Muramatsu, M.*","Shibata, S., Tokuhiro, K., Ikeuchi, A., Ito, M., Kaji, H., & Muramatsu, M.","Ito, M.; Kaji, H.; Muramatsu, M.",3,1,バイオヒューマン,"Frontiers in Psychology, 15, 1443540.",2024,2024/09/13,https://www.frontiersin.org/journals/psychology/articles/10.3389/fpsyg.2024.1443540/full,,
Online Motion Modification for Mobile Manipulators Based on Sequential Quadratic Programming,"Yamazaki, K., Iwasaki, T., Takase, Y., Arnold, S., & *Takeshita, K.*","Yamazaki, K., Iwasaki, T., Takase, Y., Arnold, S., & Takeshita, K.","Takeshita, K.",1,2,ロボティクス,2024 IEEE 20th International Conference on Automation Science and Engineering (CASE) (pp. 1483-1490). IEEE.,2024,2024/08/28,https://ieeexplore.ieee.org/document/10711447,,
Matrix-variate Gaussian Processes with Structured Kernels for Multi-step-ahead Driving Behavior Prediction,"*Takano, S.*, & *Jimbo, T.*","Takano, S., & Jimbo, T.","Takano, S.; Jimbo, T.",2,4,数理AI,SICE Festival 2024 with Annual Conference,2024,2024/08/27,https://ieeexplore.ieee.org/abstract/document/10805202,,
Task and motion planning using mixed integer linear programming for solving fetch-and-carry tasks by a mobile manipulator,"Suwa, S., *Takeshita, K.*, & Yamazaki, K.","Suwa, S., Takeshita, K., & Yamazaki, K.","Takeshita, K.",1,2,ロボティクス,"Advanced Robotics, 38(17), 1188–1201.",2024,2024/08/21,https://doi.org/10.1080/01691864.2024.2391831,,
Simple Tape-stripping Method for Highly Reliable and Quantitative Analysis of Skin Microbiome,"*Soga, N.*, Nagura, R., Nakamura, R., Kohda, K., Motoyama, Y., *Ito, M.*, Nakagawa, I., Nakajima, S., & Ikeuchi, A.","Soga, N., Nagura, R., Nakamura, R., Kohda, K., Motoyama, Y., Ito, M., Nakagawa, I., Nakajima, S., & Ikeuchi, A.","Soga, N.; Ito, M.",2,1,バイオヒューマン,"Experimental Dermatology, 33(8), e15154.",2024,2024/07/31,https://onlinelibrary.wiley.com/doi/10.1111/exd.15154,,
Exploration of Factors for Over-dependence on AI and Crisis Scenarios,"*Kaji, H.*, Kuribayashi, J., & Ema, A.","Kaji, H., Kuribayashi, J., & Ema, A.","Kaji, H.",1,4,数理AI,9th International Conference on Robot Ethics and Standards (ICRES2024),2024,2024/07/29,https://clawar.org/icres24/,,
Whole-body inverse kinematics robust to base position control error in mobile manipulators,"*Takeshita, K.*, & *Yamamoto, T.*","Takeshita, K., & Yamamoto, T.","Takeshita, K.; Yamamoto, T.",2,2,ロボティクス,"Advanced Robotics, 38(15), 1079–1092.",2024,2024/07/06,https://doi.org/10.1080/01691864.2024.2369816,,
CLIP-Loc: Multi-modal Landmark Association for Global Localization in Object-based Maps,"*Matsuzaki, S.*, *Sugino, T.*, *Tanaka K.*, *Sha Z.*, *Nakaoka S.*, *Yoshizawa S.*, & *Shintani K.*","Matsuzaki, S., Sugino, T., Tanaka K., Sha Z., Nakaoka S., Yoshizawa S., & Shintani K.","Matsuzaki, S.; Sugino, T.; Tanaka K.; Sha Z.; Nakaoka S.; Yoshizawa S.; Shintani K.",7,2,ロボティクス,2024 IEEE International Conference on Robotics and Automation (ICRA2024),2024,2024/05/16,https://arxiv.org/abs/2402.06092,,
Robust Self-Supervised Extrinsic Self-Calibration,"*Kanai, T.*, Vasiljevic, I., Guizilini, V., Gaidon, A., & Ambrus, R.","Kanai, T., Vasiljevic, I., Guizilini, V., Gaidon, A., & Ambrus, R.","Kanai, T.",1,2,ロボティクス,The 2023 IEEE/RSJ International Conference on Intelligent Robots and Systems (IROS 2023),2023,2023/10/02,https://sites.google.com/view/tri-sesc,,
Ultra-Low Inertia 6-DOF Manipulator Arm for Touching the World,"*Nishii, K.*,  *Hatano, A.*, & *Okumatsu, Y.*","Nishii, K.,  Hatano, A., & Okumatsu, Y.","Nishii, K.; Hatano, A.; Okumatsu, Y.",3,2,ロボティクス,2023 IEEE/RSJ International Conference on Intelligent Robots and Systems (IROS) (pp. 432-438). IEEE.,2023,2023/10/02,https://www.researchgate.net/publication/376509986_Ultra-Low_Inertia_6-DOF_Manipulator_Arm_for_Touching_the_World,,
Study on Reduced-Order Modeling Technique of Three-Phase Voltage Imbalance Model,"*Mori, J.*, *Saito, Y.*, & *Kaji, H.*","Mori, J., Saito, Y., & Kaji, H.","Mori, J.; Saito, Y.; Kaji, H.",3,3,エネルギ,2023 62nd Annual Conference of the Society of Instrument and Control Engineers (SICE) (pp. 736-741). IEEE.,2023,2023/09/08,https://www.researchgate.net/publication/376670567_Study_on_Reduced-Order_Modeling_Technique_of_Three-Phase_Voltage_Imbalance_Model,,
Checkmate: Fault Timing Localization for Multi-Robot Scenarios,"*Nishitani, I.*, Yamaguchi, T., & Hoxha, B.","Nishitani, I., Yamaguchi, T., & Hoxha, B.","Nishitani, I.",1,4,数理AI,2023 IEEE 19th International Conference on Automation Science and Engineering (CASE),2023,2023/08/26,https://ieeexplore.ieee.org/abstract/document/10260405,,
"MVA2023 Small Object Detection Challenge for Spotting Birds: Dataset, Methods, and Results","*Kondo, Y.*, Ukita, N., Yamaguchi, T., Hou, H.-Y., Shen, M.-Y., Hsu, C.-C.,  Huang, E.-M., Huang, Y.-C., Xia, Y.-C., Wang, C.-Y., Lee, C.-Y., Huo, D., Kastner, M. A., Liu, T., Kawanishi, Y., Hirayama, T., Komamizu, T., Ide, I., Shinya, Y., Liu, X., Liang, G., & Yasui, S. ","Kondo, Y., Ukita, N., Yamaguchi, T., Hou, H.-Y., Shen, M.-Y., Hsu, C.-C.,  Huang, E.-M., Huang, Y.-C., Xia, Y.-C., Wang, C.-Y., Lee, C.-Y., Huo, D., Kastner, M. A., Liu, T., Kawanishi, Y., Hirayama, T., Komamizu, T., Ide, I., Shinya, Y., Liu, X., Liang, G., & Yasui, S. ","Kondo, Y.",1,2,ロボティクス,18th International Conference on Machine Vision Applications (MVA 2023),2023,2023/07/24,https://ieeexplore.ieee.org/abstract/document/10215935,,
"Learning Locally, Communicating Globally: Reinforcement Learning of Multi-Robot Task Allocation for Cooperative Transport","Shibata, K, *Jimbo, T.*, *Odashima, T.*, *Takeshita, K.*, & Matsubara, T.","Shibata, K, Jimbo, T., Odashima, T., Takeshita, K., & Matsubara, T.","Jimbo, T.; Odashima, T.; Takeshita, K.",3,4,数理AI,"The 22nd World Congress of the International Federation of Automatic Control, TrB10.2",2023,2023/07/09,https://www.sciencedirect.com/science/article/pii/S240589632300798X,,
Decentralized Control for Heterogeneous Battery Energy Storage System,"Hakuta, Y., Amano, Y., *Jimbo, T.*, & Tomura, S.","Hakuta, Y., Amano, Y., Jimbo, T., & Tomura, S.","Jimbo, T.",1,4,数理AI,"The 22nd World Congress of the International Federation of Automatic Control, TrA10.6",2023,2023/07/09,https://arxiv.org/abs/2404.10439,,
Resilience Evaluation of Entropy Regularized Logistic Networks with Probabilistic Cost,"Oishi, K., Hashizume, Y., *Jimbo, T.*, *Kaji, H.*, & Kashima, K.","Oishi, K., Hashizume, Y., Jimbo, T., Kaji, H., & Kashima, K.","Jimbo, T.; Kaji, H.",2,4,数理AI,"The 22nd World Congress of the International Federation of Automatic Control, TuB04.1",2023,2023/07/09,https://www.sciencedirect.com/science/article/pii/S2405896323018505,,
Online motion planning based on swept volume search with replanning using sequential quadratic programming,"Iwasaki, T., Takase, Y., Arnold, S., *Takeshita, K.*, & Yamazaki, K.","Iwasaki, T., Takase, Y., Arnold, S., Takeshita, K., & Yamazaki, K.","Takeshita, K.",1,2,ロボティクス,"Advanced Robotics, 37(12), 737–750.",2023,2023/05/22,https://www.tandfonline.com/doi/full/10.1080/01691864.2023.2210207,,
Diversity and Compositional Differences of the Airborne Microbiome in a Biophilic Indoor Environment,"*Toyoda, A.*, *Shibata, U.*, *Matsuo, Y.*, *Terada, K.*, *Sugimoto, H.*, Higashi, K., Mori, H., *Ikeuchi, A.*, *Ito, M.*, Kurokawa, K., & *Katahira, S.*","Toyoda, A., Shibata, U., Matsuo, Y., Terada, K., Sugimoto, H., Higashi, K., Mori, H., Ikeuchi, A., Ito, M., Kurokawa, K., & Katahira, S.","Toyoda, A.; Shibata, U.; Matsuo, Y.; Terada, K.; Sugimoto, H.; Ikeuchi, A.; Ito, M.; Katahira, S.",8,1,バイオヒューマン,"Scientific Reports, 13, 8179 (2023)",2023,2023/05/20,https://www.nature.com/articles/s41598-023-34928-9,IF4.6,1
Alkane Production from Fatty Alcohols by the Combined Reactions Catalyzed by an Alcohol Dehydrogenase and an Aldehyde-deformylating Oxygenase,"Sui, Y., Maruyama, S., Okada, N., *Ito, M.*, *Muramatsu, M.*, *Obata, S.*, Ogawa, J., & Kishino, S.","Sui, Y., Maruyama, S., Okada, N., Ito, M., Muramatsu, M., Obata, S., Ogawa, J., & Kishino, S.","Ito, M.; Muramatsu, M.; Obata, S.",3,1,バイオヒューマン,"Bioscience, Biotechnology, and Biochemistry, 87, 8 (2023) 925–932,",2023,2023/05/08,https://academic.oup.com/bbb/article-abstract/87/8/925/7157094?redirectedFrom=fulltext,,
Substitute Tool Select Method using Contact Force Data Trained Neural Network Model,"*Takahashi, T.*, *Ishida, Y.*, *Mima, N.*,  *Takeshita, K.*, *Asahara, Y*., *Bitoh, H.*, & *Kajima, H.*","Takahashi, T., Ishida, Y., Mima, N.,  Takeshita, K., Asahara, Y., Bitoh, H., & Kajima, H.","Takahashi, T.; Ishida, Y.; Mima, N.; Takeshita, K.; Asahara, Y; Bitoh, H.; Kajima, H.",7,2,ロボティクス,The 2023 IEEE/SICE International Symposium on System Integrations (SII 2023),2023,2023/01/18,https://ieeexplore.ieee.org/document/10039370,,
Mobile Manipulation System with Cyclic Whole-body Trajectory Planning,"*Takeshita, K.*, & *Yamamoto, T.*","Takeshita, K., & Yamamoto, T.","Takeshita, K.; Yamamoto, T.",2,2,ロボティクス,The 28th Robotics Symposia,2023,2023/03/15,http://www.robotics-symposia.org/28th/,,
A Continuous Integration Based Simulation Environment for Home Support Robot and its Application to RoboCup Competition,"Matsusaka, Y., Contreras, L., Okada, H, *Iwanaga, Y.*, & *Yamamoto, T.*","Matsusaka, Y., Contreras, L., Okada, H, Iwanaga, Y., & Yamamoto, T.","Iwanaga, Y.; Yamamoto, T.",2,2,ロボティクス,The 2023 IEEE/SICE International Symposium on System Integrations (SII 2023),2023,2023/01/19,https://ieeexplore.ieee.org/document/10039207,,
Towards general-purpose service robots: World Robot Summit – Partner Robot Challenge,"Contreras, L., *Yamamoto, T.*,  Matsusaka, Y., & Okada, H.","Contreras, L., Yamamoto, T.,  Matsusaka, Y., & Okada, H.","Yamamoto, T.",1,2,ロボティクス,"Advanced Robotics　Volume 36, 2022 - Issue 17-18",2022,2022/08/12,https://www.tandfonline.com/doi/abs/10.1080/01691864.2022.2109428,,
Utilizing Alcohol for Alkane Biosynthesis by Introducing a Fatty Alcohol Dehydrogenase,"Sui YA., Kishino S., Maruyama S., *Ito M.*, *Muramatsu M.*, *Obata S.*, & Ogawa J.","Sui YA., Kishino S., Maruyama S., Ito M., Muramatsu M., Obata S., & Ogawa J.",Ito M.; Muramatsu M.; Obata S.,3,1,バイオヒューマン,"Applied and Environmental Microbiology Volume 88, (23) ",2022,2022/12/13,https://journals.asm.org/doi/10.1128/aem.01264-22,,
Development of Low-inertia Backdrivable Arm Focusing on Learning-based Control,"*Nishiura, M.*, *Hatano, A.*, *Nishii, K.*, & *Okumatsu, Y.*","Nishiura, M., Hatano, A., Nishii, K., & Okumatsu, Y.","Nishiura, M.; Hatano, A.; Nishii, K.; Okumatsu, Y.",4,2,ロボティクス,The 2022 IEEE/RSJ International Conference on Intelligent Robots and Systems (IROS 2022),2022,2022/10/26,https://ieeexplore.ieee.org/document/9981337,,
Software Development Environment for Collaborative Research Workflow in Robotic System Integration,"El Hafi, L., Garcia Ricardez, G. A., von Drigalski, F., Inoue, Y., Yamamoto, M., & *Yamamoto, T.*","El Hafi, L., Garcia Ricardez, G. A., von Drigalski, F., Inoue, Y., Yamamoto, M., & Yamamoto, T.","Yamamoto, T.",1,2,ロボティクス,"Advanced Robotics, 36(11), 533-547",2022,2022/06/04,https://www.tandfonline.com/doi/full/10.1080/01691864.2022.2068353,,
Effect of Indoor Forest Bathing on Reducing Feelings of Fatigue Using Cerebral Activity as an Indicator,"*Imamura, C.*, *Sakakibara, K.*, *Arai, K.*, Ohira, H., *Yamaguchi, Y.*, & *Yamada, H.*","Imamura, C., Sakakibara, K., Arai, K., Ohira, H., Yamaguchi, Y., & Yamada, H.","Imamura, C.; Sakakibara, K.; Arai, K.; Yamaguchi, Y.; Yamada, H.",5,1,バイオヒューマン,"International Journal of Environmental Research and Public Health, 19(11), 6672",2022,2022/05/30,https://www.mdpi.com/1660-4601/19/11/6672,,
Cooperative Transportation using Multiple Single-Rotor Robots and Decentralized Control for Unknown Payloads,"Oishi, K., Amano, Y., & *Jimbo, T.*","Oishi, K., Amano, Y., & Jimbo, T.","Jimbo, T.",1,4,数理AI,2022 International Conference on Robotics and Automation (ICRA) (pp. 2024-2030). IEEE,2022,2022/05/23,https://doi.org/10.1109/ICRA46639.2022.9811768,,
Edge Sampling of Graphs Based on Edge Smoothness,"Yanagiya, K., Yamada. K., *Katsuhara, Y.*, *Takatani, T*., & Tanaka, Y.","Yanagiya, K., Yamada. K., Katsuhara, Y., Takatani, T., & Tanaka, Y.","Katsuhara, Y.; Takatani, T",2,4,数理AI,"ICASSP 2022-2022 IEEE International Conference on Acoustics, Speech and Signal Processing (ICASSP) (pp. 5932-5936). IEEE",2022,2022/05/22,https://ieeexplore.ieee.org/document/9747724,,
Fair and Truthful Mechanism with Limited Subsidy,"*Goko, H.*, Igarashi, A., Kawase Y., Makino, K., Sumita, H., Tamura, A., Yokoi, Y., & Yokoo, M.","Goko, H., Igarashi, A., Kawase Y., Makino, K., Sumita, H., Tamura, A., Yokoi, Y., & Yokoo, M.","Goko, H.",1,4,数理AI,"International Conference on Autonomous Agents and Multi-Agent Systems 2022, 534-542.",2022,2022/05/09,https://ifaamas.org/Proceedings/aamas2022/pdfs/p534.pdf,,
Online Scheduling on Identical Machines with a Metric State Space,"*Goko, H.*, Kawamura A., Kawase, Y., Makino, K., & Sumita, H.","Goko, H., Kawamura A., Kawase, Y., Makino, K., & Sumita, H.","Goko, H.",1,4,数理AI,"39th International Symposium on Theoretical Aspects of Computer Science (STACS 2022), 219, 32:1-32:21.",2022,2022/03/15,https://drops.dagstuhl.de/opus/volltexte/2022/15842/,,
Maximally Satisfying Lower Quotas in the Hospitals/Residents Problem with Ties,"*Goko H.*, Makino, K., Miyazaki, S., & Yokoi, Y.","Goko H., Makino, K., Miyazaki, S., & Yokoi, Y.",Goko H.,1,4,数理AI,"39th International Symposium on Theoretical Aspects of Computer Science (STACS 2022), 219, 31:1-31:20.",2022,2022/03/15,https://drops.dagstuhl.de/opus/volltexte/2022/15841/,,
Stress Isolation Suspension for Silicon-on-Insulator 3-Axis Accelerometer Designed by Topology Optimization Method,"Fujiyoshi, M., Kawamoto, A., Hashimoto, S., Omura, Y., Funabashi, H., Ohira, Y., Hata, Y., Ozaki, T., Akashi, T., Nonomura, Y., Nakayama, T., & *Yamada, H.*","Fujiyoshi, M., Kawamoto, A., Hashimoto, S., Omura, Y., Funabashi, H., Ohira, Y., Hata, Y., Ozaki, T., Akashi, T., Nonomura, Y., Nakayama, T., & Yamada, H.","Yamada, H.",1,2,ロボティクス,"IEEE Sensors Journal, 22(5), 3965-3973",2022,2022/01/11,https://ieeexplore.ieee.org/document/9676617,,
Light Management for Enhancing Optical Gain in a Solar‐Pumped Fiber Laser Employing a Solid‐State Luminescent Solar Concentrator,"*Masuda, T.*, Aoyagi, K., Dottermusch, S., Howard, I. A., Richards, B. S., & Endo, M.","Masuda, T., Aoyagi, K., Dottermusch, S., Howard, I. A., Richards, B. S., & Endo, M.","Masuda, T.",1,3,エネルギ,"Advanced Photonics Research, 2100214",2021,2021/12/18,https://onlinelibrary.wiley.com/doi/full/10.1002/adpr.202100214,,
実用/社会インフラ (モビリティコネ～クティッド・シティ),*増田 泰造*,増田 泰造,増田 泰造,1,3,エネルギ,"応用物理 90 (12), 758-762",2021,2021/12/01,https://www.jstage.jst.go.jp/article/oubutsu/90/12/90_758/_article/-char/ja/,Invited paper,1
Analysis of average consensus of multi-agent systems with time delay using packet selection and synchronization protocol,"*Kikuchi, S.*, Kawanishi, M., Ngoc, T. H., Nguyen, B. M., & Narikiyo, T.","Kikuchi, S., Kawanishi, M., Ngoc, T. H., Nguyen, B. M., & Narikiyo, T.","Kikuchi, S.",1,3,エネルギ,ISA Transactions,2021,2021/11/25,https://www.sciencedirect.com/science/article/abs/pii/S0019057821005851,,
Energy Yield Enhancement by Switched Capacitor Converter-Based Differential Power Processing Converter Utilizing Diffusion Capacitance of Curved Photovoltaic Panels,"Honda, K., Uno, M., & *Urabe, S.*","Honda, K., Uno, M., & Urabe, S.","Urabe, S.",1,3,エネルギ,"IEEJ Transactions on Industry Applications, vol. 141, issue 10, pp. 835-843",2021,2021/10/01,https://www.jstage.jst.go.jp/article/ieejias/141/10/141_835/_article/-char/ja/,,
Analysis of temperature coefficients and their effect on efficiency of solar cell modules for photovoltaics-powered vehicles,"Yamaguchi, M., *Masuda, T.*, Araki, K., Ota, Y., Nishioka, K., Takamoto, T., Thiel, C., Tsakalidis, A., Jaeger-Waldau, A., *Okumura, K.*, *Sato, A.*, *Nakado, T.*, *Yamada, K.*, Zushi, Y., Tanimoto, T., Nakamura, K., Ozaki, R., Kojima, N., and & Ohshita, Y.","Yamaguchi, M., Masuda, T., Araki, K., Ota, Y., Nishioka, K., Takamoto, T., Thiel, C., Tsakalidis, A., Jaeger-Waldau, A., Okumura, K., Sato, A., Nakado, T., Yamada, K., Zushi, Y., Tanimoto, T., Nakamura, K., Ozaki, R., Kojima, N., and & Ohshita, Y.","Masuda, T.; Okumura, K.; Sato, A.; Nakado, T.; Yamada, K.",5,3,エネルギ,"Journal of Physics D: Applied Physics 54 (50), 504002",2021,2021/09/29,https://iopscience.iop.org/article/10.1088/1361-6463/ac1ef8/meta,,
Static Low-concentrator Photovoltaic Combined with Luminescent Solar Concentrator,"*Tomizawa, R.*, Sato, D., Yamada, N., *Masuda, T.*","Tomizawa, R., Sato, D., Yamada, N., Masuda, T.","Tomizawa, R.; Masuda, T.",2,3,エネルギ,11th SORALIS 2021,2021,2021/09/28,http://www.solaris2021.com/pdf/Program_20210915_Final.pdf,Best presentation award,1
An In Vitro Mixed Infection Model With Commensal and Pathogenic Staphylococci for the Exploration of Interspecific Interactions and Their Impacts on Skin Physiology,"*Kohda, K.*, Li, X., *Soga, N.*, *Nagura, R.*, Duerna, T., Nakajima, S., Nakagawa, I., *Ito, M.* & *Ikeuchi, A.*","Kohda, K., Li, X., Soga, N., Nagura, R., Duerna, T., Nakajima, S., Nakagawa, I., Ito, M. & Ikeuchi, A.","Kohda, K.; Soga, N.; Nagura, R.; Ito, M.; Ikeuchi, A.",5,1,バイオヒューマン,"Frontiers in Cellular and Infection Microbiology, 11",2021,2021/09/16,https://www.frontiersin.org/articles/10.3389/fcimb.2021.712360/full,IF 5.293,1
Characteristics of Ammonia Spray Injected by Pressure-Swirl Atomizers,"Fan, Y., Ohtomo, M., *Kasuga, S.*, Iki, N., Kurata, O., Tsujimura, T., & Furutani, H.","Fan, Y., Ohtomo, M., Kasuga, S., Iki, N., Kurata, O., Tsujimura, T., & Furutani, H.","Kasuga, S.",1,3,エネルギ,"International Conference on Liquid Atomization and Spray Systems (ICLASS) (Vol. 1, No. 1)",2021,2021/08/01,http://journals.ed.ac.uk/ICLASS_Edinburgh/article/view/5930/7777,,
Environmentally friendly thermoelectric sulphide Cu2ZnSnS4 single crystals achieving a 1.6 dimensionless figure of merit ZT,"Nagaoka, A., Yoshino, K., *Masuda, T.*, Sparks, T. D., Scarpulla, M. A., & Nishioka, K.","Nagaoka, A., Yoshino, K., Masuda, T., Sparks, T. D., Scarpulla, M. A., & Nishioka, K.","Masuda, T.",1,3,エネルギ,"JOURNAL OF MATERIALS CHEMISTRY A 9 (28), 15595-15604",2021,2021/07/28,https://pubs.rsc.org/en/content/articlelanding/2021/ta/d1ta02978a,Achieving record high ZT value of 1.6 around 800 K,1
Solar Pumping of Fiber Lasers with Solid‐State Luminescent Concentrators: Design Optimization by Ray Tracing,"Dottermusch, S., *Masuda, T.*, Endo, M., Richards, B. S., & Howard, I. A.","Dottermusch, S., Masuda, T., Endo, M., Richards, B. S., & Howard, I. A.","Masuda, T.",1,3,エネルギ,"Advanced Optical Materials 9 (12), 2100479",2021,2021/05/06,https://onlinelibrary.wiley.com/doi/full/10.1002/adom.202100479,Featured on the cover of a journal,1
Well-being を目指した Genki 空間® 研究の取り組み,*池内 暁紀*,池内 暁紀,池内 暁紀,1,1,バイオヒューマン,新都市 5月号,2021,2021/05/01,https://www.tokeikyou.or.jp/books/shintoshi.html,,
光吸収膜による干渉効果を活用した着色太陽電池,*増田 泰造*,増田 泰造,増田 泰造,1,3,エネルギ,"応用物理 90 (2), 107-111",2021,2021/02/01,https://www.jstage.jst.go.jp/article/oubutsu/90/2/90_107/_article/-char/ja/,Invited paper,1
Stretchable micro-scale concentrator photovoltaic module with 15.4% efficiency for three-dimensional curved surfaces,"Sato, D., *Masuda, T.*, Araki, K., Yamaguchi, M.,* Okumura, K*., *Sato, A.*,*Tomizawa, R.*, & Yamada, N.","Sato, D., Masuda, T., Araki, K., Yamaguchi, M., Okumura, K., Sato, A.,Tomizawa, R., & Yamada, N.","Masuda, T.; Okumura, K; Sato, A.; Tomizawa, R.",4,3,エネルギ,"Communications Materials 2 (1), 1-11",2021,2021/01/18,https://www.nature.com/articles/s43246-020-00106-x,Nature research journal,1
Online motion generation using accumulated swept volumes,"Zhu, R., Nagahama, K., *Takeshita, K.*, & Yamazaki, K.","Zhu, R., Nagahama, K., Takeshita, K., & Yamazaki, K.","Takeshita, K.",1,2,ロボティクス,"Advanced Robotics, 35(6), 368–380.",2020,2020/12/23,https://doi.org/10.1080/01691864.2020.1863260,,
Traffic Impact Analysis of a Deep Reinforcement Learning-Based Multi-Lane Freeway Vehicle Control,"*Kataoka, Y.*, Yang, H.,Keshavamurthy, S., *Nishitani, I.* & Oguchi, K. ","Kataoka, Y., Yang, H.,Keshavamurthy, S., Nishitani, I. & Oguchi, K. ","Kataoka, Y.; Nishitani, I.",2,4,数理AI,2020 IEEE 23rd International Conference on Intelligent Transportation Systems (ITSC) (pp. 1-6). IEEE.,2020,2020/09/22,https://ieeexplore.ieee.org/document/9294244,,
Development of High-efficiency and Low-cost Solar Cells for PV-Powered Vehicles Applications,"Yamaguchi, M., *Masuda, T.*, Araki, K., Sato, D., Lee, K. H., Kojima, N., Takamoto, T., *Okumura, K.*, *Satou, A.*, Yamada, K., Nakado, T., Zushi, Y., Ohshita, Y., & Yamazaki, M.","Yamaguchi, M., Masuda, T., Araki, K., Sato, D., Lee, K. H., Kojima, N., Takamoto, T., Okumura, K., Satou, A., Yamada, K., Nakado, T., Zushi, Y., Ohshita, Y., & Yamazaki, M.","Masuda, T.; Okumura, K.; Satou, A.",3,3,エネルギ,Progress in Photovoltaics: Research and Applications,2020,2020/09/21,https://onlinelibrary.wiley.com/doi/abs/10.1002/pip.3343,Best Poster Award,1
Application of Simulation-Based Methods on Autonomous Vehicle Control with Deep Neural Network,"*Yuji, D.*, *Takeshi, B.*, Bardh, H., *Tomoya, Y*., & Danil, P.","Yuji, D., Takeshi, B., Bardh, H., Tomoya, Y., & Danil, P.","Yuji, D.; Takeshi, B.; Tomoya, Y",3,4,数理AI,EMBEDDED SYSTEMS WEEK 2020,2020,2020/09/21,https://ieeexplore.ieee.org/document/9244013,,
Well-beingを目指したバイオフィリア空間の研究,*片平 悟史*,片平 悟史,片平 悟史,1,1,バイオヒューマン,ビルと環境170号,2020,2020/09/01,https://www.jahmec.or.jp/shoseki/kikan/kikanshi170.html,,
Binary Classification from Positive Data with Skewed Confidence,"*Shinoda, K.*, *Kaji, H.*, & Sugiyama, M.","Shinoda, K., Kaji, H., & Sugiyama, M.","Shinoda, K.; Kaji, H.",2,4,数理AI,In the Twenty-Ninth International Joint Conference on Artificial Intelligence (IJCAI) (pp. 3328-3334).,2020,2020/07/11,https://www.ijcai.org/Proceedings/2020/460,Acceptance Rate 12.6%,1
All-inorganic cesium lead halide perovskite nanocrystals for solar-pumped laser application,"*Masuda, T.*, Zhang, Y., Ding, C., Liu, F., *Sasaki, K.*, Shen, Q., & Endo, M.","Masuda, T., Zhang, Y., Ding, C., Liu, F., Sasaki, K., Shen, Q., & Endo, M.","Masuda, T.; Sasaki, K.",2,3,エネルギ,"Journal of Applied Physics, 127(24), 243104",2020,2020/06/24,https://aip.scitation.org/doi/full/10.1063/5.0011945,,
群体数理技術検討会―新しい産学連携の試み,"*川本 敦史*, *吉澤 真太郎*, 白石 允梓, 西森 拓","川本 敦史, 吉澤 真太郎, 白石 允梓, 西森 拓",川本 敦史; 吉澤 真太郎,2,4,数理AI,"応用数理, 30巻、2号、pp. 37-42, 2020",2020,2020/06/24,https://www.jstage.jst.go.jp/article/bjsiam/30/2/30_37/_article/-char/ja,,
Evaluation of impression difference of a domestic mobile manipulator with autonomous and/or remote control in fetch-and-carry tasks,"*Yamamoto, T.*, Yaguchi, H., Kato, S., & Okada, H.","Yamamoto, T., Yaguchi, H., Kato, S., & Okada, H.","Yamamoto, T.",1,2,ロボティクス,"Advanced Robotics, 34(20), 1291-1308.",2020,2020/06/17,https://www.tandfonline.com/doi/abs/10.1080/01691864.2020.1780152?journalCode=tadr20,,
Deep Merging: Vehicle Merging Controller Based on Deep Reinforcement Learning with Embedding Network,"*Nishitani, I.*, Yang, H., Guo, R., Keshavamurthy, S., & Oguchi, K. ","Nishitani, I., Yang, H., Guo, R., Keshavamurthy, S., & Oguchi, K. ","Nishitani, I.",1,4,数理AI,In 2020 IEEE International Conference on Robotics and Automation (ICRA) (pp. 216-221). IEEE.,2020,2020/06/01,https://ieeexplore.ieee.org/abstract/document/9197559/,,
Surface-modified graphene oxide/lead sulfide hybrid film-forming ink for high efficiency bulk nano-heterojunction colloidal quantum dot solar cells,"Zhang, Y., Wu, G., Ding, C., Liu, F., Liu, D., *Masuda, T.*, Yoshino, K., Hayase, S., Wang, R., & Shen, Q.","Zhang, Y., Wu, G., Ding, C., Liu, F., Liu, D., Masuda, T., Yoshino, K., Hayase, S., Wang, R., & Shen, Q.","Masuda, T.",1,3,エネルギ,"Nano-Micro Letters, 12(1)",2020,2020/05/16,https://link.springer.com/article/10.1007/s40820-020-00448-8,,
Field-Based Assist-As-Needed Control Schemes for Rehabilitation Robots,"Hamed Jabbari Asl, *Masashi Yamashita*, Tatsuo Narikiyo, Michihiro Kawanishi","Hamed Jabbari Asl, Masashi Yamashita, Tatsuo Narikiyo, Michihiro Kawanishi",Masashi Yamashita,1,2,ロボティクス,"IEEE/ASME Transactions on Mechatronics, vol. 25, pp. 2100-2111, 2020",2020,2020/05/01,https://ieeexplore.ieee.org/document/9085926,,
Li-ion transport at the interface between a graphite anode and Li2CO3 solid electrolyte interphase: ab initio molecular dynamics study,"*Takeshi Baba*, Keitaro Sodeyama, *Yoshiumi Kawamura*, and Yoshitaka Tateyama","Takeshi Baba, Keitaro Sodeyama, Yoshiumi Kawamura, and Yoshitaka Tateyama",Takeshi Baba; Yoshiumi Kawamura,2,4,数理AI,"Physical Chemistry Chemical Physics, 2020,22, 10764-10774 ",2020,2020/03/31,https://pubs.rsc.org/en/content/articlelanding/2020/cp/c9cp06608j/unauth#!divAbstract,,
A fully planar solar pumped laser based on a luminescent solar collector,"*Masuda, T.*, Iyoda, M., Yasumatsu, Y., Dottermusch, S., Howard, I. A., Richards, B. S., Bisson, J & Endo, M.","Masuda, T., Iyoda, M., Yasumatsu, Y., Dottermusch, S., Howard, I. A., Richards, B. S., Bisson, J & Endo, M.","Masuda, T.",1,3,エネルギ,"Communications Physics, 3(1), 1--6",2020,2020/03/27,https://www.nature.com/articles/s42005-020-0326-2,,
Friction Modelling of Strain Wave Gear by Deep Learning with Multi Sampling Data for Torque Sensor-less Impedance Control,"*Takahashi, T.*, *Okumatsu, Y.*, *Itozawa, Y.*, *Iwamoto, K.*, *Oikawa, S.*, *Kosaka, Y.*& *Bito, H.*","Takahashi, T., Okumatsu, Y., Itozawa, Y., Iwamoto, K., Oikawa, S., Kosaka, Y.& Bito, H.","Takahashi, T.; Okumatsu, Y.; Itozawa, Y.; Iwamoto, K.; Oikawa, S.; Kosaka, Y.; Bito, H.",7,2,ロボティクス,"The 6th IEEJ International Workshop on Sensing, Actuation, Motion Control, and Optimization(SAMCON), TT-4, 2020",2020,2020/03/16,https://www.bookpark.ne.jp/cm/ieej/detail/IEEJ-SAMCON2020TT-4-PDF/,,
Evaluation of the Physiological Effects of Fragrances in a Visual Search Task,"*Kiyomi Sakakibara*, Katsuhiko Nakajima, Koichiro Iwai, Kazuhiro Kato, Kazumi Hayakawa, Keisuke Suzuki","Kiyomi Sakakibara, Katsuhiko Nakajima, Koichiro Iwai, Kazuhiro Kato, Kazumi Hayakawa, Keisuke Suzuki",Kiyomi Sakakibara,1,1,バイオヒューマン,2020 IEEE 2nd Global Conference on Life Sciences and Technologies,2020,2020/03/10,http://www.ieee-lifetech.org/2020/index.html,"3rd Prize, Excellent Poster Award",1
Formation of periodic ribbed or lattice structures in topology optimization assisted by biological pattern formation,"*Fukada, Y.* ","Fukada, Y. ","Fukada, Y.",1,5,革新的構造,"Springer Nature, Structural and Multidisciplinary Optimization, Vol. 61, Issue 3, pp.1171-1185. ",2020,2020/03/01,http://dx.doi.org/10.1007/s00158-019-02418-0,,
Support-free robust topology optimization based on pseudo-inverse stiffness matrix and eigenvalue analysis,"*Fukada, Y.* ","Fukada, Y. ","Fukada, Y.",1,5,革新的構造,"Springer Nature, Structural and Multidisciplinary Optimization, Vol. 61, Issue 1, pp.59-76. ",2020,2020/01/01,https://doi.org/10.1007/s00158-019-02345-0,,
Human support robot as research platform of domestic mobile manipulator,"*Yamamoto, T.*, *Takagi, Y.*, *Ochiai, A.*, *Iwamoto, K.*, *Itozawa, Y.*, *Asahara, Y.*, *Yokochi, Y.*, & *Ikeda, K.*","Yamamoto, T., Takagi, Y., Ochiai, A., Iwamoto, K., Itozawa, Y., Asahara, Y., Yokochi, Y., & Ikeda, K.","Yamamoto, T.; Takagi, Y.; Ochiai, A.; Iwamoto, K.; Itozawa, Y.; Asahara, Y.; Yokochi, Y.; Ikeda, K.",8,2,ロボティクス,"Robot World Cup XXIII. RoboCup 2019. Lecture Notes in Computer Science, vol 11531. Springer, Cham. ",2019,2019/12/01,https://rd.springer.com/chapter/10.1007/978-3-030-35699-6_37,,
A data-driven approach to probabilistic impedance control for humanoid robots,"Takano, W., Kanayama, H., *Takahashi, T.*, *Moridaira, T. *& Nakamura, Y.","Takano, W., Kanayama, H., Takahashi, T., Moridaira, T. & Nakamura, Y.","Takahashi, T.; Moridaira, T.",2,2,ロボティクス,"Robotics and Autonomous Systems, 124, 103353.",2019,2019/11/06,https://www.sciencedirect.com/science/article/pii/S0921889019305354,,
A Synchronizing Approach for Non-Uniform Time-Varying Communication Delays on the Average Consensus of Multi Agent System,"*Kikuchi, S.*, Ngoc, T. H., Kawanishi, M., & Narikiyo, T. ","Kikuchi, S., Ngoc, T. H., Kawanishi, M., & Narikiyo, T. ","Kikuchi, S.",1,3,エネルギ,"2019 IEEE Vehicle Power and Propulsion Conference (VPPC), 1--6",2019,2019/10/14,https://ieeexplore.ieee.org/abstract/document/8952521,,
Towards multi-person motion forecasting: IMU based motion capture approach,"*Katsuhara, Y.*, & *Kaji, H.*","Katsuhara, Y., & Kaji, H.","Katsuhara, Y.; Kaji, H.",2,4,数理AI, In Adjunct Proceedings of the 2019 ACM International Joint Conference on Pervasive and Ubiquitous Computing and Proceedings of the 2019 ACM International Symposium on Wearable Computers (pp. 97-100).,2019,2019/09/09,https://dl.acm.org/doi/abs/10.1145/3341162.3343776,,
An Assist-as-Needed Impedance Controller for Rehabilitation Robots,"Hamed Jabbari Asl, *Masashi Yamashita*, Tatsuo Narikiyo","Hamed Jabbari Asl, Masashi Yamashita, Tatsuo Narikiyo",Masashi Yamashita,1,2,ロボティクス,"Interactive Collaborative Robotics – 4th International Conference, ICR 2019, Istanbul, Turkey, August 20-25, 2019, Proceedings 109-118",2019,2019/08/20,https://rd.springer.com/chapter/10.1007%2F978-3-030-26118-4_11,,
Daytime Sleepiness Level Prediction Using Respiratory Information,"*Shinoda, K.*, *Yoshii, M.*, *Yamaguchi, H.*, & *Kaji, H.*","Shinoda, K., Yoshii, M., Yamaguchi, H., & Kaji, H.","Shinoda, K.; Yoshii, M.; Yamaguchi, H.; Kaji, H.",4,4,数理AI,In the Twenty-Eighth International Joint Conference on Artificial Intelligence (IJCAI) (pp. 5967-5974).,2019,2019/08/10,https://www.ijcai.org/Proceedings/2019/827,Acceptance Rate 17.9%,1
A Method of Online Motion Generation Using Swept Volumes Collected in Advance,"Zhu, R., Nagahama, K., *Takeshita, K.*, & Yamazaki, K.","Zhu, R., Nagahama, K., Takeshita, K., & Yamazaki, K.","Takeshita, K.",1,2,ロボティクス,In 2019 IEEE International Conference on Mechatronics and Automation (ICMA) (pp. 1842-1847). IEEE. ,2019,2019/08/04,https://ieeexplore.ieee.org/document/8816341,,
Multiplexed CRISPR-Cas9 genome editing of Rhodosporidium toruloides,"Peter B. Otoupal, *Masakazu Ito*, Adam P. Arkin, Jon K. Magnuson, John M. Gladden, Jeffrey M. Skerker","Peter B. Otoupal, Masakazu Ito, Adam P. Arkin, Jon K. Magnuson, John M. Gladden, Jeffrey M. Skerker",Masakazu Ito,1,1,バイオヒューマン,mSphere 00099-19,2019,2019/06/01,https://msphere.asm.org/content/4/2/e00099-19,,
Cloning of a novel gene involved in alkane biosynthesis from Klebsiella sp,"*Masakazu Ito*, Hiromi Kambe, Ai Sawagashira, Shigenobu Kishino, Michiki Takeuchi, Akinori Ando, *Masayoshi Muramatsu*, Jun Ogawa","Masakazu Ito, Hiromi Kambe, Ai Sawagashira, Shigenobu Kishino, Michiki Takeuchi, Akinori Ando, Masayoshi Muramatsu, Jun Ogawa",Masakazu Ito; Masayoshi Muramatsu,2,1,バイオヒューマン,"Applied Microbiology and Biotechnology volume 103, pages5917–5923(2019)",2019,2019/05/20,https://rd.springer.com/article/10.1007/s00253-019-09900-1,,
Monoterpene production by the carotenogenic yeast Rhodosporidium toruloides,"Xun Zhuang, Oliver Kilian, Eric Monroe, *Masakazu Ito*,  Todd Pray, Jeffrey M. Skerker, Anthe George, John M. Gladden","Xun Zhuang, Oliver Kilian, Eric Monroe, Masakazu Ito,  Todd Pray, Jeffrey M. Skerker, Anthe George, John M. Gladden",Masakazu Ito,1,1,バイオヒューマン,"Microbial Cell Factories volume 18, Article number: 54 (2019)",2019,2019/05/01,https://microbialcellfactories.biomedcentral.com/articles/10.1186/s12934-019-1099-8,,
Development of Human Support Robot as the research platform of a domestic mobile manipulator,"*Yamamoto, T.*, *Terada, K.*, *Ochiai, A.*, *Saito, F.*, *Asahara, Y.*, & *Murase, K.* ","Yamamoto, T., Terada, K., Ochiai, A., Saito, F., Asahara, Y., & Murase, K. ","Yamamoto, T.; Terada, K.; Ochiai, A.; Saito, F.; Asahara, Y.; Murase, K.",6,2,ロボティクス,"ROBOMECH journal, 6(1), 4.",2019,2019/04/18,https://robomechjournal.springeropen.com/articles/10.1186/s40648-019-0132-3,ROBOMECH Journal Best Paper,1
Binary Classification Only from Unlabeled Data by Iterative Unlabeled-unlabeled Classification,"*Kaji, H.*, & Sugiyama, M.","Kaji, H., & Sugiyama, M.","Kaji, H.",1,4,数理AI,"In ICASSP 2019-2019 IEEE International Conference on Acoustics, Speech and Signal Processing (ICASSP) (pp. 3527-3531). IEEE.",2019,2019/04/17,https://ieeexplore.ieee.org/abstract/document/8683118,,
Design of low‐concentration static III‐V/Si partial CPV module with 27.3% annual efficiency for car‐roof application,"Sato, D., Lee, K. H., Araki, K., *Masuda, T.*, Yamaguchi, M., & Yamada, N.","Sato, D., Lee, K. H., Araki, K., Masuda, T., Yamaguchi, M., & Yamada, N.","Masuda, T.",1,3,エネルギ,"Progress in Photovoltaics: Research and Applications, 27(6), 501--510",2019,2019/03/25,https://onlinelibrary.wiley.com/doi/abs/10.1002/pip.3124,Best Poster Award,1
Mathematical Modeling of Septic Shock based on Clinical Data,"Y. Yamanaka, K. Uchida, M. Akashi, Y. Watanabe, A. Yaguchi, S. Shimamoto, S. Shimoda, *H. Yamada*, *M. Yamashita* and H. Kimura","Y. Yamanaka, K. Uchida, M. Akashi, Y. Watanabe, A. Yaguchi, S. Shimamoto, S. Shimoda, H. Yamada, M. Yamashita and H. Kimura",H. Yamada; M. Yamashita,2,1,バイオヒューマン,"Theoretical Biology and Medical Modelling, vol. 16 (1): 5, 2019.",2019,2019/03/19,https://tbiomed.biomedcentral.com/articles/10.1186/s12976-019-0101-9,,
Two-mass DOB Robust to Elastic Coefficient Variation for Collaborative Robot Joint Using Joint Torque Sensor and Encoders,"Hasegawa, A., Fujimoto, H., & *Takahashi, T.*","Hasegawa, A., Fujimoto, H., & Takahashi, T.","Takahashi, T.",1,2,ロボティクス,"The 5th IEEJ International Workshop on Sensing, Actuation, Motion Control, and Optimization(SAMCON), TT3-3, 2019",2019,2019/03/04,http://hfpublication.k.u-tokyo.ac.jp/20184-20193/SAMCON2019_Hasegawa.pdf,,
Vivid-colored silicon solar panels with high efficiency and non-iridescent appearance,"Ji, C., Zhang, Z., *Masuda, T.*, *Kudo, Y.*, & Guo, L. J.","Ji, C., Zhang, Z., Masuda, T., Kudo, Y., & Guo, L. J.","Masuda, T.; Kudo, Y.",2,3,エネルギ,"Nanoscale Horizons, 4(4), 874--880",2019,2019/03/04,https://pubs.rsc.org/en/content/articlehtml/2019/nh/c8nh00368h,,
Application of Abstract Interpretation to the Automotive Electronic Control System,"*Tomoya Yamaguchi*, Martin Brain, Chirs Ryder, Yosikazu Imai, *Yoshiumi Kawamura*","Tomoya Yamaguchi, Martin Brain, Chirs Ryder, Yosikazu Imai, Yoshiumi Kawamura",Tomoya Yamaguchi; Yoshiumi Kawamura,2,4,数理AI,"International Conference on Verification, Model Checking, and Abstract Interpretation (VMCAI) 2019, pp 425-445",2019,2019/01/11,https://rd.springer.com/chapter/10.1007/978-3-030-11245-5_20,,
Selection of Transcripts Affecting Initial Growth Rate of Rice Backcrossed Inbred Lines Using RNA Sequencing Data,"Akari Fukuda, Tatsuro Hirose, Naohiro Aoki, *Satoshi Kondo*, *Madoka Yonekura*, Tomomori Kataoka, *Chikara Ohto*, and Atsushi J Nagano","Akari Fukuda, Tatsuro Hirose, Naohiro Aoki, Satoshi Kondo, Madoka Yonekura, Tomomori Kataoka, Chikara Ohto, and Atsushi J Nagano",Satoshi Kondo; Madoka Yonekura; Chikara Ohto,3,1,バイオヒューマン,"Frontiers in Plant Science (2018) 9, 01880",2018,2018/12/20,https://www.frontiersin.org/articles/10.3389/fpls.2018.01880/full,,
Picking up One of the Folded and Stacked Towels by a Single Arm Robot,"Demura, S., Sano, K., Nakajima, W., Nagahama, *K., Takeshita*, K., & Yamazaki, K.","Demura, S., Sano, K., Nakajima, W., Nagahama, K., Takeshita, K., & Yamazaki, K.","K., Takeshita",1,2,ロボティクス,In 2018 IEEE International Conference on Robotics and Biomimetics (ROBIO) (pp. 1551-1556). IEEE.,2018,2018/12/12,https://ieeexplore.ieee.org/document/8665040,,
Recurrent Visual Relationship Recognition with Triplet Unit for Diversity,"Kento Masui, *Akiyoshi Ochiai*, *Shintaro Yoshizawa* and Hideki Nakayama","Kento Masui, Akiyoshi Ochiai, Shintaro Yoshizawa and Hideki Nakayama",Akiyoshi Ochiai; Shintaro Yoshizawa,2,4,数理AI,"International Journal of Semantic Computing, Vol. 12, No. 04, pp. 523-540, 2018",2018,2018/12/01,https://www.worldscientific.com/doi/epdf/10.1142/S1793351X18400214,,
Filtered Disturbance Observer for High Backdrivable Robot Joint,"Hasegawa, A., Fujimoto, H., & *Takahashi, T.*","Hasegawa, A., Fujimoto, H., & Takahashi, T.","Takahashi, T.",1,2,ロボティクス, In IECON 2018-44th Annual Conference of the IEEE Industrial Electronics Society (pp. 5086-5091). IEEE.,2018,2018/10/21,https://ieeexplore.ieee.org/document/8591188,,
Sequential Monte Carlo controller that integrates physical consistency and motion knowledge,"Takano, W., *Takahashi, T.*& Nakamura, Y.","Takano, W., Takahashi, T.& Nakamura, Y.","Takahashi, T.",1,2,ロボティクス,"Autonomous Robots, 43(6), 1523-1536.",2018,2018/10/20,https://link.springer.com/article/10.1007/s10514-018-9815-5,,
Wearable respiration sensor platform using ultrasound transducer,"*Kaji, H.*, *Yamaguchi, H.*, *Shigeto, K.*, & *Kikuchi, H.*","Kaji, H., Yamaguchi, H., Shigeto, K., & Kikuchi, H.","Kaji, H.; Yamaguchi, H.; Shigeto, K.; Kikuchi, H.",4,4,数理AI,In Proceedings of the 2018 ACM International Joint Conference and 2018 International Symposium on Pervasive and Ubiquitous Computing and Wearable Computers (pp. 86-89).,2018,2018/10/08,https://dl.acm.org/doi/abs/10.1145/3267305.3267586,,
Predicting Signs of Drowsiness from Driver's Blinking and Driving Behavior,"Moon, J., Morita, J., Enokibori, Y., Hirayama, T., Salah, A.A., Mase, K., *Hatakeyama Y.*, & *Kaji, H.*","Moon, J., Morita, J., Enokibori, Y., Hirayama, T., Salah, A.A., Mase, K., Hatakeyama Y., & Kaji, H.","Hatakeyama Y.; Kaji, H.",2,4,数理AI,In 8th Biennial Workshop on DSP for In-Vehicle and Mobile Systems,2018,2018/10/07,#,,
 Estimating Door Shape and Manipulation Model for Daily Assistive Robots based on the Integration of Visual and Touch Information,"Nagahama, *K., Takeshita*, K., Yaguchi, H., Yamazaki, K., *Yamamoto, T*., & Inaba, M. ","Nagahama, K., Takeshita, K., Yaguchi, H., Yamazaki, K., Yamamoto, T., & Inaba, M. ","K., Takeshita; Yamamoto, T",2,2,ロボティクス,In 2018 IEEE/RSJ International Conference on Intelligent Robots and Systems (IROS) (pp. 7660-7666). IEEE.,2018,2018/10/01,https://ieeexplore.ieee.org/document/8593391,,
Development of the research platform of a domestic mobile manipulator utilized for international competition and field test,"*Yamamoto, T.*, *Terada, K.*, *Ochiai, A.*, *Saito, F.*, *Asahara, Y.*, & *Murase, K.* ","Yamamoto, T., Terada, K., Ochiai, A., Saito, F., Asahara, Y., & Murase, K. ","Yamamoto, T.; Terada, K.; Ochiai, A.; Saito, F.; Asahara, Y.; Murase, K.",6,2,ロボティクス,In 2018 IEEE/RSJ International Conference on Intelligent Robots and Systems (IROS) (pp. 7675-7682). IEEE. ,2018,2018/10/01,https://ieeexplore.ieee.org/document/8593798,,
Response of shape optimization of thin-walled curved beam and rib formation from unstable structure growth in optimization,"*Fukada, Y.*, Minagawa, H., Nakazato, C., Nagatani, T. ","Fukada, Y., Minagawa, H., Nakazato, C., Nagatani, T. ","Fukada, Y.",1,5,革新的構造,"Springer Nature, Structural and Multidisciplinary Optimization, Vol. 58, Issue 4, pp1769-1782.",2018,2018/10/01,https://doi.org/10.1007/s00158-018-1999-y,,
Nonlinear model predictive control for systems with state-dependent switches and state jumps using a penalty function method,"Katayama, S., Satoh, Y., *Doi, M.*, & Ohtsuka, T.","Katayama, S., Satoh, Y., Doi, M., & Ohtsuka, T.","Doi, M.",1,2,ロボティクス,In 2018 IEEE Conference on Control Technology and Applications (CCTA) (pp. 312-317). IEEE.,2018,2018/08/21,https://ieeexplore.ieee.org/document/8511448,,
A Learning Method for a Daily Assistive Robot for Opening and Closing Doors Based on Simple Instructions,"Nagahama, *K., Takeshita, K.*, Yaguchi, H., Yamazaki, K., *Yamamoto, T.*, & Inaba, M.","Nagahama, K., Takeshita, K., Yaguchi, H., Yamazaki, K., Yamamoto, T., & Inaba, M.","K., Takeshita, K.; Yamamoto, T.",2,2,ロボティクス,In 2018 IEEE 14th International Conference on Automation Science and Engineering (CASE) (pp. 599-605). IEEE.,2018,2018/08/20,https://ieeexplore.ieee.org/document/8560411,,
Visually Attractive and High-Power-Retention Solar Modules by Coloring with Automotive Paints,"*Masuda, T.*, *Kudo, Y.*, & Banerjee, D.","Masuda, T., Kudo, Y., & Banerjee, D.","Masuda, T.; Kudo, Y.",2,3,エネルギ,"Coatings, 8(8), 282",2018,2018/08/15,https://www.mdpi.com/2079-6412/8/8/282,,
Human support robot (HSR),"*Yamamoto, T.*, *Nishino, T.*, *Kajima, H.*, *Ohta, M.*, & *Ikeda, K.* ","Yamamoto, T., Nishino, T., Kajima, H., Ohta, M., & Ikeda, K. ","Yamamoto, T.; Nishino, T.; Kajima, H.; Ohta, M.; Ikeda, K.",5,2,ロボティクス,In ACM SIGGRAPH 2018 emerging technologies (pp. 1-2).,2018,2018/08/12,https://dl.acm.org/doi/10.1145/3214907.3233972,ACM SIGGRAPH Special Prize of iTech+,1
"Colorful, Flexible, and Lightweight Cu(In,Ga)Se2Solar Cell by Lift-Off Process With Automotive Painting","*Masuda, T.*, Hirai, S., Inoue, M., Chantana, J., Kudo, Y., & Minemoto, T.","Masuda, T., Hirai, S., Inoue, M., Chantana, J., Kudo, Y., & Minemoto, T.","Masuda, T.",1,3,エネルギ,"IEEE Journal of Photovoltaics, 8(5), 1326--1330",2018,2018/08/09,https://ieeexplore.ieee.org/abstract/document/8430528,,
A Mathematical Model of Type 1 Diabetes involving Leptin Effects on Glucose Metabolism,"R. Kadota, K. Sugita, K. Uchida, *H. Yamada*, *M. Yamashita* and H. Kimura","R. Kadota, K. Sugita, K. Uchida, H. Yamada, M. Yamashita and H. Kimura",H. Yamada; M. Yamashita,2,1,バイオヒューマン,"Journal of Theoretical Biology, vol. 456, pp.213-223, 2018.",2018,2018/08/08,https://pubmed.ncbi.nlm.nih.gov/30098320/,,
Design and fabrication technology of low profile tactile sensor with digital interface for whole body robot skin,"Makihata, M., Muroyama, M., Tanaka, *S., Nakayama*, T., Nonomura, Y., & Esashi, M.","Makihata, M., Muroyama, M., Tanaka, S., Nakayama, T., Nonomura, Y., & Esashi, M.","S., Nakayama",1,2,ロボティクス,"Sensors, 18(7), 2374.",2018,2018/07/21,https://www.mdpi.com/1424-8220/18/7/2374,,
Phenotypic diversification by enhanced genome restructuring after induction of multiple DNA double-strand breaks,"Nobuhiko Muramoto, Arisa Oda, Hidenori Tanaka, Takahiro Nakamura, Kazuto Kugo, Kazuki Suda, Aki Kobayashi, Shiori Yoneda, Akinori Ikeuchi, Hiroki Sugimoto, *Satoshi Kondo*, *Chikara Ohto*, Takehiko Shibata, Norihiro Mitsukawa & Kunihiro Ohta","Nobuhiko Muramoto, Arisa Oda, Hidenori Tanaka, Takahiro Nakamura, Kazuto Kugo, Kazuki Suda, Aki Kobayashi, Shiori Yoneda, Akinori Ikeuchi, Hiroki Sugimoto, Satoshi Kondo, Chikara Ohto, Takehiko Shibata, Norihiro Mitsukawa & Kunihiro Ohta",Satoshi Kondo; Chikara Ohto,2,1,バイオヒューマン," Nature Communications (2018) 9, 10.1038",2018,2018/05/18,https://www.nature.com/articles/s41467-018-04256-y,,
ECG-Based Concentration Recognition With Multi-Task Regression,"*Kaji, H.*, *Iizuka, H.*, & Sugiyama, M.","Kaji, H., Iizuka, H., & Sugiyama, M.","Kaji, H.; Iizuka, H.",2,4,数理AI,"IEEE Transactions on Biomedical Engineering, 66(1), 101-110.",2018,2018/04/26,https://ieeexplore.ieee.org/abstract/document/8350304,,
"Characterization of sugar metabolism in the stem of Tachisuzuka, a whole-crop silage rice cultivar with high sugar content in the stem","Yoichi Hashida, Sakurako Kadoya, Masaki Okamura, Yu Sugimura, Tatsuya, Hirano, Tatsuro Hirose, *Satoshi Kondo*, *Chikara Ohto*, Ryu Ohsugi & Naohiro Aoki","Yoichi Hashida, Sakurako Kadoya, Masaki Okamura, Yu Sugimura, Tatsuya, Hirano, Tatsuro Hirose, Satoshi Kondo, Chikara Ohto, Ryu Ohsugi & Naohiro Aoki",Satoshi Kondo; Chikara Ohto,2,1,バイオヒューマン,"Plant Production Science (2018) 21, 3, 233-243",2018,2018/04/17,https://www.tandfonline.com/doi/full/10.1080/1343943X.2018.1461016,,
Multi task learning with positive and unlabeled data and its application to mental state prediction,"*Kaji, H.*, *Yamaguchi, H.*, & Sugiyama, M.","Kaji, H., Yamaguchi, H., & Sugiyama, M.","Kaji, H.; Yamaguchi, H.",2,4,数理AI,"In 2018 IEEE International Conference on Acoustics, Speech and Signal Processing (ICASSP) (pp. 2301-2305). IEEE.",2018,2018/04/15,https://ieeexplore.ieee.org/abstract/document/8462108,,
Functional genomics of lipid metabolism in the oleaginous yeast Rhodosporidium toruloides,"Samuel T Coradetti, Dominic Pinel, Gina M Geiselman, *Masakazu Ito*, Stephen J Mondo, Adam P Arkin, Jeffrey M Skerker","Samuel T Coradetti, Dominic Pinel, Gina M Geiselman, Masakazu Ito, Stephen J Mondo, Adam P Arkin, Jeffrey M Skerker",Masakazu Ito,1,1,バイオヒューマン,"eLIFE, VOL. 7, 32110 (2018)",2018,2018/03/09,https://elifesciences.org/articles/32110,,
生きた植物から可溶性糖を取り出す：糖輸送体SWEETと排水液による採取方法の検討,"米倉円佳,青木直大,廣瀬竜郎,大杉 立,近藤 聡,*大音徳*","米倉円佳,青木直大,廣瀬竜郎,大杉 立,近藤 聡,大音徳",大音徳,1,1,バイオヒューマン,"生物工学会誌 (2018) 96, 129-136",2018,2018/03/01,https://www.sbj.or.jp/wp-content/uploads/file/sbj/9802/9802_ronbun_7.pdf,生物工学論文賞,1
Structural deterioration of curved thin-walled structure and recovery by rib installation: Verification with structural optimization algorithm,"*Fukada, Y.*, Minagawa, H., Nakazato, C., Nagatani, T.","Fukada, Y., Minagawa, H., Nakazato, C., Nagatani, T.","Fukada, Y.",1,5,革新的構造,"Elsevier Ltd., Thin-Walled Structures, Vol. 123, pp.441-451. ",2018,2018/02/01,https://doi.org/10.1016/j.tws.2017.10.052,,
A method of picking up a folded fabric product by a single-armed robot,"Moriya, Y., Tanaka, D., Yamazaki, K., & *Takeshita, K.*","Moriya, Y., Tanaka, D., Yamazaki, K., & Takeshita, K.","Takeshita, K.",1,2,ロボティクス,"Robomech J 5, 1",2018,2018/01/04,https://doi.org/10.1186/s40648-017-0098-y,,
A search for microorganisms producing medium-chain alkanes from aldehydes,"*Masakazu Ito*, Hiromi Kambe, Shigenobu Kishino, *Masayoshi Muramatsu*, Jun Ogawa","Masakazu Ito, Hiromi Kambe, Shigenobu Kishino, Masayoshi Muramatsu, Jun Ogawa",Masakazu Ito; Masayoshi Muramatsu,2,1,バイオヒューマン,"Journal of Bioscience and Bioengineering, Volume 125, Issue 1, January 2018, Pages 87-91",2018,2018/01/01,https://www.sciencedirect.com/science/article/abs/pii/S1389172317303432,,
