title,venue,link
Low noise resonant amplification by optical injection locking and residual phase noise cancellation,"Optics Letters, Vol. 51, Issue 13, pp. 3613-3616 (2026)",https://doi.org/10.1364/OL.603468
"Long-wave mid-infrared cavity-enhanced frequency comb spectroscopy of cold, complex molecules","Optics Express, Vol. 34, Issue 4, pp. 6751-6767 (2026)",https://doi.org/10.1364/OE.585687
Terahertz amplification by injection locking of waveguide resonant tunneling diode,"IEEE Journal of Quantum Electronics (2026), Vol. 62, no. 1, pp. 1-7 (2026)",https://doi.org/10.1109/JQE.2026.3652530
Dual-wavelength Brillouin lasers as compact opto-terahertz references for low-noise microwave synthesis,"Optics Express, Vol. 33, Issue 20, pp. 41777-41790 (2025)",https://doi.org/10.1364/OE.569127
Fully stabilized Er fiber comb at 1 GHz by harmonic modelocking,"Optica, Vol. 12, Issue 9, pp. 1486-1491 (2025)",https://doi.org/10.1364/OPTICA.568460
Terahertz Molecular Frequency References: Theoretical Analysis of Optimal Instability,"IEEE Transactions on Terahertz Science and Technology, Vol. 15, No. 6, pp. 1068-1074 (2025)",https://doi.org/10.1109/TTHZ.2025.3592353
Dual wavelength Brillouin laser terahertz source stabilized to carbonyl sulfide rotational transition,"Nature Communications, Vol. 16, 2411 (2025)",https://doi.org/10.1038/s41467-025-57826-2
Pulsed Laser Ablation-synthesized FePt Nanoparticles Have Enhanced Catalytic Nitrite Reduction Activity,"Catalysis Today, Vol. 453, 115254 (2025)",https://doi.org/10.1016/j.cattod.2025.115254
Green picosecond pulse over 10 µJ directly amplified by diode-pumped Pr3+:LiYF4 crystal,"Optics Continuum, Vol. 4, Issue 2, pp. 237-244 (2025)",https://doi.org/10.1364/OPTCON.543988
The impact of femtosecond fiber lasers in technology and science,"Optics Communications Vol. 574, 131197 (2025)",https://doi.org/10.1016/j.optcom.2024.131197
Green pulse regenerative amplification using a Pr3+:LiYF4 crystal pumped by GaN blue laser diodes,"Optics Express, Vol. 32, Issue 23, pp. 40499-40506 (2024)",https://doi.org/10.1364/OE.541513
Multimodal photoacoustic microscopy and optical coherence tomography ocular biomarker imaging in Alzheimer’s disease in mice,"Biomedical Optics Express, Vol. 15, Issue 11, pp. 6340-6354 (2024)",https://doi.org/10.1364/BOE.532042
First fluoride ceramics lasing at 605 nm at ambient temperature fabricated from chemically synthesized powders,"Scientific Reports, Vol. 14, 22894 (2024)",https://doi.org/10.1038/s41598-024-73172-7
Brillouin laser-driven terahertz oscillator up to 3 THz with femtosecond-level timing jitter,"Nature Photonics, Vol. 18, Issue 12, 1263–1268(2024)",https://doi.org/10.1038/s41566-024-01513-z
Frequency ratio of the 229mTh nuclear isomeric transition and the 87Sr atomic clock,"Nature, Vol. 633, Issue 8028, 63-70 (2024)",https://doi.org/10.1038/s41586-024-07839-6
Multimodal Imaging-Guided Stem Cell Ocular Treatment,"ACS Nano, Vol. 18, Issue 23, 14893-14906 (2024)",https://pubs.acs.org/doi/10.1021/acsnano.3c10632
Supercontinuum neural network and analog computing evaluation,"Physical Review A, Vol.109, Issue 3, 033521 (2024)",https://doi.org/10.1103/PhysRevA.109.033521
Two rings to rule them all,"Science, Vol. 383, Issue 6687, p1057 (2024)",https://doi.org/10.1126/science.ado0078
Single-channel 240-Gbit/s sub-THz wireless communications using ultra-low phase noise receive,"IEICE Electronics Express, Vol. 21, Issue 3, 20230584 (2024)",https://doi.org/10.1587/elex.20.20230584
Terahertz microcomb oscillator stabilized by molecular rotation,"APL Photonics Vol. 9, Issue 1, 010802 (2024)",https://doi.org/10.1063/5.0175547
300 GHz Wireless Link Based on Whole Comb Modulation of Integrated Kerr Soliton Combs,"IEEE Photonics journal, Vol.15, Issue 6, 7304809 (2023)",https://doi.org/10.1109/JPHOT.2023.3325088
Flexible Synthesis Scheme and Application of AuNP Surface-Conjugatable Metaiodobenzylguanidine Derivatives for Enhanced Cellular Internalization,"ACS Materials Letters Vol. 5, Issue 11, 2971–2977 (2023)",https://pubs.acs.org/doi/10.1021/acsmaterialslett.3c00781
60 Gbps real-time wireless communications at 300 GHz carrier using a Kerr microcomb-based source,"APL Photonics, Vol. 8, Issue 6, 066106 (2023)",https://doi.org/10.1063/5.0146957
Renally Clearable Ultraminiature Chain-Like Gold Nanoparticle Clusters for Multimodal Molecular Imaging of Choroidal Neovascularization,"Advanced Materials, Vol. 35, Issue 31, 2302069 (2023)",https://doi.org/10.1002/adma.202302069
Computation using shaped supercontinuum generation within a neural network,"Proc. SPIE 12405, Nonlinear Frequency Generation and Conversion: Materials and Devices XXII, 124050H (14 March 2023)",https://doi.org/10.1117/12.2659759
300-GHz-band Wireless Link Using Photonics-based Ultralow-noise Transmitter and Receiver,"OFC 2023, Th1I.4",https://doi.org/10.1364/OFC.2023.Th1I.4
Compact Yb fiber few-cycle pulse source based on precision pulse compression and shaping with an adaptive fiber Bragg grating,"Optics Express Vol. 31, Issue 5, pp. 8393-8399 (2023)",https://doi.org/10.1364/OE.483277
Preparation and Evaluation of 64Cu-Radiolabled Dual-Ligand Multifunctional Gold Nanoparticles for Tumor Theragnosis,"Pharmaceuticals Vo. 16, Issue 1, 71 (2023)",https://doi.org/10.3390/ph16010071
Temporal Self-Compression and Self-Frequency Shift of Submicrojoule Pulses at a Repetition Rate of 8 MHz,"Physical Review Applied, Vol.18, Issue 6, 064069 (2022)",https://doi.org/10.1103/PhysRevApplied.18.064069
Precision frequency transfer with fiber frequency combs,"Frontiers in Physics, Vol. 10, 1005074 (2022)",https://doi.org/10.3389/fphy.2022.1005074
Age differential response to bevacizumab therapy in choroidal neovascularization in rabbits,"Experimental Eye Research, Vol. 223, 109215 (2022)",https://doi.org/10.1016/j.exer.2022.109215
Coherent frequency transfer with < 5*10−21 stability via a multi-branch comb with noise cancellation,"Optics Express, Vol. 30, Issue 13, pp. 22957-22962 (2022)",https://doi.org/10.1364/OE.461440
Substrate patterning of organic light-emitting diodes for the simultaneous enhancement of the outcoupling efficiency and reduction of spectral shifting,"Proc. SPIE PC12149, Organic Electronics and Photonics: Fundamentals and Devices III, PC1214913",
Direct Comb Vernier Spectroscopy for Fractional Isotopic Ratio Determinations,"Sensors 2021, Vol.21, Issue 17 , 5883",https://doi.org/10.3390/s21175883
"Long-Term, Noninvasive In Vivo Tracking of Progenitor Cells Using Multimodality Photoacoustic, Optical Coherence Tomography, and Fluorescence Imaging","ACS Nano, Vol.15, Issue 8, 13289–13306 (2021)",https://doi.org/10.1021/acsnano.1c03035
"Functionalized contrast agents for multimodality photoacoustic microscopy, optical coherence tomography, and fluorescence microscopy molecular retinal imaging","Methods in Enzymology, Vol. 657, Pages 443-480 (2021)",https://doi.org/10.1016/bs.mie.2021.06.038
Surpassing soliton compression limits in anomalous dispersion high-power erbium fiber comb,"Optica, Vol. 8, Issue 6, pp. 846-853 (2021)",https://doi.org/10.1364/OPTICA.427977
Optically referenced 300 GHz millimetre-wave oscillator,"Nature Photonics, Vol. 15, 516–522 (2021)",https://doi.org/10.1038/s41566-021-00790-2
Effects of a quiet point on a Kerr microresonator frequency comb,"OSA Continuum, Vol. 4, Issue 4, pp. 1348-1357 (2021)",https://doi.org/10.1364/OSAC.422925
"Au Nanobead Chains with Tunable Plasmon Resonance and Intense Optical Scattering: Scalable Green Synthesis, Monte Carlo Assembly Kinetics, Discrete Dipole Approximation Modeling, and Nano-Biophotonic Application","Chemistry of Materials, Vol. 33, Issue 8, 2913–2928 (2021)",https://doi.org/10.1021/acs.chemmater.1c00336
Megawatt single mode femtosecond erbium fiber laser,"Proceedings Vol. 11665, Fiber Lasers XVIII: Technology and Systems; 1166513 (2021)",https://doi.org/10.1117/12.2577649
Optimized femtosecond laser patterning of organic light-emitting diode substrates for the extraction of substrate guided modes,"Japanese Journal of Applied Physics, Vol. 60, SBBG01 (2021)",https://doi.org/10.35848/1347-4065/abd539
Chain-like gold nanoparticle clusters for multimodal photoacoustic microscopy and optical coherence tomography enhanced molecular imaging,"Nature Communications, Vol. 12, 34 (2021)",https://doi.org/10.1038/s41467-020-20276-z
Etoposide-Bound Magnetic Nanoparticles Designed for Remote Targeting of Cancer Cells Disseminated Within Cerebrospinal Fluid Pathways,"Frontiers in Neurology, Vol. 11, 596632 (2020)",https://doi.org/10.3389/fneur.2020.596632
Enhanced ablation using GHz-pulsed fs laser,Proc. SPIE 11268,https://www.spiedigitallibrary.org/conference-proceedings-of-spie/11268/1126809/Enhanced-ablation-using-GHz-pulsed-fs-laser/10.1117/12.2542582.short
Milliwatt midinfrared from intrapulse difference frequency with a single erbium fiber laser,Proc. SPIE 11264,https://www.spiedigitallibrary.org/conference-proceedings-of-spie/11268/1126809/Enhanced-ablation-using-GHz-pulsed-fs-laser/10.1117/12.2542582.short?SSO=1
"Continuous scanning of a dissipative Kerr-microresonator soliton comb for broadband, high-resolution spectroscopy","Optics Letters Vol. 45, Issue 4, pp. 927-930 (2020)",https://doi.org/10.1364/OL.383036
High-peak-power 918-nm laser light source based two-photon spinning-disk microscopy for green fluorophores,"Biochemical and Biophysical Research Communications, Vol. 529, Issue 2, Pages 238-242 (2020)",https://doi.org/10.1016/j.bbrc.2020.05.213
300 GHz wave generation based on a Kerr microresonator frequency comb stabilized to a low noise microwave reference,"Optics Letters Vol. 45, Issue 16, pp. 4377-4380 (2020)",https://doi.org/10.1364/OL.398345
In-system optimization of a hologram for high-stability parallel laser processing,"Optics Letters Vol. 45, Issue 12, pp. 3344-3347 (2020)",https://doi.org/10.1364/OL.392578
Rovibrational quantum state resolution of the C60fullerene,"Science, Vol. 363, Issue 6422, pp. 49-54",https://science.sciencemag.org/content/363/6422/49.abstract
Frequency-modulated comb LIDAR,"APL Photonics Vol. 4, Issue 10, 106105 (2019)",https://doi.org/10.1063/1.5120321
300-GHz-band wireless communication using a low phase noise photonic source,"2019 49th European Microwave Conference (EuMC), Paris, France, 2019, pp. 816-819",https://doi.org/10.23919/EuMC.2019.8910724
High accuracy line positions of the ν1fundamental band of14N216O,"Journal of Quantitative Spectroscopy and Radiative Transfer, Vol. 211, pp. 172-178",https://www.sciencedirect.com/science/article/abs/pii/S002240731830058X
Phase-stabilized 100 mW frequency comb near 10 μm,"Applied Physics B, Vol 124, Article 128",https://link.springer.com/article/10.1007/s00340-018-6996-8
Ultra-broadband dual-branch optical frequency comb with 10−18instability,"Optica, Vol. 5, Issue 9, pp. 1070-1077",https://www.osapublishing.org/optica/abstract.cfm?uri=optica-5-9-1070
Fast ultra-wideband microwave spectral scanning utilizing photonic wavelength- and time-division multiplexing,"Optics Express, Vol. 25, Issue 16, pp. 18863-18871",https://www.osapublishing.org/oe/abstract.cfm?uri=oe-25-16-18863
"Low noise, self-referenced all polarization maintaining Ytterbium fiber laser frequency comb","Optics Express, Vol. 25, Issue 15, pp. 18017-18023",https://www.osapublishing.org/oe/abstract.cfm?uri=oe-25-15-18017
Laser-fabricated Gold Nanoparticles for Lateral Flow Immunoassays,"Colloids and Surfaces B: Biointerfaces, Vol. 149, pp. 351-357",http://www.sciencedirect.com/science/article/pii/S0927776516307391
Broadly Tunable Difference Frequency Generation in Orientation -Patterned Gallium Phosphide,"MICS 2016, Paper JT3A.4",https://www.osapublishing.org/abstract.cfm?uri=mics-2016-JT3A.4&origin=search
"Self-referenced, accurate and sensitive optical frequency comb spectroscopy with a virtually imaged phased array spectrometer","Optics Express, Vol. 23, Issue 20, pp. 26596-26603",https://www.osapublishing.org/oe/abstract.cfm?uri=oe-23-20-26596
Label-free imaging of gold nanoparticles in single live cells by photoacoustic microscopy,Proc. SPIE 9708,http://proceedings.spiedigitallibrary.org/proceeding.aspx?articleid=2504787
Optical Frequency Comb Fourier Transform Spectroscopy with Resolution beyond the Path Difference Limit,"CLEO 2016, Paper SW4H.1",https://www.osapublishing.org/abstract.cfm?uri=CLEO_SI-2016-SW4H.1
Difference Frequency Generation in Orientation-Patterned Gallium Phosphide,"CLEO 2016, Paper Stu1Q.3",https://www.osapublishing.org/abstract.cfm?uri=CLEO_SI-2016-STu1Q.3
Optical Frequency Comb Spectroscopy at 3.3 and 5.2 μm by a TM:fiber-Laser-Pumped Optical Parametric Oscillator,"CLEO 2016, Paper JF2K.6",https://www.osapublishing.org/abstract.cfm?uri=CLEO_SI-2016-JF2K.6
VIPA Spectrometer for Accurate and Sensitive Self-Referenced Frequency Comb Spectroscopy,"CLEO 2016, Paper SW4H.7",https://www.osapublishing.org/abstract.cfm?uri=cleo_si-2016-SW4H.7&origin=search
Surpassing the path-limited resolution of Fourier-transform spectrometry with frequency combs,"Physical Review A 93, 021802(R)",http://journals.aps.org/pra/abstract/10.1103/PhysRevA.93.021802
Narrow Linewidth Midinfrared Frequency Combs from Doubly-Resonant OPOs,"MICS 2016, Paper MS3C.1",https://www.osapublishing.org/abstract.cfm?uri=mics-2016-MS3C.1
All polarization-maintaining ER fiber-based optical frequency combs with nonlinear amplifying loop mirror,"Optics Express, Vol. 24, Issue 3, pp. 3095-3102",https://www.osapublishing.org/oe/abstract.cfm?uri=oe-24-3-3095&origin=search
Broadband midinfrared frequency comb with tooth scanning,Proc. SPIE 9355,http://proceedings.spiedigitallibrary.org/proceeding.aspx?articleid=2196657
Midinfrared frequency comb from self-stable degenerate GaAs optical parametric oscillator,"Optics Express, Vol. 23, Issue 20, pp. 26596-26603",https://www.osapublishing.org/oe/abstract.cfm?uri=oe-23-20-26596
Ultra-low noise all polarization-maintaining ER fiber-based optical frequency combs facilitated with a graphene modulator,"Optics Express, Vol. 23, Issue 19, pp. 24342-24350",https://www.osapublishing.org/oe/abstract.cfm?uri=oe-23-19-24342&origin=search
ER comb fiber laser with fceo noise below 0.2 rad,"CLEOPR 2015, Paper 25A2_2",https://www.osapublishing.org/abstract.cfm?uri=cleopr-2015-25A2_2&origin=search
Developments of mid-infrared optical parametric oscillators for spectroscopic sensing: a review,"Optical Engineering, Vol. 53, Issue 6, 061613",http://opticalengineering.spiedigitallibrary.org/article.aspx?articleid=1838804
Midinfrared frequency combs from coherent supercontinuum in chalocogenide and optical parametric oscillation,"Optics Letters, Vol. 39, No. 7, p. 2056 – 2059",http://www.opticsinfobase.org/ol/abstract.cfm?URI=ol-39-7-2056&origin=search
Phase Locked System for Dual Comb Molecular Spectroscopy at 2-6 &micro;m Based on Tm-fiber Laser,"CLEO 2014, Paper SM2E.6",https://www.osapublishing.org/abstract.cfm?uri=cleo_si-2014-SM2E.6&origin=search
"High Repetition-Rate, Pulse-Burst Assisted Desorption, Electrospray Post-Ionization Mass Spectrometry","CLEO 2014, Paper AW1L.5",https://www.osapublishing.org/abstract.cfm?uri=cleo_at-2014-AW1L.5
"Carrier Envelope Offset Frequency of Doubly-Resonant, Non-Degenerate, mid-infrared GaAs Optical Parametric Oscillator","Optics Letters, Vol. 38, No. 8, pp. 1191-1193",http://www.opticsinfobase.org/ol/abstract.cfm?uri=ol-38-8-1191
Enantioselective Synthesis of Multisubstituted Biaryl Skeleton by Chiral Phosphoric Acid Catalyzed Desymmetrization/Kinetic Resolution Sequence,"Journ. Of Amer. Chem. Soc., Vol. 135, pp. 3964-3970",http://pubs.acs.org/doi/abs/10.1021/ja311902f
Intermetallic PtPb Nanoparticles Prepared by Pulsed Laser Ablation in Liquid,"Journ. Of Elec. Chem. Soc., Vol. 160, Issues 2, pp. F106-F110",http://jes.ecsdl.org/content/160/2/F106.short
Mid-IR Frequency Combs from Coherent Supercontinuum Generation in Chalcogenide Nano-Spike Waveguides,"Frontiers in Optics, 2013, paper FTu2A.3",https://www.osapublishing.org/abstract.cfm?uri=FiO-2013-FTu2A.3
Mid-infrared Supercontinuum Generation in As2S3-silica “nano-spike” Step-index Waveguide,"Optics Express, Vol. 21, Issue 9, pp. 10969-10977",https://www.osapublishing.org/oe/abstract.cfm?uri=oe-21-9-10969
Precision spectroscopy of NH3 at 9.1 μm by a comb-referenced quantum cascade laser,"CLEO 2013, Paper JM3K.3",http://www.opticsinfobase.org/abstract.cfm?uri=CLEO_AT-2013-JM3K.3
Targeted delivery of peptide-conjugated Biocompatible Gold Nanoparticles into Cancer Cell Nucleus,"SPIE Photonics West Feb. 2013, Vol 8595, paper 85951D",http://proceedings.spiedigitallibrary.org/proceeding.aspx?articleid=1656104
Direct frequency comb spectroscopy in the extreme ultraviolet,"Nature Vol. 482, pp. 68-71",http://dx.doi.org/10.1038/nature10711
Frequency comb metrology goes extreme UV,SPIE Newsroom 10 July 2012,http://dx.doi.org/10.1117/2.1201206.004297
Frequency comb stabilization with bandwidth beyond the limit of gain lifetime by an intracavity graphene electro-optic modulator,"Opt. Lett. Vol. 37, No. 15, pp. 3084-3086",http://dx.doi.org/10.1364/OL.37.003084
Octave-spanning ultrafast OPO with 2.6 – 6.1 μm instantaneous bandwidth pumped by femtosecond Tm-fiber laser,"Opt. Exp. Vol. 20, no. 7, pp. 7046-7053",http://dx.doi.org/10.1364/OE.20.007046
Stable Gold nanocolloids with controllable surface modification and functionalization,"SPIE Proc. Vol. 8232\, p. 82320P",http://dx.doi.org/10.1117/12.906451
Widely tunable mid-infrared difference frequency generation in orientation-patterned GaAs pumped with a femtosecond Tm-fiber system,"Opt. Lett. Vol. 37, No. 14, pp. 2928-2930",http://dx.doi.org/10.1364/OL.37.002928
Advanced specialty fiber designs for fiber lasers,"Proc. SPIE Vol. 7914, p. 791415",http://dx.doi.org/10.1117/12.878831
Broadband phase noise suppression in a Yb-fiber frequency comb,"Opt. Lett. Vol. 36, pp. 743-745",https://www.osapublishing.org/ol/abstract.cfm?uri=ol-36-5-743
Coherent Tm-fiber Raman-soliton amplifier,2011 CLEOE Tech. Digest p. 1,http://ieeexplore.ieee.org/document/5942876/
Coherent transfer over 1.1 spectral octave with a fiber frequency comb,2011 CLEOE Tech. Digest p. 1,http://ieeexplore.ieee.org/document/5943515/
Electrophoretic deposition of Cu-In composite nanoparticle thin films for fabrication of CuInSe2 solar cells,"Proc. SPIE Vol. 8104, p. 81040W",http://proceedings.spiedigitallibrary.org/proceeding.aspx?articleid=1272781
"Fully stabilized, self-referenced Thulium fiber frequency comb",2011 CLEOE Tech. Digest p. 1,http://ieeexplore.ieee.org/document/5943710/
Highly efficient and controllable PEGylation of Gold nanoparticles prepared by femtosecond laser ablation in water,"J. Phys. Chem. C Vol. 115, No. 47, pp. 23293-23298",http://pubs.acs.org/doi/abs/10.1021/jp2079567
New developments in fiber-based frequency combs,IEEE Phot. Conf. pp. 435-436,http://ieeexplore.ieee.org/document/6110613/
Power optimization of XUV frequency combs for spectroscopy applications,"Opt. Exp. Vol. 19, No. 23, pp. 23483-23493",https://www.osapublishing.org/oe/abstract.cfm?uri=oe-19-23-23483
Pulse train amplitude modulation due to continuum resonances in GHz soliton fiber lasers,2011 CLEOE Tech. Digest p. 1,http://ieeexplore.ieee.org/document/5942875/
Self frequency shift near 2 μm in periodically poled Lithium Niobate waveguides,2011 CLEOE Tech. Digest p. 1,http://ieeexplore.ieee.org/document/5942802/
Supercontinuum generation in quasi-phasematched waveguides,"Opt. Exp. Vol. 19, No. 20, pp. 18754-18773",https://www.osapublishing.org/oe/abstract.cfm?uri=oe-19-20-18754
Synthesis and electrophoretic deposition of composite metal nanoparticles and non-vacuum fabrication of CuInSe2 solar cells,"Proc. SPIE Vol. 8110, p. 811009",http://proceedings.spiedigitallibrary.org/proceeding.aspx?articleid=1341169
Ultrabroadband coherent supercontinuum frequency comb,"Phys. Rev. A Vol. 84, p. 011806",https://journals.aps.org/pra/abstract/10.1103/PhysRevA.84.011806
"80 W, 120 fs Yb-fiber frequency comb","Opt. Lett. Vol. 35, No. 18, pp. 3015-3017",https://www.osapublishing.org/ol/abstract.cfm?uri=ol-35-18-3015
Epitaxial Zn1-xMGxO films grown on (1 1 1) Si by pulsed laser deposition,"Chem. Phys. Lett. Vol. 485, No. 4-6, pp. 363-366",http://www.sciencedirect.com/science/article/pii/S0009261409015590
Extending bandgap of air-core photonic bandgap fibers,"Proc. SPIE Vol. 7839, p. 78390S",http://proceedings.spiedigitallibrary.org/proceeding.aspx?articleid=726562
Mid-infrared Fourier transform spectroscopy with a broadband frequency comb,"Opt. Exp. Vol. 18, No. 21, pp. 21862-21872",https://www.osapublishing.org/oe/abstract.cfm?uri=oe-18-21-21861
Specialty fibers and their applications in fiber lasers,"Proc. SPIE Vol. 7839, p. 783902",http://proceedings.spiedigitallibrary.org/proceeding.aspx?articleid=726648
Ultrafast pulsed laser micro-deposition printing on transparent media,"Proc. SPIE Vol. 7590, p. 759002",http://proceedings.spiedigitallibrary.org/proceeding.aspx?articleid=782754
"200-fs, 2-mJ pulses from 1-kHz Yb3+ ,Na+ :CaF2 cryogenic amplifier",2009 CLEOE-EQEC Tech. Digest p. 1,http://ieeexplore.ieee.org/document/5192882/
All-glass large-core leakage channel fibers,"IEEE J. Select. Top. Quant. Elect. Vol. 15, No. 1, pp. 47 – 53",http://ieeexplore.ieee.org/document/4773300/
Diffraction-limited output from multi-core fibers using coherent beam combination and a diffractive optical element,2009 CLEOE-EQEC Tech. Digest p. 1,http://ieeexplore.ieee.org/document/5194556/
Epitaxial ZnO films on (111) Si substrates with Sc2O3 buffer layers,"Appl. Phys. Lett. Vol. 94, p. 122107",http://aip.scitation.org/doi/10.1063/1.3095506
Extending effective area of fundamental mode in optical fibers,"J. Lightwave Tech. Vol. 27, No. 11, pp.1565-1570",http://ieeexplore.ieee.org/document/4957561/
Extremely large mode area optical fibers formed by thermal stress,"Opt. Exp. Vol. 17, No. 14, pp. 11782-11793",https://www.osapublishing.org/oe/abstract.cfm?uri=oe-17-14-11782
Highly Ytterbium-doped Silica fibers with low photo-darkening,"Opt. Exp. Vol. 17, No. 12, pp. 9924-9932",https://www.osapublishing.org/oe/abstract.cfm?uri=oe-17-12-9924
Large effective mode area optical fibers for high-power lasers,"Proc. SPIE Vol. 7195, p. 71950N",http://proceedings.spiedigitallibrary.org/proceeding.aspx?articleid=807433
Latest developments of ultrafast fiber laser and its material applications,"Proc. SPIE Vol. 7214, p. 72140R",http://proceedings.spiedigitallibrary.org/proceeding.aspx?articleid=809537
"Multi-mJ, 200-fs, cw-pumped, cryogenically cooled, Yb,Na:CaF2 amplifier","Opt. Lett. Vol. 34, No. 13, pp.2075-2077",https://www.osapublishing.org/ol/abstract.cfm?uri=ol-34-13-2075
"Phase-stabilized, 1.5 W frequency comb at 2.8 to 4.8 μm","Opt. Lett. Vol. 34, No. 9, pp.1330-1332",https://www.osapublishing.org/ol/abstract.cfm?uri=ol-34-9-1330
"Rapidly scanning, high resolution Yb fiber based comb-Fourier transform spectrometer",2009 CLEOE-EQEC Tech. Digest p. 1,http://ieeexplore.ieee.org/document/5191943/
"Spectroscopy and lasing of cryogenically cooled Yb, Na:CaF2","Appl. Phys. B Vol. 97, No. 2, pp. 339-350",http://link.springer.com/article/10.1007%2Fs00340-009-3740-4
Ultrafast fiber laser technology,"IEEE Sel. Top. Quant. Elect. Vol. 15, No. 1, pp. 191-206",http://ieeexplore.ieee.org/document/4773318/
Ultrashort pulse laser processing of transparent materials,"JLMN Vol. 4, No. 3, pp. 212-217",http://www.jlps.gr.jp/jlmn/upload/015f4dde29be069d048680af7c5cbfd4.pdf
Ytterbium-doped all glass leakage fibers with highly Fluorine-doped silica pump cladding,"Opt. Exp. Vol. 17, No. 11, pp. 8962-8969",https://www.osapublishing.org/oe/abstract.cfm?uri=oe-17-11-8962
All-glass endless single-mode photonic crystal fibers,"Opt. Lett. Vol. 33, No. 21, pp.2440-2442",https://www.osapublishing.org/ol/abstract.cfm?uri=ol-33-21-2440
Analytical solution for nonlinear waveguide equation under Gaussian mode approximation,"Proc. SPIE Vol. 6873, p. 68730V",http://dx.doi.org/10.1117/12.774052
Approximate treatment of the nonlinear waveguide equation in the regime of nonlinear self-focus,"J. Lightwave Tech. Vol. 26, No. 20, pp. 3476 – 3485",http://dx.doi.org/10.1109/JLT.2008.925685
Bend performance of leakage channel fibers,"Opt. Exp. Vol. 16, No. 6, pp. 4278-4285",http://dx.doi.org/10.1364/OE.16.004278
Efficient supercontinuum generations in silica suspended core fibers,"Opt. Exp. Vol. 16, No. 24, pp.19629-19642",http://dx.doi.org/10.1364/OE.16.019629
Fiber laser based hyperspectral sources,"Laser Phys. Lett. Vol. 5, No. 1, pp. 11-21",http://dx.doi.org/10.1002/lapl.200810090
Growth of ZnO nanoparticles and nanorods with ultrafast pulsed laser deposition,"Appl. Phys. A Vol. 93, No. 3, pp. 813-818",http://dx.doi.org/10.1007/s00339-008-4754-1
Highly nonlinear suspended core Silica fibers,"Opt. Exp. Vol. 16, No. 21, pp.16423-16430",http://dx.doi.org/10.1364/OE.16.016423
Micromachining with a high repetition rate femtosecond fiber laser,"JLMN Vol. 3, No. 3, pp. 157-162",http://dx.doi.org/10.2961/jlmn.2008.03.0006
Optical frequency comb with submilliHertz linewidth and more than 10 W average power,"Nature Phot. Vol. 2, pp. 355-359",http://dx.doi.org/10.1038/nphoton.2008.79
Single-mode optical fibers with record core diameters,2008 ECOC Tech. Digest pp. 1-2,http://dx.doi.org/10.1109/ECOC.2008.4729557
Structural modifications in Er-Yb doped phosphate glass induced by femtosecond laser waveguide writing,"Proc. SPIE Vol. 6881, p. 688111",http://dx.doi.org/10.1117/12.763982
Temperature dependence of Ytterbium-doped fiber amplifiers,"JOSA B Vol. 25, No. 1, pp. 126-130",http://dx.doi.org/10.1364/JOSAB.25.000126
Terahertz near-field microscopy,"Adv. Solid State Phys. Vol. 47, pp. 203-222",http://link.springer.com/chapter/10.1007/978-3-540-74325-5_17
Amphoteric Phosphorus doping for stable p-type ZnO,"Adv. Mat. Vol. 19, no. 20, pp. 3333-3337",http://onlinelibrary.wiley.com/doi/10.1002/adma.200700083/abstract
Cavity-enhanced similariton Yb-fiber laser frequency comb: 3×1014 W/cm2 peak intensity at 136 MHz,"Opt. Lett. Vol. 32, No. 19, pp.2870-2872",https://www.osapublishing.org/ol/abstract.cfm?uri=ol-32-19-2870
Compact 50W ultrashort pulse fiber laser for precision and high-speed material processing,"Proc. SPIE Vol. 6453, p. 64530Z",http://dx.doi.org/10.1117/12.713437
Er- and Yb-doped fiber laser frequency combs and their applications,2007 LEOS Tech. Digest pp. 161-162,http://ieeexplore.ieee.org/document/4288382/
Fabrication of Sb-doped p-type ZnO thin films by pulsed laser deposition,"Appl. Surf. Sci. Vol. 253, No. 11, pp. 5067-5069",http://www.sciencedirect.com/science/article/pii/S0169433206014723
Fabrication of p-type ZnMgO films via pulsed laser deposition method by using Li as dopant source,"Appl. Surf. Sci. Vol. 253, No. 14, pp. 6060-6062",http://www.sciencedirect.com/science/article/pii/S0169433207000220
Fiber frequency combs,"Proc. SPIE Vol. 6453, p. 645313",http://dx.doi.org/10.1117/12.717322
Fundamental-mode operation in polarization-maintaining Ytterbium-doped fiber with an effective area of 1400 μm2,"Opt. Lett. Vol. 32, No. 4, pp.358-360",http://dx.doi.org/10.1364/OL.32.000358
Generation of octave-spanning spectra inside reverse-proton-exchanged periodically poled Lithium Niobate waveguides,"Opt. Lett. Vol. 32, No. 17, pp. 2478-2480",http://dx.doi.org/10.1364/OL.32.002478
High-power ultrashort-pulse fiber amplifiers,"IEEE J. Select. Top. Quant. Elect. Vol. 22, No. 3, pp. 552-558",http://dx.doi.org/10.1109/JSTQE.2007.896096
Investigation on ultraviolet photoconductivity in p-type ZnO thin films,"Chem. Phys. Lett. Vol. 441, No. 1-3, pp. 115-118",http://dx.doi.org/10.1016/j.cplett.2007.04.089
Leakage channel optical fibers with large effective area,"JOSA B Vol. 24, No. 8, pp. 1689-1697",http://dx.doi.org/10.1364/JOSAB.24.001689
Microstructure and properties of epitaxial antimony-doped p-type ZnO films fabricated by pulsed laser deposition,"Appl. Phys. Lett. Vol. 90, p. 242108",http://dx.doi.org/10.1063/1.2747669
Nanoparticle generation in ultrafast pulsed laser ablation of Nickel,"Appl. Phys. Lett. Vol. 90, No. 4, p. 044103",http://dx.doi.org/10.1063/1.2434168
Octave-level spectral broadening in RPE PPLN waveguides,2007 CLEO Tech. Digest pp. 1-2,http://dx.doi.org/10.1109/CLEO.2007.4453030
Robust single-mode operation in 50 μm Ytterbium-doped leakage channel fibers,"Proc. SPIE Vol. 6453, p. 645316",http://dx.doi.org/10.1117/12.706121
Self referenced Yb-fiber-laser frequency comb using a dispersion micromanaged tapered holey fiber,"Opt. Exp. Vol. 15, No. 19, pp.12161-12166",http://dx.doi.org/10.1364/OE.15.012161
Synthesis and properties of p-type nitrogen-doped ZnO thin films by pulsed laser ablation of a Zn-rich Zn3N2 target,"J. Mat. Res. Vol. 22, No. 8, pp. 2339-2344",http://dx.doi.org/10.1557/jmr.2007.0294
Ultrafast pulsed laser ablation for synthesis of nanocrystals,"Proc. SPIE Vol. 6645, p. 66450R",http://dx.doi.org/10.1117/12.736522
ZnMgO quantum dots grown by low-pressure metal organic chemical vapor deposition,"Appl. Phys. Lett. Vol. 90, No. 1, p. 012111",http://dx.doi.org/10.1063/1.2428853
"170 MHz spaced, self-referenced fiber-frequency-comb",2006 CLEO Tech. Digest pp. 1-2,http://dx.doi.org/10.1109/CLEO.2006.4628210
Bend-resistant fundamental mode operation in Ytterbium-doped leakage channel fibers with effective areas up to 3160 μm2,"Opt. Exp. Vol. 14, No. 24, pp. 11512-11519",http://dx.doi.org/10.1364/OE.14.011512
Fiber chirped pulse amplification system for micromachining,"Proc. SPIE Vol. 6343, p. 63430S",http://dx.doi.org/10.1117/12.707699
Fiber-laser frequency combs with subHertz relative linewidths,"Opt. Lett. Vol. 31, No. 21, pp. 3046-3048",http://dx.doi.org/10.1364/OL.31.003046
Fluorescence and Raman microscopy of waveguides fabricated using kHz and MHz repetition rate femtosecond lasers,2006 CLEO Tech. Digest pp. 1-2,http://dx.doi.org/10.1109/CLEO.2006.4627715
High energy-high repetition rate fiber laser system for precision micromachining with fundamental and second harmonic wavelengths,"JLMN Vol. 1, No. 3, pp. 258-263",http://dx.doi.org/10.2961/jlmn.2006.03.0021
High power femtosecond fiber chirped pulse amplification system for high speed micromachining,"JLMN Vol. 1, No. 3, pp. 176-180",http://dx.doi.org/10.2961/jlmn.2006.03.0005
High power frequency upconversion of ultra-fast fiber amplifiers,2006 CLEO Tech. Digest pp. 1-2,http://dx.doi.org/10.1109/CLEO.2006.4628179
High-power source of THz radiation based on orientation-patterned GaAs pumped by a fiber laser,"Opt. Exp. Vol. 14, No. 10, pp. 4439-4444",http://dx.doi.org/10.1364/OE.14.004439
High power ultra-fast fiber amplifiers,2006 CLEO Tech. Digest pp. 1-2,http://dx.doi.org/10.1109/CLEO.2006.4627644
Integrated fiber-frequency comb using a PPLN waveguide for spectral broadening and CEO phase detection,2006 CLEO Tech. Digest pp. 1-2,http://dx.doi.org/10.1109/CLEO.2006.4628211
Large effective mode area fibers for high power lasers and amplifiers,2006 LEOS Tech. Digest pp. 1-2,http://dx.doi.org/10.1109/LEOSST.2006.1694008
Micromachining with a 50 W 50 μJ sub-picosecond fiber laser system,"Opt. Exp. Vol. 14, No. 25, pp. 12546-12551",http://dx.doi.org/10.1364/OE.14.012546
"Optimized precision micromachining using commercially-available, high-repetition rate, microJoule, femtosecond fiber lasers","Proc. SPIE Vol. 6108, p. 61080Q",http://dx.doi.org/10.1117/12.659866
P-type behavior in nominally undoped ZnO thin films by oxygen plasma,"Appl. Phys. Lett. Vol. 88, No. 26, pp. 262103-262105",http://dx.doi.org/10.1063/1.2217165
Self-assembled periodic sub-wavelength structures by femtosecond laser direct writing,"Opt. Exp. Vol. 14, No. 21, pp. 10117-10124",http://dx.doi.org/10.1364/OE.14.010117
Differential absorption spectroscopy for gas monitoring at sub-millimeter wavelengths,2006 IRMMW-THz Conf. Digest p. 312,http://dx.doi.org/10.1109/ICIMW.2006.368520
Study on the Hall-effect and photoluminescence of N-doped p-typed ZnO thin films,"Mat. Lett. Vol. 61, No. 1, pp. 41-44",http://dx.doi.org/10.1016/j.matlet.2006.04.001
Three-dimensional micromachining inside transparent materials using femtosecond laser pulses: new applications,2006 CLEO Tech. Digest pp. 1-2,http://dx.doi.org/10.1109/CLEO.2006.4627978
Tunable 0.8 – 3.5 THz source based on fiber-laser pumped orientation-patterned GaAs,2006 CLEO Tech. Digest pp. 1-2,http://dx.doi.org/10.1109/CLEO.2006.4628204
Ultrafast high energy amplifiers beyond the B-integral limit,"Proc. SPIE Vol. 6102, p. 61020Z",http://dx.doi.org/10.1117/12.659365
Ultrashort pulse micromachining with the 10-μJ FCPA fiber laser,"Proc. SPIE Vol. 6102, p. 61021",http://dx.doi.org/10.1117/12.659451
230-kW peak power femtosecond pulses from a high power tunable source based on amplification in Tm-doped fiber,"Opt. Exp. Vol. 13, No. 19, pp.7424-7431",http://dx.doi.org/10.1364/OPEX.13.007424
"An optimized Er all-fiber chirped pulse amplification system producing 570-fs, 310-nJ pulses","2005 CLEO Tech. Digest Vol. 3, pp. 1653-1655",http://dx.doi.org/10.1109/CLEO.2005.202230
Apertureless Terahertz near-field microsopy,"Semicond. Sci. Technol. Vol. 20, No. 7, pp. S286-S292",http://dx.doi.org/10.1088/0268-1242/20/7/020
Breaking the limit of maximum effective area for robust guided single-mode propagation in optical fibres,"Opt. Lett. Vol. 30, No. 21, pp. 2855-2857",http://dx.doi.org/10.1364/OL.30.002855
High energy femtosecond Yb cubicon fiber amplifier,"Opt. Exp. Vol. 13, No. 12, pp. 4717-4722",http://dx.doi.org/10.1364/OPEX.13.004717
High energy fiber chirped pulse amplification system based on cubicons,"2005 CLEO Tech. Digest Vol. 3, pp. 1650-1652",http://dx.doi.org/10.1109/CLEO.2005.202229
High power tunable femtosecond pulse source based on amplification in Tm fiber,"2005 CLEO Tech. Digest Vol. 1, pp. 683-685",http://dx.doi.org/10.1109/CLEO.2005.201888
Integrated self-referenced frequency-comb laser based on a combination of fiber and waveguide technology,"Opt. Exp. Vol. 13, No. 17, pp. 6490-6496",http://dx.doi.org/10.1364/OPEX.13.006490
Long-term carrier envelope phase-locking of a PM giber frequency comb source,2005 OFC Tech. Digest Vol. 5,http://dx.doi.org/10.1109/OFC.2005.193129
MHz-rate ultrafast fiber laser for writing of optical waveguides in Silica glasses,"Proc. SPIE Vol. 5714, pp. 253-260",http://dx.doi.org/10.1117/12.590850
"Reliable, high-repetition-rate, femtosecond, microJoule fiber lasers for precision applications","Proc. SPIE Vol. 5714, pp. 63-72",http://dx.doi.org/10.1117/12.598050
Temperature dependence of Ytterbium-doped fiber amplifiers,"JOSA B Vol. 25, No. 1, pp. 126-130",http://dx.doi.org/10.1364/JOSAB.25.000126
Terahertz microscopy with submicrometre resolution,"J. Opt. A Vol. 7, No. 2, pp. S184-189",http://dx.doi.org/10.1088/1464-4258/7/2/024
Thermal heating effects in writing optical waveguides with 0.1 – 5 MHz repetition rate,"Proc. SPIE Vol. 5713, pp. 35-42",http://dx.doi.org/10.1117/12.591058
Ultra-compact dispersion compensated femtosecond fiber oscillators and amplifiers,"2005 CLEO Tech. Digest Vol. 3, pp. 1641-1643",http://dx.doi.org/10.1109/CLEO.2005.202226
Writing optical waveguides with a 0.1 – 5 MHz repetition rate femtosecond fiber laser,"2005 CLEO Tech. Digest Vol. 3, pp. 2174-2176",http://dx.doi.org/10.1109/CLEO.2005.202407
220 nJ 1.10 ps pulses from an Er fiber chirped pulse amplification system based on compression in photonic band gap fiber,"2004 LEOS Tech. Digest Vol. 2, pp. 729-730",http://dx.doi.org/10.1109/LEOS.2004.1363446
An optimized Er gain band all-fiber chirped pulse amplification system,"Opt. Exp. Vol. 12, No. 26, pp. 6508-6514",http://dx.doi.org/10.1364/OPEX.12.006508
Chirped pulse amplification using a nonlinearly chirped fiber Bragg grating matched to the Treacy compressor,"Opt. Lett. Vol. 29, No. 7. pp. 679-681",http://dx.doi.org/10.1364/OL.29.000679
Formulation of time-domain algorithm for fiber Bragg grating simulation and reconstruction,"IEEE J. Quant. Elect. Vol. 40, No. 8, pp. 1087-1098",http://dx.doi.org/10.1109/JQE.2004.831633
Frequency metrology with a turnkey all-fiber system,"Opt. Lett. Vol. 29, No. 21, pp. 2467-2469",http://dx.doi.org/10.1364/OL.29.002467
Identification of a resonant imaging process in apertureless near-field microscopy,"Phys. Rev. Lett. Vol. 93, No. 26, pp. 267401-267404",http://dx.doi.org/10.1103/PhysRevLett.93.267401
Laser ablation threshold and etch rate comparison between the ultrafast Yb fiber-based FCPA laser and a Ti:Sapphire laser for various materials,"Proc. SPIE Vol. 5662, pp. 661-666",http://dx.doi.org/10.1117/12.596573
Temporal pulse shaping using fiber laser technology: nano-scaling for flexible industrial laser material processing,"Proc. SPIE Vol. 4830, pp. 352-356",http://dx.doi.org/10.1117/12.486528
New fiber lasers with temporal pulse shaping of nanosecond pulses for tailoring flexible laser material processing for microelectronics production,"SPIE Proc. Vol. 4977, pp. 38-45",http://dx.doi.org/10.1117/12.479230
New versatile femtosecond fiber lasers,"SPIE Proc. Vol. 4978, pp. 21-31",http://dx.doi.org/10.1117/12.501655
Terahertz imaging with nanometer resolution,"Appl. Phys. Lett. Vol. 83, No. 15, pp. 3009-3012",http://dx.doi.org/10.1063/1.1616668
Time-tailored laser pulses: a new approach for laser micromachining and microfabrication processing,"SPIE Proc. Vol. 4984, pp. 202-209",http://dx.doi.org/10.1117/12.477843
1-THz bandwidth C- and L-band optical sampling with a bit rate agile timebase,"IEEE Phot. Tech. Lett. Vol. 14, No. 8, pp. 1148-1150",http://dx.doi.org/10.1109/LPT.2002.1021998
Novel ultrashort-pulse fiber lasers and their applications,"Proc. SPIE Vol. 4426, pp. 483-488",http://dx.doi.org/10.1117/12.456810
Novel ultrashort pulse fiber lasers for micromachining applications,"RIKEN Rev. Vol. 43, pp. 23-27",http://www.riken.go.jp/lab-www/library/publication/review/conts/conts43.html
"THz-radiation emitter and receiver system based on a 2T permanent magnet, 1040 nm compact fiber laser and pyroelectric thermal receiver","Jpn. J. Appl. Phys. Vol. 40, No. 11B, pp. L1223-L1225",http://dx.doi.org/10.1143/JJAP.40.L1223
Generation of dual-wavelength pulses by frequency doubling with quasi-phase-matching gratings,"Opt. Lett. Vol. 26, No. 5, p. 268-270",http://dx.doi.org/10.1364/OL.26.000268
Generation of high-energy femtosecond pulses in multimode-core Yb-fiber chirped-pulse amplification systems,"Opt. Lett. Vol. 26, No. 12, pp. 935-937",http://dx.doi.org/10.1364/OL.26.000935
Millijoule femtosecond all-fiber system,2001 CLEO Tech. Digest pp. 1-2,http://dx.doi.org/10.1109/CLEO.2001.947386
Mode-scalable fiber-based chirped pulse amplification systems,"IEEE J. Quant. Elect. Vol.7, No. 4, pp. 504 -517",http://dx.doi.org/10.1109/2944.974221
"Novel emitter and receiver system for THz radiation consisting of a 2-T permanent magnet, a 1040-nm compact fiber laser, and a room-temperature-operating thermal receiver",2001 CLEO Tech. Digest p. 105,http://dx.doi.org/10.1109/CLEO.2001.947543
Pulse shaping by difference-frequency mixing with quasi-phase-matching gratings,"JOSA B. Vol. 18, No. 4, p. 534",http://dx.doi.org/10.1364/JOSAB.18.000534
Tunable narrow-band Terahertz generation from periodically poled Lithium Niobate,"Appl. Phys. Lett. Vol. 78, No. 23, pp. 3583-3585",http://dx.doi.org/10.1063/1.1373406
Ultra-broadband IR continuum generation and its phase measurement using cross-correlation FROG,2001 CLEO Tech. Digest pp. 198-200,http://dx.doi.org/10.1109/CLEO.2001.947702
100 μJ and 5.5 W Yb-fiber femtosecond chirped pulse amplifier system,2000 CLEO Tech. Digest p. 118,http://dx.doi.org/10.1109/CLEO.2000.906801
Bit error rate performance of ultrashort-pulse optical CDMA detection under multi-access interference,"Electr. Lett. Vol. 36, No. 21, pp. 1795-1797",http://dx.doi.org/10.1049/el:20001259
"Compact THz-radiation source consisting of bulk semiconductor, a mode-locked fiber laser and a 2-T permanent magnet","Rev. Sci. Instr. Vol. 71, No. 2, pp. 554-556",http://dx.doi.org/10.1063/1.1150240
Generation and propagation of high–power parabolic pulses in optical fibers,2000 CLEO Tech. Digest pp. 21-22,http://dx.doi.org/10.1109/CLEO.2000.906678
Generation of diffraction-limited femtosecond beams using spatially-multimode nanosecond pump sources in parametric chirped pulse amplification systems,2000 CLEO Tech. Digest pp. 394-395,http://dx.doi.org/10.1109/CLEO.2000.907166
Generation of narrow-band Terahertz radiation via optical rectification of femtosecond pulses in periodically poled Lithium Niobate,"Appl. Phys. Lett. Vol. 76, No. 18, pp. 2505-2507",http://dx.doi.org/10.1063/1.126390
"Highly efficient, low-noise Yb femtosecond fiber source",2000 CLEO Tech. Digest pp. 83-84,http://dx.doi.org/10.1109/CLEO.2000.906754
High-power compact ultrafast fiber laser,"Proc. SPIE Vol. 3942, pp. 194-200",http://proceedings.spiedigitallibrary.org/proceeding.aspx?articleid=918260
Narrow-band THz waveforms from optical rectification of femtosecond optical pulses in periodically poled Lithium Niobate,2000 CLEO Tech. Digest pp. 656-657,http://ieeexplore.ieee.org/document/907490/
Propagation and compression of high power parabolic pulses generating a high gain Yb:doped fiber amplifier,2000 LEOE Tech. Digest p. 1,http://ieeexplore.ieee.org/document/909949/
Self-similar propagation and amplification of Parabolic pulses in optical fibers,"Phys Rev. Lett. Vol. 84, No. 26, pp. 6010-6013",https://journals.aps.org/prl/abstract/10.1103/PhysRevLett.84.6010
Temperature dependence of narrow-band terahertz generation from periodically poled Lithium Niobate,"Appl. Phys. Lett. Vol. 77, No. 9, pp. 1244-1246",http://aip.scitation.org/doi/10.1063/1.1290046
THz generation and detection using 1550-nm pulses from a fiber laser,2000 CLEO Tech. Digest pp. 559-560,http://ieeexplore.ieee.org/document/907386/
Ultrafast fiber lasers: alternative light sources for industrial material processing,"Proc. SPIE Vol. 4088, pp. 201-204",http://proceedings.spiedigitallibrary.org/proceeding.aspx?articleid=914582
Ultrafast pulse sources based on multi-mode optical fibers,"Appl. Phys. B Vol. 70, No. 7, pp. 13-23",http://link.springer.com/article/10.1007%2Fs003400000287
Ultrashort-pulse second-harmonic generation with longitudinally nonuniform quasi-phase-matching gratings: pulse compression and shaping,"JOSA B Vol. 17, No. 2, pp. 304-318",https://www.osapublishing.org/josab/abstract.cfm?uri=josab-17-2-304
1.5 μm pulse shaping by degenerate type II DFG with QPM gratings,1999 CLEO Tech. Digest p. 190,http://dx.doi.org/10.1109/CLEO.1999.834066
Amplification in 1.2 – 1.7 μm communication window using OPA in PPLN waveguides,"Elect. Lett. Vol. 35, No. 9, pp. 731-733",http://dx.doi.org/10.1049/el:1999501
CW passive mode-locking evolved from Qswitch mode-locking in Erbium doped fiber lasers,1999 CLEO Tech. Digest pp. 440-441,http://dx.doi.org/10.1109/CLEO.1999.834420
Fiber lasers in ultrafast optics,"Proc. SPIE Vol. 3616, pp. 14-24",http://dx.doi.org/10.1117/12.351836
Low-noise amplification of high-power pulses in multimode fibers,"IEEE Phot. Tech. Lett. Vol. 11, No. 6, pp. 650-652",http://dx.doi.org/10.1109/68.766773
Nonlinearly limited saturable-absorber mode locking of an Erbium fiber laser,"Opt. Lett. Vol. 24, No. 15, pp. 1074-1076",http://dx.doi.org/10.1364/OL.24.001074
Passively mode-locked multi-mode fiber laser,1999 CLEO Tech. Digest p. 222,http://dx.doi.org/10.1109/CLEO.1999.834109
Portable THz system and its applications,"Proc. SPIE Vol. 3616, pp. 126-135",http://dx.doi.org/10.1117/12.351830
Pulse-resolved measurements of subharmonic oscillations in a Kerr-lens mode-locked Ti:Sapphire laser,"JOSA B Vol. 16, No. 2, pp. 339-344",http://dx.doi.org/10.1364/JOSAB.16.000339
Sub-THz transmission spectroscopy in liquids using a stand-alone compact unit,"1999 LEOS Conf. Proc. Vol. 2, pp. 576-577",http://dx.doi.org/10.1109/LEOS.1999.811858
Tunable Er3+ fiber femtosecond source amplified to W-level average power at 1.03 – 1.06 μm in Yb3+ fiber,1999 CLEO Tech. Digest p. CPD9/1,http://dx.doi.org/10.1109/CLEO.1999.834610
Ultra-wide tunable Er soliton fiber laser amplified in Yb-doped fiber,"Opt. Lett. Vol. 24, No. 20, pp. 1428-1430",http://dx.doi.org/10.1364/OL.24.001428
A new Magnesium alloy for automotive powertrain applications,SAE Tech. Paper 980086,http://dx.doi.org/10.4271/980086
"Chirped-pulse-amplification circuits for fiber amplifiers, based on chirped-period quasiphase-matching gratings","Opt. Lett. Vol. 23, No. 21, pp. 1695-1697",http://dx.doi.org/10.1364/OL.23.001695
"Compact, reliable fiber laser systems for industrial applications","Proc. SPIE Vol. 3269, pp. 26-35",http://dx.doi.org/10.1117/12.580606
Effects of cavity topology on the nonlinear dynamics of additive-pulse mode-locked lasers,"JOSA B Vol. 15, No. 12, pp. 2847-2853",http://dx.doi.org/10.1364/JOSAB.15.002847
Effects of confinement on carrier dynamics in In0.47Ga0.53As heterostructures,"Phys. Rev. B Vol. 58, No. 24, pp. 16326-16332",http://dx.doi.org/10.1103/PhysRevB.58.16326
Efficient Q-switched Ti:Er:LiNbO3 waveguide laser,"Elect. Lett. Vol. 34, No. 12, pp. 1228-1230",http://dx.doi.org/10.1049/el:19980888
Engineerable femtosecond pulse shaping by second-harmonic generation with Fourier synthetic quasi-phase-matching gratings,"Opt. Lett. Vol. 23, No. 11, pp. 864-866",http://dx.doi.org/10.1364/OL.23.000864
Frequency doubling of Er-doped multimode fiber compressor-amplifiers,1998 CLEO Tech. Digest pp. 189-190,http://dx.doi.org/10.1109/CLEO.1998.676037
High-energy femtosecond pulse amplification in a quasi-phase-matched parametric amplifier,"Opt. Lett. Vol. 23, No. 3, pp. 210-212",http://dx.doi.org/10.1364/OL.23.000210
High-energy high-average-power femtosecond fiber system using a QPM-grating pulse compressor,1998 CLEO Tech. Digest p. 364,http://dx.doi.org/10.1109/CLEO.1998.676310
High-power 100-fs pulse generation by frequency doubling of an Erbium-Ytterbium-fiber master oscillator power amplifier,"Opt. Lett. Vol. 23, No. 23, pp. 1840-1842",http://dx.doi.org/10.1364/OL.23.001840
High-power side-pumped passively mode-locked Er-Yb fiber laser,"IEEE Phot. Tech. Lett. Vol. 10, No. 9, pp. 1247-1249",http://dx.doi.org/10.1109/68.705605
High-power single-mode fiber amplifiers using multimode fibers,1998 OFC Tech. Digest pp. 39-40,http://dx.doi.org/10.1109/OFC.1998.657185
"Microlaser pumped, engineerable bandwidth parametric chirped-pulse amplifier using electric-field-poled LiNbO3",1998 CLEO Tech. Digest pp. 16-17,http://dx.doi.org/10.1109/CLEO.1998.675801
Noise considerations for ultrafast measurements,"1998 LEOS Conf. Proc. Vol. 1, pp. 223-224",http://dx.doi.org/10.1109/LEOS.1998.737810
Robust high-power and wavelength-tunable femtosecond fiber system based on engineerable PPLN devices,Nonlin. Opt. 1998 Conf. Proc. pp. 265-267,http://dx.doi.org/10.1109/NLO.1998.710278
Single-mode excitation of multimode optical fibers with ultrashort pulses,"Opt. Lett. Vol. 23, No. 1, pp. 52-54",http://dx.doi.org/10.1364/OL.23.000052
Time-domain jitter measurement of ultrafast fiber lasers,1998 CLEO Tech. Digest pp. 188-189,http://dx.doi.org/10.1109/CLEO.1998.676035
Use of volume chirped Bragg gratings for compact high-energy chirped pulse amplification circuits,1998 CLEO Tech. Digest p. 362,http://dx.doi.org/10.1109/CLEO.1998.676304
A monolithic Gallium Arsenide interval timer IC with integrated PLL clock synthesis having 500-ps single shot resolution,"IEEE J. Solid-state Circ. Vol. 32, No. 9, pp. 1350-1356",http://dx.doi.org/10.1109/4.628738
Cladding-pumped fiber laser amplifier system generating 100 μJ energy picosecond pulses,"1997 CLEO Conf. Proc. Vol. 11, pp. 475 -476",http://dx.doi.org/10.1109/CLEO.1997.603463
Effect of confinement on energy-dependent dephasing in heterostructures,"Phys. Rev. B Vol. 55, No. 23, p.15768",http://dx.doi.org/10.1103/PhysRevB.55.15768
Engineerable compression of ultrashort pulses by use of second-harmonic generation in chirped-period-poled Lithium Niobate,"Opt. Lett. Vol. 22, No. 17, pp. 1341-1343",http://dx.doi.org/10.1364/OL.22.001341
Fiber-lasers for ultrafast optics,"J. Appl. Phys. B Vol. 65, No. 2, pp. 259-275",http://dx.doi.org/10.1007/s003400050272
Fiber-laser-based femtosecond parametric generator in bulk periodically poled LiNbO3,"Opt. Lett. Vol. 22, No. 2, pp. 105-107",http://dx.doi.org/10.1364/OL.22.000105
Frequency doubling of femtosecond erbium-fiber soliton lasers in periodically poled Lithium Niobate,"Opt. Lett. Vol. 22, No. 1, pp. 13-15",http://dx.doi.org/10.1364/OL.22.000013
A new method for rapid temporal scanning of ultrafast lasers,"IEEE J. Select. Top. Quant. Elect. Vol. 2, No. 3, pp. 605-621",http://dx.doi.org/10.1109/2944.571759
Alexandrite-pumped Alexandrite regenerative amplifier for femtosecond pulse amplification,"Opt. Lett. Vol. 21, No. 2, pp. 128-130",http://dx.doi.org/10.1364/OL.21.000128
Broad-area diode-pumped 1 W femtosecond fiber system,"1996 CLEO Tech. Digest, pp. 495-496",http://ieeexplore.ieee.org/document/864974/
Cladding pumped passive harmonically mode-locked fiber laser,"Opt. Lett. Vol. 21, No. 13, pp. 970-972",http://dx.doi.org/10.1364/OL.21.000970
Cladding-pumped passively mode-locked fiber laser generating femtosecond and picosecond pulses,"Opt. Lett. Vol. 21, No. 13, pp. 967- 969",http://dx.doi.org/10.1364/OL.21.000967
Femtosecond watt-level fiber amplification circuits,"1996 LEOS Conf. Proc. Vol. 1, pp. 127-128",http://dx.doi.org/10.1109/LEOS.1996.565158
Injection of ultrafast regenerative amplifiers with low energy femtosecond pulses from an Er-doped fiber laser,"Opt. Comm. Vol. 132, No. 5-6, pp. 469-473",http://dx.doi.org/10.1016/0030-4018(96)00403-8
Monolithic polarization-insensitive passively mode-locked fiber laser,1996 OFC Conf. Proc. pp. 4-5,http://dx.doi.org/10.1109/OFC.1996.907589
Nanosecond-to-picosecond pulse compression with fiber gratings in a compact fiber-based chirped pulse amplification system,"Opt. Lett. Vol. 21, No. 14, pp. 1049-1051",http://dx.doi.org/10.1364/OL.21.001049
Nonlinear effects in femtosecond pulse amplification using chirped fiber gratings,1996 OFC Conf. Proc. pp. 225 -226,http://dx.doi.org/10.1109/OFC.1996.908245
"Synchronization of environmentally coupled, passively mode-locked fiber lasers","Opt. Lett. Vol. 4, No. 19, pp. 1570-1572",http://dx.doi.org/10.1364/OL.21.001570
All-fiber femtosecond pulse amplification circuit using chirped Bragg gratings,"App. Phys. Lett. Vol. 66, No.9, pp.1053-1055",http://dx.doi.org/10.1063/1.113571
Compact ultrahigh-power laser systems,"Proc. SPIE Vol. 2377, pp. 117-126",http://dx.doi.org/10.1117/12.206403
Controllable dual-wavelength operation of a femtosecond Neodymium fiber laser,"Opt. Lett. Vol. 20, No. 2, pp. 195-197",http://dx.doi.org/10.1364/OL.20.000195
Environmentally stable high-power soliton fiber lasers that use chirped fiber Bragg gratings,"Opt. Lett. Vol. 20, No. 15, pp. 1625 – 1627",http://dx.doi.org/10.1364/OL.20.001625
Femtosecond pulse amplification in cladding-pumped fibers,"Opt. Lett. Vol. 20, No. 17, pp. 1797 – 1799",http://dx.doi.org/10.1364/OL.20.001797
Generation of 10 nJ picosecond pulses from a modelocked fiber laser,"Elect. Lett. Vol. 31, No. 3, pp. 194-195",http://dx.doi.org/10.1049/el:19950147
High-power Neodymium soliton fiber laser that uses a chirped fiber grating,"Opt. Lett. Vol. 20, No. 16, pp. 1701-1703",http://dx.doi.org/10.1364/OL.20.001701
Period-doubling and quasi-periodicity in additive-pulse mode-locked lasers,"Opt. Lett. Vol. 20, No. 17, pp. 1794-1796",http://dx.doi.org/10.1364/OL.20.001794
Widely tunable femtosecond Neodymium fiber laser,"Opt. Lett. Vo.l 20, No. 22, pp. 2303-2305",http://dx.doi.org/10.1364/OL.20.002303
All-fiber source of 100 nJ subpicosecond pulses,"Appl. Phys. Lett. Vol. 64, No. 11, pp. 1315-1317",http://dx.doi.org/10.1063/1.111919
Carrier relaxation in InGaAs heterostructures,"App. Phys. Lett. Vol. 65, No. 12, pp. 1486-1488",http://dx.doi.org/10.1063/1.112020
Environmentally stable Kerr-type mode-locked Erbium fiber laser producing 360 fs pulses,"Opt. Lett. Vol. 19, No. 1, pp. 43-45",http://dx.doi.org/10.1364/OL.19.000043
High-power amplification of femtosecond optical pulses in a diode-pumped fiber system,"Opt. Lett. Vol. 19, No. 16, pp. 1201-1203",http://dx.doi.org/10.1364/OL.19.001201
Hybrid diode-laser fiber-amplifier source of high-energy ultrashort pulses,"Opt. Lett. Vol 19, No. 14, pp.1043-1045",http://dx.doi.org/10.1364/OL.19.001043
Ultrafast dynamics of the optical mode of a 1.5 micron multiple quantum well optical amplifier,"Appl. Phys. Lett. Vol. 64, No. 21, pp. 2861-2863",http://dx.doi.org/10.1063/1.111450
Ultrashort pulse sources based on single-mode rare-earth-doped fibers,"J. Appl. Phys. B Vol. 58, No. 3, pp. 197-209",http://dx.doi.org/10.1007/BF01081312
42 fs pulse generation from a mode-locked fiber laser started with a moving mirror,"Opt. Lett. Vol. 18, No. 5, pp. 367-369",http://dx.doi.org/10.1364/OL.18.000367
Generation of femtosecond optical pulses with nanoJoule energy from a diode laser and fiber based system,"App. Phys. Lett. Vol. 63, No. 13, pp. 1742-1744",http://dx.doi.org/10.1063/1.110701
Generation of pulses shorter than 200 fs from a passively mode-locked Er fiber laser,"Opt. Lett. Vol. 18, No. 1, pp. 48-50",http://dx.doi.org/10.1364/OL.18.000048
Passive mode locking in Erbium fiber laser with negative group delay,"Appl. Phys. Lett. Vol. 62, No. 9, pp. 910-912",http://dx.doi.org/10.1063/1.108516
Shaping of ultrashort optical pulses by using an integrated acousto-optic tunable filter,"Opt. Lett. Vol. 18, No. 18, pp. 1505-1507",http://dx.doi.org/10.1364/OL.18.001505
Synchronous mode locking using pump-induced phase modulation,"Opt. Lett. Vol. 18, No. 18, 1993, pp. 1529-1531",http://dx.doi.org/10.1364/OL.18.001529
Characterization of ultrashort pulse formation in passively mode-locked fiber lasers,"IEEE J. Quant. Elect. Vol. 28, No. 3, pp. 720-728",http://dx.doi.org/10.1109/3.124997
Real-time picosecond electro-optic oscilloscope technique using a tunable semiconductor laser,"Appl. Phys. Lett. Vol. 60, No. 2, pp. 145-147",http://dx.doi.org/10.1063/1.107456
Recent advances in ultrashort optical pulse shaping for high-speed communications,1992 LEOS Conf. Proc. pp. A41-A42,http://dx.doi.org/10.1109/LEOSST.1992.697422
Regenerative amplification in Alexandrite of pulses from specialized oscillators,"IEEE J. Quant. Elect. Vol. 24, No. 6, pp. 1167-1171",http://dx.doi.org/10.1109/3.239
