career_age_t,p_observed,p_conditional_null,cdf_observed,cdf_conditional_null,cdf_gap
0,0.014,0.025299124959460833,0.014,0.025299124959460833,-0.011299124959460833
1,0.004,0.014128626684572725,0.018000000000000002,0.03942775164403356,-0.021427751644033557
2,0.016,0.014490550176247256,0.034,0.05391830182028082,-0.019918301820280815
3,0.018000000000000002,0.018986676866742568,0.052000000000000005,0.07290497868702339,-0.020904978687023387
4,0.014,0.021006964560283344,0.066,0.09391194324730673,-0.027911943247306725
5,0.012,0.019225067532630955,0.078,0.11313701077993768,-0.03513701077993768
6,0.008,0.021081699991379568,0.086,0.13421871077131725,-0.04821871077131726
7,0.018000000000000002,0.022125690835792508,0.104,0.15634440160710977,-0.05234440160710978
8,0.01,0.02249765001955294,0.11399999999999999,0.17884205162666272,-0.06484205162666273
9,0.016,0.02290219437062108,0.13,0.2017442459972838,-0.0717442459972838
10,0.022000000000000006,0.023982231102807533,0.15200000000000002,0.22572647710009133,-0.07372647710009131
11,0.018000000000000002,0.025928041304821056,0.17000000000000004,0.2516545184049124,-0.08165451840491234
12,0.02800000000000001,0.026368097070394607,0.19800000000000006,0.278022615475307,-0.08002261547530692
13,0.016,0.027559015297879477,0.21400000000000008,0.30558163077318645,-0.09158163077318637
14,0.024000000000000007,0.027388893447432883,0.2380000000000001,0.33297052422061935,-0.09497052422061925
15,0.014,0.02868559214879818,0.2520000000000001,0.3616561163694175,-0.10965611636941741
16,0.02600000000000001,0.02632552410350029,0.27800000000000014,0.38798164047291783,-0.1099816404729177
17,0.018000000000000002,0.02800962801575538,0.29600000000000015,0.41599126848867324,-0.11999126848867309
18,0.020000000000000004,0.028389718179040794,0.31600000000000017,0.44438098666771403,-0.12838098666771386
19,0.024000000000000007,0.028725436480327365,0.3400000000000002,0.4731064231480414,-0.13310642314804122
20,0.032000000000000015,0.03004861058529688,0.3720000000000002,0.5031550337333383,-0.13115503373333803
21,0.044000000000000025,0.028848991041206827,0.41600000000000026,0.5320040247745451,-0.11600402477454486
22,0.024000000000000007,0.02941265808339687,0.4400000000000003,0.561416682857942,-0.12141668285794172
23,0.02800000000000001,0.02826180993492794,0.4680000000000003,0.58967849279287,-0.12167849279286969
24,0.03800000000000002,0.027991766208904294,0.5060000000000003,0.6176702590017743,-0.11167025900177396
25,0.024000000000000007,0.02767465941016851,0.5300000000000004,0.6453449184119429,-0.1153449184119425
26,0.034000000000000016,0.02626968549329577,0.5640000000000004,0.6716146039052386,-0.10761460390523825
27,0.018000000000000002,0.024169280049327828,0.5820000000000004,0.6957838839545665,-0.11378388395456607
28,0.032000000000000015,0.02512102726536962,0.6140000000000004,0.720904911219936,-0.10690491121993562
29,0.018000000000000002,0.022417383056278037,0.6320000000000005,0.7433222942762141,-0.11132229427621365
30,0.020000000000000004,0.02143106803850313,0.6520000000000005,0.7647533623147172,-0.11275336231471678
31,0.02600000000000001,0.02015708165481778,0.6780000000000005,0.784910443969535,-0.10691044396953453
32,0.024000000000000007,0.020423598701702673,0.7020000000000005,0.8053340426712376,-0.10333404267123714
33,0.020000000000000004,0.01694727773912195,0.7220000000000005,0.8222813204103596,-0.10028132041035909
34,0.03600000000000002,0.01694858007072354,0.7580000000000006,0.8392299004810831,-0.08122990048108258
35,0.024000000000000007,0.015190197985092673,0.7820000000000006,0.8544200984661758,-0.07242009846617525
36,0.02800000000000001,0.015280717407896304,0.8100000000000006,0.8697008158740721,-0.0597008158740715
37,0.022000000000000006,0.012726329740099674,0.8320000000000006,0.8824271456141718,-0.050427145614171165
38,0.020000000000000004,0.012045176926336106,0.8520000000000006,0.8944723225405079,-0.04247232254050726
39,0.012,0.011175097799903479,0.8640000000000007,0.9056474203404113,-0.04164742034041069
40,0.006,0.01115059707251936,0.8700000000000007,0.9167980174129307,-0.04679801741292999
41,0.022000000000000006,0.009560827296780957,0.8920000000000007,0.9263588447097116,-0.034358844709710956
42,0.016,0.009524681543669856,0.9080000000000007,0.9358835262533814,-0.027883526253380753
43,0.014,0.00877133310168085,0.9220000000000007,0.9446548593550623,-0.02265485935506162
44,0.008,0.008211926874963377,0.9300000000000007,0.9528667862300257,-0.022866786230025027
45,0.004,0.007087969342504616,0.9340000000000007,0.9599547555725304,-0.025954755572529686
46,0.01,0.006229270748095256,0.9440000000000007,0.9661840263206256,-0.022184026320624883
47,0.012,0.005886198495303714,0.9560000000000007,0.9720702248159293,-0.01607022481592857
48,0.004,0.004733016670507018,0.9600000000000007,0.9768032414864363,-0.016803241486435527
49,0.008,0.004001313827015928,0.9680000000000007,0.9808045553134522,-0.012804555313451482
50,0.006,0.0030751082417700046,0.9740000000000008,0.9838796635552223,-0.009879663555221518
51,0.006,0.0031756740161309385,0.9800000000000008,0.9870553375713532,-0.00705533757135246
52,0.004,0.002395649605221879,0.9840000000000008,0.9894509871765751,-0.005450987176574329
53,0.0,0.002384948360764664,0.9840000000000008,0.9918359355373397,-0.007835935537338967
54,0.004,0.0017881997959080722,0.9880000000000008,0.9936241353332478,-0.005624135333247016
55,0.008,0.0024198204466169284,0.9960000000000008,0.9960439557798647,-4.395577986393562e-05
56,0.004,0.0015849047042855995,1.0000000000000007,0.9976288604841503,0.002371139515850329
57,0.0,0.0007176113029295365,1.0000000000000007,0.9983464717870799,0.0016535282129207518
58,0.0,0.0006104193878310716,1.0000000000000007,0.9989568911749109,0.0010431088250897336
59,0.0,0.0004807122111914114,1.0000000000000007,0.9994376033861023,0.0005623966138983416
60,0.0,0.0005623966138974872,1.0000000000000007,0.9999999999999998,8.881784197001252e-16
